[CSV]host,iter,algo,n,avgDeg,alpha,T,R,TimeTotal,GenNumEdge,GenAvgDeg
[CSV]thomas-desktop,0,Embedder,10000,10,0.6,0,19.2056,42.2871,48717,9.7434
[CSV]thomas-desktop,0,Embedder,10000,10,0.6,0,19.2056,36.5113,49712,9.9424
[CSV]thomas-desktop,0,Embedder,21544,10,0.6,0,20.8558,46.8977,92893,8.62356
[CSV]thomas-desktop,0,Embedder,46415,10,0.6,0,22.4896,115.878,211877,9.12968
[CSV]thomas-desktop,0,Embedder,100000,10,0.6,0,24.112,283.585,538684,10.7737
[CSV]thomas-desktop,0,Embedder,215443,10,0.6,0,25.7171,677.258,1175951,10.9166
[CSV]thomas-desktop,0,Embedder,464158,10,0.6,0,27.3193,1458.4,2100495,9.05078
[CSV]thomas-desktop,0,Embedder,1000000,10,0.6,0,28.9054,3627.21,4558798,9.1176
[CSV]thomas-desktop,0,Embedder,2154434,10,0.6,0,30.488,9802.07,11164135,10.3639
[CSV]thomas-desktop,0,Embedder,4641588,10,0.6,0,32.0655,15587.7,24940868,10.7467
[CSV]thomas-desktop,0,Embedder,10000000,10,0.6,0,33.6363,34751.6,50742082,10.1484
[CSV]thomas-desktop,0,Embedder,21544346,10,0.6,0,35.2051,80064.7,108896522,10.1091
[CSV]thomas-desktop,0,Embedder,46415888,10,0.6,0,36.7676,180430,231607934,9.97968
[CSV]thomas-desktop,0,Embedder,10000,100,0.6,0,14.0942,191.802,500636,100.127
[CSV]thomas-desktop,0,Embedder,10000,100,0.6,0,14.0942,173.015,426619,85.3238
[CSV]thomas-desktop,0,Embedder,21544,100,0.6,0,15.8307,471.448,1047192,97.2143
[CSV]thomas-desktop,0,Embedder,46415,100,0.6,0,17.531,1209.72,2303800,99.2696
[CSV]thomas-desktop,0,Embedder,100000,100,0.6,0,19.2046,2816.84,4812307,96.2461
[CSV]thomas-desktop,0,Embedder,215443,100,0.6,0,20.8564,3850.39,11007325,102.183
[CSV]thomas-desktop,0,Embedder,464158,100,0.6,0,22.4907,9061.76,22928290,98.7952
[CSV]thomas-desktop,0,Embedder,1000000,100,0.6,0,24.1109,22542.3,51693723,103.387
[CSV]thomas-desktop,0,Embedder,2154434,100,0.6,0,25.7189,51366.6,100702021,93.4835
[CSV]thomas-desktop,0,Embedder,4641588,100,0.6,0,27.3174,122458,220541282,95.0284
[CSV]thomas-desktop,0,Embedder,21544,1000,0.6,0,10.4538,4313.7,9950047,923.695
[CSV]thomas-desktop,0,Embedder,46415,1000,0.6,0,12.309,11870.2,21779814,938.482
[CSV]thomas-desktop,0,Embedder,100000,1000,0.6,0,14.0941,17803.2,48166889,963.338
[CSV]thomas-desktop,0,Embedder,215443,1000,0.6,0,15.8305,46477.5,105725804,981.474
[CSV]thomas-desktop,0,Embedder,464158,1000,0.6,0,17.5312,116714,230423786,992.868
[CSV]thomas-desktop,0,Embedder,10000,10,1,0,15.683,29.2091,49613,9.9226
[CSV]thomas-desktop,0,Embedder,10000,10,1,0,15.683,29.6537,49995,9.999
[CSV]thomas-desktop,0,Embedder,21544,10,1,0,17.2179,68.9032,109326,10.1491
[CSV]thomas-desktop,0,Embedder,46415,10,1,0,18.7527,147.834,231870,9.99117
[CSV]thomas-desktop,0,Embedder,100000,10,1,0,20.2913,325.629,488524,9.77048
[CSV]thomas-desktop,0,Embedder,215443,10,1,0,21.8265,752.258,1064607,9.88296
[CSV]thomas-desktop,0,Embedder,464158,10,1,0,23.3616,1711.71,2326804,10.0259
[CSV]thomas-desktop,0,Embedder,1000000,10,1,0,24.8968,3912.31,5017465,10.0349
[CSV]thomas-desktop,0,Embedder,2154434,10,1,0,26.4319,5366.95,10746176,9.97587
[CSV]thomas-desktop,0,Embedder,4641588,10,1,0,27.9671,12501.8,23117386,9.96098
[CSV]thomas-desktop,0,Embedder,10000000,10,1,0,29.5022,29367.8,49917539,9.98351
[CSV]thomas-desktop,0,Embedder,21544346,10,1,0,31.0374,68098.7,107579062,9.98676
[CSV]thomas-desktop,0,Embedder,46415888,10,1,0,32.5725,155241,232021917,9.99752
[CSV]thomas-desktop,0,Embedder,10000,100,1,0,11.0622,392.802,488151,97.6302
[CSV]thomas-desktop,0,Embedder,10000,100,1,0,11.0622,401.798,532097,106.419
[CSV]thomas-desktop,0,Embedder,21544,100,1,0,12.6063,462.609,1042559,96.7842
[CSV]thomas-desktop,0,Embedder,46415,100,1,0,14.1455,1125.49,2366800,101.984
[CSV]thomas-desktop,0,Embedder,100000,100,1,0,15.683,2537.96,4979009,99.5802
[CSV]thomas-desktop,0,Embedder,215443,100,1,0,17.2191,5909.12,10759146,99.8793
[CSV]thomas-desktop,0,Embedder,464158,100,1,0,18.7545,13444.1,23336388,100.554
[CSV]thomas-desktop,0,Embedder,1000000,100,1,0,20.2899,30319,50098839,100.198
[CSV]thomas-desktop,0,Embedder,2154434,100,1,0,21.825,70625,107920965,100.185
[CSV]thomas-desktop,0,Embedder,4641588,100,1,0,23.36,155439,232389908,100.134
[CSV]thomas-desktop,0,Embedder,21544,1000,1,0,7.93843,6594.66,10725089,995.645
[CSV]thomas-desktop,0,Embedder,46415,1000,1,0,9.50959,16232.7,23086940,994.805
[CSV]thomas-desktop,0,Embedder,100000,1000,1,0,11.0624,38662.1,49794062,995.881
[CSV]thomas-desktop,0,Embedder,215443,1000,1,0,12.6062,46516.4,107951019,1002.13
[CSV]thomas-desktop,0,Embedder,464158,1000,1,0,14.1456,108219,231867514,999.089
[CSV]thomas-desktop,0,Embedder,10000,10,0.6,0.5,20.9825,123.892,25149,5.0298
[CSV]thomas-desktop,0,Embedder,10000,10,0.6,0.5,20.9825,123.46,23776,4.7552
[CSV]thomas-desktop,0,Embedder,21544,10,0.6,0.5,22.5176,254.288,63570,5.90141
[CSV]thomas-desktop,0,Embedder,46415,10,0.6,0.5,24.0526,493.014,122740,5.28881
[CSV]thomas-desktop,0,Embedder,100000,10,0.6,0.5,25.5877,989.045,268265,5.3653
[CSV]thomas-desktop,0,Embedder,215443,10,0.6,0.5,27.1228,2029.2,721297,6.69594
[CSV]thomas-desktop,0,Embedder,464158,10,0.6,0.5,28.6578,4178.1,1464917,6.31215
[CSV]thomas-desktop,0,Embedder,1000000,10,0.6,0.5,30.1929,9208.61,4141553,8.28311
[CSV]thomas-desktop,0,Embedder,2154434,10,0.6,0.5,31.7279,19429.3,7967911,7.39676
[CSV]thomas-desktop,0,Embedder,4641588,10,0.6,0.5,33.263,42209.6,17959813,7.73865
[CSV]thomas-desktop,0,Embedder,10000000,10,0.6,0.5,34.7981,128232,35176559,7.03531
[CSV]thomas-desktop,0,Embedder,10000,100,0.6,0.5,16.3774,129.349,230251,46.0502
[CSV]thomas-desktop,0,Embedder,10000,100,0.6,0.5,16.3774,133.96,225419,45.0838
[CSV]thomas-desktop,0,Embedder,21544,100,0.6,0.5,17.9124,307.311,516044,47.9061
[CSV]thomas-desktop,0,Embedder,46415,100,0.6,0.5,19.4475,493.235,1115566,48.0692
[CSV]thomas-desktop,0,Embedder,100000,100,0.6,0.5,20.9825,1171.2,2708930,54.1786
[CSV]thomas-desktop,0,Embedder,215443,100,0.6,0.5,22.5176,2543.2,5465834,50.7404
[CSV]thomas-desktop,0,Embedder,464158,100,0.6,0.5,24.0527,6210.96,13427951,57.8594
[CSV]thomas-desktop,0,Embedder,1000000,100,0.6,0.5,25.5877,14693.7,29920017,59.84
[CSV]thomas-desktop,0,Embedder,2154434,100,0.6,0.5,27.1228,36120.3,69409413,64.434
[CSV]thomas-desktop,0,Embedder,4641588,100,0.6,0.5,28.6578,83155.8,151282940,65.1859
[CSV]thomas-desktop,0,Embedder,21544,1000,0.6,0.5,13.3072,1668.45,3676741,341.324
[CSV]thomas-desktop,0,Embedder,46415,1000,0.6,0.5,14.8423,4338.97,9002131,387.897
[CSV]thomas-desktop,0,Embedder,100000,1000,0.6,0.5,16.3774,11130.1,21758340,435.167
[CSV]thomas-desktop,0,Embedder,215443,1000,0.6,0.5,17.9124,28044.8,52245295,485.003
[CSV]thomas-desktop,0,Embedder,464158,1000,0.6,0.5,19.4475,37644.6,106703892,459.774
[CSV]thomas-desktop,0,Embedder,1000000,1000,0.6,0.5,20.9825,89950.5,245954448,491.909
[CSV]thomas-desktop,0,Embedder,2154434,1000,0.6,0.5,22.5176,222035,580282654,538.687
[CSV]thomas-desktop,0,Embedder,10000,10,1,0.5,16.5881,44.4635,45419,9.0838
[CSV]thomas-desktop,0,Embedder,10000,10,1,0.5,16.5881,44.4724,44899,8.9798
[CSV]thomas-desktop,0,Embedder,21544,10,1,0.5,18.1231,87.2683,86720,8.0505
[CSV]thomas-desktop,0,Embedder,46415,10,1,0.5,19.6582,182.089,191473,8.25048
[CSV]thomas-desktop,0,Embedder,100000,10,1,0.5,21.1933,384.909,421427,8.42854
[CSV]thomas-desktop,0,Embedder,215443,10,1,0.5,22.7283,820.343,911414,8.46084
[CSV]thomas-desktop,0,Embedder,464158,10,1,0.5,24.2634,1726.91,1984345,8.5503
[CSV]thomas-desktop,0,Embedder,1000000,10,1,0.5,25.7984,3890.59,4307350,8.6147
[CSV]thomas-desktop,0,Embedder,2154434,10,1,0.5,27.3335,8926.84,9440062,8.76338
[CSV]thomas-desktop,0,Embedder,4641588,10,1,0.5,28.8686,20432.2,20471191,8.82077
[CSV]thomas-desktop,0,Embedder,10000000,10,1,0.5,30.4036,45987.3,44487857,8.89757
[CSV]thomas-desktop,0,Embedder,21544346,10,1,0.5,31.9387,95640.3,87576675,8.1299
[CSV]thomas-desktop,0,Embedder,46415888,10,1,0.5,33.4737,205420,190924967,8.22671
[CSV]thomas-desktop,0,Embedder,10000,100,1,0.5,11.9829,247.935,422941,84.5882
[CSV]thomas-desktop,0,Embedder,10000,100,1,0.5,11.9829,242.213,414154,82.8308
[CSV]thomas-desktop,0,Embedder,21544,100,1,0.5,13.518,556.649,889610,82.5854
[CSV]thomas-desktop,0,Embedder,46415,100,1,0.5,15.053,1277.55,1989803,85.7397
[CSV]thomas-desktop,0,Embedder,100000,100,1,0.5,16.5881,3089.52,4398043,87.9609
[CSV]thomas-desktop,0,Embedder,215443,100,1,0.5,18.1232,3582.21,8151143,75.6687
[CSV]thomas-desktop,0,Embedder,464158,100,1,0.5,19.6582,7987.88,17978782,77.4684
[CSV]thomas-desktop,0,Embedder,1000000,100,1,0.5,21.1933,18326.3,39611603,79.2232
[CSV]thomas-desktop,0,Embedder,2154434,100,1,0.5,22.7283,41496.8,86257920,80.0748
[CSV]thomas-desktop,0,Embedder,4641588,100,1,0.5,24.2634,91475.4,189460061,81.6359
[CSV]thomas-desktop,0,Embedder,10000000,100,1,0.5,25.7984,202882,414378161,82.8756
[CSV]thomas-desktop,0,Embedder,21544,1000,1,0.5,8.91278,3919.41,8206502,761.836
[CSV]thomas-desktop,0,Embedder,46415,1000,1,0.5,10.4478,9563.99,18728720,807.012
[CSV]thomas-desktop,0,Embedder,100000,1000,1,0.5,11.9829,22532.1,41422249,828.445
[CSV]thomas-desktop,0,Embedder,215443,1000,1,0.5,13.518,52607,90678634,841.788
[CSV]thomas-desktop,0,Embedder,464158,1000,1,0.5,15.053,121560,196848014,848.194
[CSV]thomas-desktop,0,Embedder,10000,10,0.6,0.9,24.5068,422.252,12825,2.565
[CSV]thomas-desktop,0,Embedder,10000,10,0.6,0.9,24.5068,418.219,13147,2.6294
[CSV]thomas-desktop,0,Embedder,21544,10,0.6,0.9,26.0419,809.544,26889,2.49619
[CSV]thomas-desktop,0,Embedder,46415,10,0.6,0.9,27.5769,1568.6,54569,2.35135
[CSV]thomas-desktop,0,Embedder,100000,10,0.6,0.9,29.112,3136.45,124860,2.4972
[CSV]thomas-desktop,0,Embedder,215443,10,0.6,0.9,30.6471,12389.6,288592,2.67906
[CSV]thomas-desktop,0,Embedder,464158,10,0.6,0.9,32.1821,24878.1,587064,2.52959
[CSV]thomas-desktop,0,Embedder,1000000,10,0.6,0.9,33.7172,50120,1329417,2.65883
[CSV]thomas-desktop,0,Embedder,2154434,10,0.6,0.9,35.2522,100761,2840995,2.63735
[CSV]thomas-desktop,0,Embedder,10000,100,0.6,0.9,19.9017,92.5821,64165,12.833
[CSV]thomas-desktop,0,Embedder,10000,100,0.6,0.9,19.9017,90.3145,58354,11.6708
[CSV]thomas-desktop,0,Embedder,21544,100,0.6,0.9,21.4367,188.519,134870,12.5204
[CSV]thomas-desktop,0,Embedder,46415,100,0.6,0.9,22.9717,400.557,329682,14.2058
[CSV]thomas-desktop,0,Embedder,100000,100,0.6,0.9,24.5068,830.716,784552,15.691
[CSV]thomas-desktop,0,Embedder,215443,100,0.6,0.9,26.0419,1785.89,1866032,17.3227
[CSV]thomas-desktop,0,Embedder,464158,100,0.6,0.9,27.5769,3666.63,3679117,15.8529
[CSV]thomas-desktop,0,Embedder,1000000,100,0.6,0.9,29.112,8416.61,8312383,16.6248
[CSV]thomas-desktop,0,Embedder,21544,1000,0.6,0.9,16.8315,326.067,800231,74.2881
[CSV]thomas-desktop,0,Embedder,46415,1000,0.6,0.9,18.3666,816.067,2044432,88.0936
[CSV]thomas-desktop,0,Embedder,100000,1000,0.6,0.9,19.9017,1946.07,4887693,97.7539
[CSV]thomas-desktop,0,Embedder,215443,1000,0.6,0.9,21.4367,4485.46,11068393,102.75
[CSV]thomas-desktop,0,Embedder,464158,1000,0.6,0.9,22.9718,10631.9,25451203,109.666
[CSV]thomas-desktop,0,Embedder,1000000,1000,0.6,0.9,24.5068,26288.4,60963962,121.928
[CSV]thomas-desktop,0,Embedder,10000,10,1,0.9,20.1124,72.5335,16005,3.201
[CSV]thomas-desktop,0,Embedder,10000,10,1,0.9,20.1124,72.7791,16440,3.288
[CSV]thomas-desktop,0,Embedder,21544,10,1,0.9,21.6474,148.007,35968,3.33903
[CSV]thomas-desktop,0,Embedder,46415,10,1,0.9,23.1825,293.955,77883,3.35594
[CSV]thomas-desktop,0,Embedder,100000,10,1,0.9,24.7176,569.912,168989,3.37978
[CSV]thomas-desktop,0,Embedder,215443,10,1,0.9,26.2526,1111.29,366201,3.39952
[CSV]thomas-desktop,0,Embedder,464158,10,1,0.9,27.7877,3829.25,760704,3.27778
[CSV]thomas-desktop,0,Embedder,1000000,10,1,0.9,29.3227,8062.02,1634937,3.26987
[CSV]thomas-desktop,0,Embedder,2154434,10,1,0.9,30.8578,16777.9,3557925,3.30289
[CSV]thomas-desktop,0,Embedder,4641588,10,1,0.9,32.3928,34845.6,7674697,3.30693
[CSV]thomas-desktop,0,Embedder,10000000,10,1,0.9,33.9279,72170.3,16607825,3.32157
[CSV]thomas-desktop,0,Embedder,21544346,10,1,0.9,35.463,149206,35983676,3.34043
[CSV]thomas-desktop,0,Embedder,10000,100,1,0.9,15.5072,47.6042,80181,16.0362
[CSV]thomas-desktop,0,Embedder,10000,100,1,0.9,15.5072,46.3411,75441,15.0882
[CSV]thomas-desktop,0,Embedder,21544,100,1,0.9,17.0422,104.665,172408,16.0052
[CSV]thomas-desktop,0,Embedder,46415,100,1,0.9,18.5773,229.152,394270,16.9889
[CSV]thomas-desktop,0,Embedder,100000,100,1,0.9,20.1124,489.58,851704,17.0341
[CSV]thomas-desktop,0,Embedder,215443,100,1,0.9,21.6474,1092.02,1916422,17.7905
[CSV]thomas-desktop,0,Embedder,464158,100,1,0.9,23.1825,2363.15,4187168,18.042
[CSV]thomas-desktop,0,Embedder,1000000,100,1,0.9,24.7176,5320.29,9309266,18.6185
[CSV]thomas-desktop,0,Embedder,2154434,100,1,0.9,26.2526,12163.1,20699570,19.2158
[CSV]thomas-desktop,0,Embedder,4641588,100,1,0.9,27.7877,20670.9,35147201,15.1445
[CSV]thomas-desktop,0,Embedder,10000000,100,1,0.9,29.3227,46564.4,78373526,15.6747
[CSV]thomas-desktop,0,Embedder,21544,1000,1,0.9,12.4371,1052.55,1978132,183.636
[CSV]thomas-desktop,0,Embedder,46415,1000,1,0.9,13.9721,1272.24,3253423,140.188
[CSV]thomas-desktop,0,Embedder,100000,1000,1,0.9,15.5072,3016.39,7309980,146.2
[CSV]thomas-desktop,0,Embedder,215443,1000,1,0.9,17.0423,6855.84,16223086,150.602
[CSV]thomas-desktop,0,Embedder,464158,1000,1,0.9,18.5773,15921.8,36942059,159.179
[CSV]thomas-desktop,0,Embedder,1000000,1000,1,0.9,20.1124,35441.7,81353107,162.706
[CSV]thomas-desktop,0,Embedder,2154434,1000,1,0.9,21.6474,82107.6,181560815,168.546
[CSV]thomas-desktop,0,Embedder,4641588,1000,1,0.9,23.1825,182531,403861314,174.019
[CSV]thomas-desktop,1,Embedder,10000,10,0.6,0,19.2056,35.5461,56419,11.2838
[CSV]thomas-desktop,1,Embedder,10000,10,0.6,0,19.2056,34.143,48713,9.7426
[CSV]thomas-desktop,1,Embedder,21544,10,0.6,0,20.8558,47.3874,97454,9.04697
[CSV]thomas-desktop,1,Embedder,46415,10,0.6,0,22.4896,123.275,247828,10.6788
[CSV]thomas-desktop,1,Embedder,100000,10,0.6,0,24.112,273.424,508444,10.1689
[CSV]thomas-desktop,1,Embedder,215443,10,0.6,0,25.7171,599.271,1018123,9.45144
[CSV]thomas-desktop,1,Embedder,464158,10,0.6,0,27.3193,1468.28,2238573,9.64574
[CSV]thomas-desktop,1,Embedder,1000000,10,0.6,0,28.9054,3652.03,4789845,9.57969
[CSV]thomas-desktop,1,Embedder,2154434,10,0.6,0,30.488,9688.73,11300377,10.4903
[CSV]thomas-desktop,1,Embedder,4641588,10,0.6,0,32.0655,14185.6,21690755,9.34626
[CSV]thomas-desktop,1,Embedder,10000000,10,0.6,0,33.6363,35448.7,50917327,10.1835
[CSV]thomas-desktop,1,Embedder,21544346,10,0.6,0,35.2051,77350.8,104157284,9.66911
[CSV]thomas-desktop,1,Embedder,46415888,10,0.6,0,36.7676,181205,233920192,10.0793
[CSV]thomas-desktop,1,Embedder,10000,100,0.6,0,14.0942,194.505,505019,101.004
[CSV]thomas-desktop,1,Embedder,10000,100,0.6,0,14.0942,183.362,463792,92.7584
[CSV]thomas-desktop,1,Embedder,21544,100,0.6,0,15.8307,464.756,1027741,95.4086
[CSV]thomas-desktop,1,Embedder,46415,100,0.6,0,17.531,1178.62,2289278,98.6439
[CSV]thomas-desktop,1,Embedder,100000,100,0.6,0,19.2046,2816.28,4739028,94.7806
[CSV]thomas-desktop,1,Embedder,215443,100,0.6,0,20.8564,3767.72,10711250,99.4347
[CSV]thomas-desktop,1,Embedder,464158,100,0.6,0,22.4907,9223.78,23287005,100.341
[CSV]thomas-desktop,1,Embedder,1000000,100,0.6,0,24.1109,22013.5,49801299,99.6026
[CSV]thomas-desktop,1,Embedder,2154434,100,0.6,0,25.7189,53139.2,106292902,98.6736
[CSV]thomas-desktop,1,Embedder,4641588,100,0.6,0,27.3174,123653,222054011,95.6802
[CSV]thomas-desktop,1,Embedder,21544,1000,0.6,0,10.4538,4153.42,9330428,866.174
[CSV]thomas-desktop,1,Embedder,46415,1000,0.6,0,12.309,11892.1,21863745,942.098
[CSV]thomas-desktop,1,Embedder,100000,1000,0.6,0,14.0941,17997.8,47921989,958.44
[CSV]thomas-desktop,1,Embedder,215443,1000,0.6,0,15.8305,46417.4,105010916,974.837
[CSV]thomas-desktop,1,Embedder,464158,1000,0.6,0,17.5312,117970,231261485,996.477
[CSV]thomas-desktop,1,Embedder,10000,10,1,0,15.683,29.7141,49226,9.8452
[CSV]thomas-desktop,1,Embedder,10000,10,1,0,15.683,31.0108,51055,10.211
[CSV]thomas-desktop,1,Embedder,21544,10,1,0,17.2179,70.1631,108751,10.0957
[CSV]thomas-desktop,1,Embedder,46415,10,1,0,18.7527,152.172,227967,9.82299
[CSV]thomas-desktop,1,Embedder,100000,10,1,0,20.2913,332.229,493268,9.86536
[CSV]thomas-desktop,1,Embedder,215443,10,1,0,21.8265,775.304,1077132,9.99923
[CSV]thomas-desktop,1,Embedder,464158,10,1,0,23.3616,1708.13,2317169,9.9844
[CSV]thomas-desktop,1,Embedder,1000000,10,1,0,24.8968,3903.42,4985561,9.97112
[CSV]thomas-desktop,1,Embedder,2154434,10,1,0,26.4319,5380.88,10758589,9.98739
[CSV]thomas-desktop,1,Embedder,4641588,10,1,0,27.9671,12649.1,23166801,9.98227
[CSV]thomas-desktop,1,Embedder,10000000,10,1,0,29.5022,29532.4,50075986,10.0152
[CSV]thomas-desktop,1,Embedder,21544346,10,1,0,31.0374,67884.3,107502441,9.97964
[CSV]thomas-desktop,1,Embedder,46415888,10,1,0,32.5725,156017,231932367,9.99366
[CSV]thomas-desktop,1,Embedder,10000,100,1,0,11.0622,400.572,503790,100.758
[CSV]thomas-desktop,1,Embedder,10000,100,1,0,11.0622,400.054,492345,98.469
[CSV]thomas-desktop,1,Embedder,21544,100,1,0,12.6063,478.84,1062788,98.6621
[CSV]thomas-desktop,1,Embedder,46415,100,1,0,14.1455,1103.14,2281516,98.3094
[CSV]thomas-desktop,1,Embedder,100000,100,1,0,15.683,2559.58,4974968,99.4994
[CSV]thomas-desktop,1,Embedder,215443,100,1,0,17.2191,5924.81,10777521,100.05
[CSV]thomas-desktop,1,Embedder,464158,100,1,0,18.7545,13502.3,23251029,100.186
[CSV]thomas-desktop,1,Embedder,1000000,100,1,0,20.2899,30496,50264089,100.528
[CSV]thomas-desktop,1,Embedder,2154434,100,1,0,21.825,70430.6,107332047,99.6383
[CSV]thomas-desktop,1,Embedder,4641588,100,1,0,23.36,155981,232421396,100.147
[CSV]thomas-desktop,1,Embedder,21544,1000,1,0,7.93843,6573.61,10565484,980.828
[CSV]thomas-desktop,1,Embedder,46415,1000,1,0,9.50959,16091.6,22695096,977.921
[CSV]thomas-desktop,1,Embedder,100000,1000,1,0,11.0624,38921.3,49854328,997.087
[CSV]thomas-desktop,1,Embedder,215443,1000,1,0,12.6062,46530.5,107512010,998.055
[CSV]thomas-desktop,1,Embedder,464158,1000,1,0,14.1456,109162,231942371,999.411
[CSV]thomas-desktop,1,Embedder,10000,10,0.6,0.5,20.9825,126.325,26396,5.2792
[CSV]thomas-desktop,1,Embedder,10000,10,0.6,0.5,20.9825,130.48,29244,5.8488
[CSV]thomas-desktop,1,Embedder,21544,10,0.6,0.5,22.5176,259.373,63651,5.90893
[CSV]thomas-desktop,1,Embedder,46415,10,0.6,0.5,24.0526,502.386,140479,6.05317
[CSV]thomas-desktop,1,Embedder,100000,10,0.6,0.5,25.5877,1006.68,290441,5.80882
[CSV]thomas-desktop,1,Embedder,215443,10,0.6,0.5,27.1228,2023.4,683848,6.3483
[CSV]thomas-desktop,1,Embedder,464158,10,0.6,0.5,28.6578,4254.37,1562548,6.73283
[CSV]thomas-desktop,1,Embedder,1000000,10,0.6,0.5,30.1929,9181.39,3743618,7.48724
[CSV]thomas-desktop,1,Embedder,2154434,10,0.6,0.5,31.7279,19560.1,8069110,7.4907
[CSV]thomas-desktop,1,Embedder,4641588,10,0.6,0.5,33.263,41937.8,17928983,7.72537
[CSV]thomas-desktop,1,Embedder,10000000,10,0.6,0.5,34.7981,128521,35630104,7.12602
[CSV]thomas-desktop,1,Embedder,10000,100,0.6,0.5,16.3774,125.706,199376,39.8752
[CSV]thomas-desktop,1,Embedder,10000,100,0.6,0.5,16.3774,122.624,189685,37.937
[CSV]thomas-desktop,1,Embedder,21544,100,0.6,0.5,17.9124,328.943,541509,50.2701
[CSV]thomas-desktop,1,Embedder,46415,100,0.6,0.5,19.4475,482.463,1053504,45.395
[CSV]thomas-desktop,1,Embedder,100000,100,0.6,0.5,20.9825,1062.73,2306189,46.1238
[CSV]thomas-desktop,1,Embedder,215443,100,0.6,0.5,22.5176,2666.76,5780396,53.6606
[CSV]thomas-desktop,1,Embedder,464158,100,0.6,0.5,24.0527,6286.17,13468316,58.0333
[CSV]thomas-desktop,1,Embedder,1000000,100,0.6,0.5,25.5877,14321.8,28597101,57.1942
[CSV]thomas-desktop,1,Embedder,2154434,100,0.6,0.5,27.1228,36686.5,70542622,65.486
[CSV]thomas-desktop,1,Embedder,4641588,100,0.6,0.5,28.6578,86645.7,158246296,68.1863
[CSV]thomas-desktop,1,Embedder,21544,1000,0.6,0.5,13.3072,1770.46,3939995,365.763
[CSV]thomas-desktop,1,Embedder,46415,1000,0.6,0.5,14.8423,4260.58,8794891,378.968
[CSV]thomas-desktop,1,Embedder,100000,1000,0.6,0.5,16.3774,11326.6,22314155,446.283
[CSV]thomas-desktop,1,Embedder,215443,1000,0.6,0.5,17.9124,28339.3,52663359,488.884
[CSV]thomas-desktop,1,Embedder,464158,1000,0.6,0.5,19.4475,37885.9,107296697,462.328
[CSV]thomas-desktop,1,Embedder,1000000,1000,0.6,0.5,20.9825,91049.2,248025426,496.051
[CSV]thomas-desktop,1,Embedder,2154434,1000,0.6,0.5,22.5176,219353,569921830,529.069
[CSV]thomas-desktop,1,Embedder,10000,10,1,0.5,16.5881,44.9749,43367,8.6734
[CSV]thomas-desktop,1,Embedder,10000,10,1,0.5,16.5881,46.0266,44981,8.9962
[CSV]thomas-desktop,1,Embedder,21544,10,1,0.5,18.1231,88.2314,85178,7.90735
[CSV]thomas-desktop,1,Embedder,46415,10,1,0.5,19.6582,186.764,189152,8.15047
[CSV]thomas-desktop,1,Embedder,100000,10,1,0.5,21.1933,393.726,421067,8.42134
[CSV]thomas-desktop,1,Embedder,215443,10,1,0.5,22.7283,834.224,915154,8.49556
[CSV]thomas-desktop,1,Embedder,464158,10,1,0.5,24.2634,1761.69,1994487,8.594
[CSV]thomas-desktop,1,Embedder,1000000,10,1,0.5,25.7984,3919.8,4313049,8.6261
[CSV]thomas-desktop,1,Embedder,2154434,10,1,0.5,27.3335,8930.02,9398205,8.72452
[CSV]thomas-desktop,1,Embedder,4641588,10,1,0.5,28.8686,20195,20542398,8.85145
[CSV]thomas-desktop,1,Embedder,10000000,10,1,0.5,30.4036,45226.8,44533487,8.9067
[CSV]thomas-desktop,1,Embedder,21544346,10,1,0.5,31.9387,94878.1,87590974,8.13123
[CSV]thomas-desktop,1,Embedder,46415888,10,1,0.5,33.4737,203847,190953692,8.22795
[CSV]thomas-desktop,1,Embedder,10000,100,1,0.5,11.9829,240.819,419470,83.894
[CSV]thomas-desktop,1,Embedder,10000,100,1,0.5,11.9829,228.85,402252,80.4504
[CSV]thomas-desktop,1,Embedder,21544,100,1,0.5,13.518,510.923,842715,78.232
[CSV]thomas-desktop,1,Embedder,46415,100,1,0.5,15.053,1255.01,1979628,85.3012
[CSV]thomas-desktop,1,Embedder,100000,100,1,0.5,16.5881,2909.2,4350479,87.0096
[CSV]thomas-desktop,1,Embedder,215443,100,1,0.5,18.1232,3468.38,8213653,76.249
[CSV]thomas-desktop,1,Embedder,464158,100,1,0.5,19.6582,7751.99,17865137,76.9787
[CSV]thomas-desktop,1,Embedder,1000000,100,1,0.5,21.1933,17881.9,39311291,78.6226
[CSV]thomas-desktop,1,Embedder,2154434,100,1,0.5,22.7283,41031.6,86882947,80.655
[CSV]thomas-desktop,1,Embedder,4641588,100,1,0.5,24.2634,90489.5,189904296,81.8273
[CSV]thomas-desktop,1,Embedder,10000000,100,1,0.5,25.7984,202796,414083378,82.8167
[CSV]thomas-desktop,1,Embedder,21544,1000,1,0.5,8.91278,3906.35,8168496,758.308
[CSV]thomas-desktop,1,Embedder,46415,1000,1,0.5,10.4478,9364.15,18286999,787.978
[CSV]thomas-desktop,1,Embedder,100000,1000,1,0.5,11.9829,22447.6,41283268,825.665
[CSV]thomas-desktop,1,Embedder,215443,1000,1,0.5,13.518,52701.7,90808085,842.989
[CSV]thomas-desktop,1,Embedder,464158,1000,1,0.5,15.053,121420,197074849,849.171
[CSV]thomas-desktop,1,Embedder,10000,10,0.6,0.9,24.5068,419.196,11822,2.3644
[CSV]thomas-desktop,1,Embedder,10000,10,0.6,0.9,24.5068,416.731,12473,2.4946
[CSV]thomas-desktop,1,Embedder,21544,10,0.6,0.9,26.0419,810.607,27558,2.5583
[CSV]thomas-desktop,1,Embedder,46415,10,0.6,0.9,27.5769,1568.21,61020,2.62932
[CSV]thomas-desktop,1,Embedder,100000,10,0.6,0.9,29.112,3148.08,137145,2.7429
[CSV]thomas-desktop,1,Embedder,215443,10,0.6,0.9,30.6471,12400.3,304868,2.83015
[CSV]thomas-desktop,1,Embedder,464158,10,0.6,0.9,32.1821,24863.3,570365,2.45763
[CSV]thomas-desktop,1,Embedder,1000000,10,0.6,0.9,33.7172,50116.2,1424633,2.84927
[CSV]thomas-desktop,1,Embedder,2154434,10,0.6,0.9,35.2522,100750,2896813,2.68916
[CSV]thomas-desktop,1,Embedder,10000,100,0.6,0.9,19.9017,90.0107,57498,11.4996
[CSV]thomas-desktop,1,Embedder,10000,100,0.6,0.9,19.9017,91.9808,60135,12.027
[CSV]thomas-desktop,1,Embedder,21544,100,0.6,0.9,21.4367,191.016,135617,12.5898
[CSV]thomas-desktop,1,Embedder,46415,100,0.6,0.9,22.9717,396.775,318422,13.7207
[CSV]thomas-desktop,1,Embedder,100000,100,0.6,0.9,24.5068,828.416,764238,15.2848
[CSV]thomas-desktop,1,Embedder,215443,100,0.6,0.9,26.0419,1707.5,1638710,15.2125
[CSV]thomas-desktop,1,Embedder,464158,100,0.6,0.9,27.5769,3840.34,3927553,16.9233
[CSV]thomas-desktop,1,Embedder,1000000,100,0.6,0.9,29.112,8889.31,9539812,19.0796
[CSV]thomas-desktop,1,Embedder,21544,1000,0.6,0.9,16.8315,317.617,783156,72.7029
[CSV]thomas-desktop,1,Embedder,46415,1000,0.6,0.9,18.3666,774.196,1892123,81.5307
[CSV]thomas-desktop,1,Embedder,100000,1000,0.6,0.9,19.9017,1893.73,4724138,94.4828
[CSV]thomas-desktop,1,Embedder,215443,1000,0.6,0.9,21.4367,4444.75,10888641,101.081
[CSV]thomas-desktop,1,Embedder,464158,1000,0.6,0.9,22.9718,10655.2,25446045,109.644
[CSV]thomas-desktop,1,Embedder,1000000,1000,0.6,0.9,24.5068,26296.3,60674811,121.35
[CSV]thomas-desktop,1,Embedder,10000,10,1,0.9,20.1124,72.8364,16812,3.3624
[CSV]thomas-desktop,1,Embedder,10000,10,1,0.9,20.1124,72.8006,16316,3.2632
[CSV]thomas-desktop,1,Embedder,21544,10,1,0.9,21.6474,147.732,36360,3.37542
[CSV]thomas-desktop,1,Embedder,46415,10,1,0.9,23.1825,291.896,78453,3.3805
[CSV]thomas-desktop,1,Embedder,100000,10,1,0.9,24.7176,567.411,168166,3.36332
[CSV]thomas-desktop,1,Embedder,215443,10,1,0.9,26.2526,1112.41,359518,3.33748
[CSV]thomas-desktop,1,Embedder,464158,10,1,0.9,27.7877,3860.7,760012,3.2748
[CSV]thomas-desktop,1,Embedder,1000000,10,1,0.9,29.3227,8055.73,1640143,3.28029
[CSV]thomas-desktop,1,Embedder,2154434,10,1,0.9,30.8578,16811.5,3556409,3.30148
[CSV]thomas-desktop,1,Embedder,4641588,10,1,0.9,32.3928,34901.7,7661454,3.30122
[CSV]thomas-desktop,1,Embedder,10000000,10,1,0.9,33.9279,72099.5,16605326,3.32107
[CSV]thomas-desktop,1,Embedder,21544346,10,1,0.9,35.463,149213,36056481,3.34719
[CSV]thomas-desktop,1,Embedder,10000,100,1,0.9,15.5072,47.7931,78171,15.6342
[CSV]thomas-desktop,1,Embedder,10000,100,1,0.9,15.5072,46.797,77522,15.5044
[CSV]thomas-desktop,1,Embedder,21544,100,1,0.9,17.0422,105.994,175744,16.3149
[CSV]thomas-desktop,1,Embedder,46415,100,1,0.9,18.5773,224.275,382629,16.4873
[CSV]thomas-desktop,1,Embedder,100000,100,1,0.9,20.1124,483.46,848713,16.9743
[CSV]thomas-desktop,1,Embedder,215443,100,1,0.9,21.6474,1077.84,1897496,17.6148
[CSV]thomas-desktop,1,Embedder,464158,100,1,0.9,23.1825,2400.56,4234943,18.2479
[CSV]thomas-desktop,1,Embedder,1000000,100,1,0.9,24.7176,5361.39,9336051,18.6721
[CSV]thomas-desktop,1,Embedder,2154434,100,1,0.9,26.2526,12172.3,20689054,19.206
[CSV]thomas-desktop,1,Embedder,4641588,100,1,0.9,27.7877,20750.1,35285468,15.204
[CSV]thomas-desktop,1,Embedder,10000000,100,1,0.9,29.3227,46586.7,78189521,15.6379
[CSV]thomas-desktop,1,Embedder,21544,1000,1,0.9,12.4371,1053.59,1977221,183.552
[CSV]thomas-desktop,1,Embedder,46415,1000,1,0.9,13.9721,1278.29,3267905,140.812
[CSV]thomas-desktop,1,Embedder,100000,1000,1,0.9,15.5072,2894.21,7194328,143.887
[CSV]thomas-desktop,1,Embedder,215443,1000,1,0.9,17.0423,6802.13,16394625,152.195
[CSV]thomas-desktop,1,Embedder,464158,1000,1,0.9,18.5773,15526.7,36562884,157.545
[CSV]thomas-desktop,1,Embedder,1000000,1000,1,0.9,20.1124,35227.2,81165222,162.33
[CSV]thomas-desktop,1,Embedder,2154434,1000,1,0.9,21.6474,81569,181474276,168.466
[CSV]thomas-desktop,1,Embedder,4641588,1000,1,0.9,23.1825,183648,405551866,174.747
[CSV]thomas-desktop,2,Embedder,10000,10,0.6,0,19.2056,33.4535,47889,9.5778
[CSV]thomas-desktop,2,Embedder,10000,10,0.6,0,19.2056,30.0397,39060,7.812
[CSV]thomas-desktop,2,Embedder,21544,10,0.6,0,20.8558,47.4082,97589,9.05951
[CSV]thomas-desktop,2,Embedder,46415,10,0.6,0,22.4896,117.374,226731,9.76973
[CSV]thomas-desktop,2,Embedder,100000,10,0.6,0,24.112,279.651,532049,10.641
[CSV]thomas-desktop,2,Embedder,215443,10,0.6,0,25.7171,656.362,1147039,10.6482
[CSV]thomas-desktop,2,Embedder,464158,10,0.6,0,27.3193,1494.82,2289586,9.86555
[CSV]thomas-desktop,2,Embedder,1000000,10,0.6,0,28.9054,3757.76,5004430,10.0089
[CSV]thomas-desktop,2,Embedder,2154434,10,0.6,0,30.488,9334.99,10553972,9.79744
[CSV]thomas-desktop,2,Embedder,4641588,10,0.6,0,32.0655,15526.2,25413115,10.9502
[CSV]thomas-desktop,2,Embedder,10000000,10,0.6,0,33.6363,33839.5,48776800,9.75536
[CSV]thomas-desktop,2,Embedder,21544346,10,0.6,0,35.2051,76411.1,102415430,9.50741
[CSV]thomas-desktop,2,Embedder,46415888,10,0.6,0,36.7676,174609,219783819,9.4702
[CSV]thomas-desktop,2,Embedder,10000,100,0.6,0,14.0942,184.741,471844,94.3688
[CSV]thomas-desktop,2,Embedder,10000,100,0.6,0,14.0942,190.533,469558,93.9116
[CSV]thomas-desktop,2,Embedder,21544,100,0.6,0,15.8307,473.644,1049440,97.4229
[CSV]thomas-desktop,2,Embedder,46415,100,0.6,0,17.531,1204.27,2302756,99.2246
[CSV]thomas-desktop,2,Embedder,100000,100,0.6,0,19.2046,2885.06,4916794,98.3359
[CSV]thomas-desktop,2,Embedder,215443,100,0.6,0,20.8564,3652.81,10027765,93.0897
[CSV]thomas-desktop,2,Embedder,464158,100,0.6,0,22.4907,8990.81,22402708,96.5305
[CSV]thomas-desktop,2,Embedder,1000000,100,0.6,0,24.1109,21480.8,47800738,95.6015
[CSV]thomas-desktop,2,Embedder,2154434,100,0.6,0,25.7189,52619.4,105719349,98.1412
[CSV]thomas-desktop,2,Embedder,4641588,100,0.6,0,27.3174,127577,232061372,99.9922
[CSV]thomas-desktop,2,Embedder,21544,1000,0.6,0,10.4538,4197.4,9538790,885.517
[CSV]thomas-desktop,2,Embedder,46415,1000,0.6,0,12.309,11874.3,21424072,923.153
[CSV]thomas-desktop,2,Embedder,100000,1000,0.6,0,14.0941,17317.1,45781505,915.63
[CSV]thomas-desktop,2,Embedder,215443,1000,0.6,0,15.8305,46039.7,104343927,968.645
[CSV]thomas-desktop,2,Embedder,464158,1000,0.6,0,17.5312,114729,222573896,959.044
[CSV]thomas-desktop,2,Embedder,10000,10,1,0,15.683,29.0703,46977,9.3954
[CSV]thomas-desktop,2,Embedder,10000,10,1,0,15.683,30.1099,49406,9.8812
[CSV]thomas-desktop,2,Embedder,21544,10,1,0,17.2179,69.4093,105739,9.8161
[CSV]thomas-desktop,2,Embedder,46415,10,1,0,18.7527,154.13,229459,9.88728
[CSV]thomas-desktop,2,Embedder,100000,10,1,0,20.2913,342.795,504979,10.0996
[CSV]thomas-desktop,2,Embedder,215443,10,1,0,21.8265,763.896,1068704,9.92099
[CSV]thomas-desktop,2,Embedder,464158,10,1,0,23.3616,1705.2,2317179,9.98444
[CSV]thomas-desktop,2,Embedder,1000000,10,1,0,24.8968,3907.17,4984770,9.96954
[CSV]thomas-desktop,2,Embedder,2154434,10,1,0,26.4319,5427.01,10832038,10.0556
[CSV]thomas-desktop,2,Embedder,4641588,10,1,0,27.9671,12566.3,23134391,9.96831
[CSV]thomas-desktop,2,Embedder,10000000,10,1,0,29.5022,29546.6,49903726,9.98075
[CSV]thomas-desktop,2,Embedder,21544346,10,1,0,31.0374,67861.4,107574875,9.98637
[CSV]thomas-desktop,2,Embedder,46415888,10,1,0,32.5725,156292,231847540,9.99001
[CSV]thomas-desktop,2,Embedder,10000,100,1,0,11.0622,387.693,482388,96.4776
[CSV]thomas-desktop,2,Embedder,10000,100,1,0,11.0622,396.038,494668,98.9336
[CSV]thomas-desktop,2,Embedder,21544,100,1,0,12.6063,476.235,1067744,99.1222
[CSV]thomas-desktop,2,Embedder,46415,100,1,0,14.1455,1117.13,2331089,100.446
[CSV]thomas-desktop,2,Embedder,100000,100,1,0,15.683,2593.09,5029210,100.584
[CSV]thomas-desktop,2,Embedder,215443,100,1,0,17.2191,5968.1,10842459,100.653
[CSV]thomas-desktop,2,Embedder,464158,100,1,0,18.7545,13453.8,23308542,100.434
[CSV]thomas-desktop,2,Embedder,1000000,100,1,0,20.2899,30416.4,50183759,100.368
[CSV]thomas-desktop,2,Embedder,2154434,100,1,0,21.825,70902.9,107983390,100.243
[CSV]thomas-desktop,2,Embedder,4641588,100,1,0,23.36,155787,231887586,99.9173
[CSV]thomas-desktop,2,Embedder,21544,1000,1,0,7.93843,6665.96,10652628,988.918
[CSV]thomas-desktop,2,Embedder,46415,1000,1,0,9.50959,16379.2,23360053,1006.57
[CSV]thomas-desktop,2,Embedder,100000,1000,1,0,11.0624,38782.6,49931380,998.628
[CSV]thomas-desktop,2,Embedder,215443,1000,1,0,12.6062,46538.9,107277867,995.882
[CSV]thomas-desktop,2,Embedder,464158,1000,1,0,14.1456,108609,232414582,1001.45
[CSV]thomas-desktop,2,Embedder,10000,10,0.6,0.5,20.9825,128.423,23995,4.799
[CSV]thomas-desktop,2,Embedder,10000,10,0.6,0.5,20.9825,129.027,29659,5.9318
[CSV]thomas-desktop,2,Embedder,21544,10,0.6,0.5,22.5176,262.12,64950,6.02952
[CSV]thomas-desktop,2,Embedder,46415,10,0.6,0.5,24.0526,500.64,127735,5.50404
[CSV]thomas-desktop,2,Embedder,100000,10,0.6,0.5,25.5877,1015.93,324033,6.48066
[CSV]thomas-desktop,2,Embedder,215443,10,0.6,0.5,27.1228,2028.9,711053,6.60085
[CSV]thomas-desktop,2,Embedder,464158,10,0.6,0.5,28.6578,4249.69,1626925,7.01022
[CSV]thomas-desktop,2,Embedder,1000000,10,0.6,0.5,30.1929,9360.77,4165942,8.33188
[CSV]thomas-desktop,2,Embedder,2154434,10,0.6,0.5,31.7279,19983.9,9104356,8.45174
[CSV]thomas-desktop,2,Embedder,4641588,10,0.6,0.5,33.263,41537,17428762,7.50983
[CSV]thomas-desktop,2,Embedder,10000000,10,0.6,0.5,34.7981,129611,37866586,7.57332
[CSV]thomas-desktop,2,Embedder,10000,100,0.6,0.5,16.3774,128.784,213513,42.7026
[CSV]thomas-desktop,2,Embedder,10000,100,0.6,0.5,16.3774,124.857,207251,41.4502
[CSV]thomas-desktop,2,Embedder,21544,100,0.6,0.5,17.9124,350.333,581625,53.9942
[CSV]thomas-desktop,2,Embedder,46415,100,0.6,0.5,19.4475,488.51,1067456,45.9962
[CSV]thomas-desktop,2,Embedder,100000,100,0.6,0.5,20.9825,1164.02,2651366,53.0273
[CSV]thomas-desktop,2,Embedder,215443,100,0.6,0.5,22.5176,2678.67,5915302,54.9129
[CSV]thomas-desktop,2,Embedder,464158,100,0.6,0.5,24.0527,6114.32,12863953,55.4292
[CSV]thomas-desktop,2,Embedder,1000000,100,0.6,0.5,25.5877,15094.7,30282503,60.565
[CSV]thomas-desktop,2,Embedder,2154434,100,0.6,0.5,27.1228,34877.7,66042576,61.3085
[CSV]thomas-desktop,2,Embedder,4641588,100,0.6,0.5,28.6578,87834.2,160870208,69.3169
[CSV]thomas-desktop,2,Embedder,21544,1000,0.6,0.5,13.3072,1665.86,3635670,337.511
[CSV]thomas-desktop,2,Embedder,46415,1000,0.6,0.5,14.8423,4361.96,9034059,389.273
[CSV]thomas-desktop,2,Embedder,100000,1000,0.6,0.5,16.3774,11236.2,21849978,437
[CSV]thomas-desktop,2,Embedder,215443,1000,0.6,0.5,17.9124,28341.2,52574309,488.058
[CSV]thomas-desktop,2,Embedder,464158,1000,0.6,0.5,19.4475,36711.3,103642662,446.584
[CSV]thomas-desktop,2,Embedder,1000000,1000,0.6,0.5,20.9825,91082.6,247587388,495.175
[CSV]thomas-desktop,2,Embedder,2154434,1000,0.6,0.5,22.5176,221628,575788623,534.515
[CSV]thomas-desktop,2,Embedder,10000,10,1,0.5,16.5881,45.9743,44773,8.9546
[CSV]thomas-desktop,2,Embedder,10000,10,1,0.5,16.5881,45.6898,44501,8.9002
[CSV]thomas-desktop,2,Embedder,21544,10,1,0.5,18.1231,91.0315,88529,8.21844
[CSV]thomas-desktop,2,Embedder,46415,10,1,0.5,19.6582,190.56,199569,8.59933
[CSV]thomas-desktop,2,Embedder,100000,10,1,0.5,21.1933,393.747,438839,8.77678
[CSV]thomas-desktop,2,Embedder,215443,10,1,0.5,22.7283,824.118,909358,8.44175
[CSV]thomas-desktop,2,Embedder,464158,10,1,0.5,24.2634,1742.08,1984089,8.5492
[CSV]thomas-desktop,2,Embedder,1000000,10,1,0.5,25.7984,3931.76,4324134,8.64827
[CSV]thomas-desktop,2,Embedder,2154434,10,1,0.5,27.3335,8945.06,9420573,8.74529
[CSV]thomas-desktop,2,Embedder,4641588,10,1,0.5,28.8686,20174.7,20448554,8.81102
[CSV]thomas-desktop,2,Embedder,10000000,10,1,0.5,30.4036,45360.1,44563976,8.9128
[CSV]thomas-desktop,2,Embedder,21544346,10,1,0.5,31.9387,95001.7,87521505,8.12478
[CSV]thomas-desktop,2,Embedder,46415888,10,1,0.5,33.4737,203958,191211948,8.23907
[CSV]thomas-desktop,2,Embedder,10000,100,1,0.5,11.9829,234.611,411665,82.333
[CSV]thomas-desktop,2,Embedder,10000,100,1,0.5,11.9829,234.441,412600,82.52
[CSV]thomas-desktop,2,Embedder,21544,100,1,0.5,13.518,546.078,904849,84.0001
[CSV]thomas-desktop,2,Embedder,46415,100,1,0.5,15.053,1231.21,1937828,83.5001
[CSV]thomas-desktop,2,Embedder,100000,100,1,0.5,16.5881,2879.91,4320122,86.4024
[CSV]thomas-desktop,2,Embedder,215443,100,1,0.5,18.1232,3489.42,8278823,76.854
[CSV]thomas-desktop,2,Embedder,464158,100,1,0.5,19.6582,7752.1,17943966,77.3184
[CSV]thomas-desktop,2,Embedder,1000000,100,1,0.5,21.1933,17982,39521661,79.0433
[CSV]thomas-desktop,2,Embedder,2154434,100,1,0.5,22.7283,41055.1,86863935,80.6374
[CSV]thomas-desktop,2,Embedder,4641588,100,1,0.5,24.2634,90686.9,190196497,81.9532
[CSV]thomas-desktop,2,Embedder,10000000,100,1,0.5,25.7984,201943,414556961,82.9114
[CSV]thomas-desktop,2,Embedder,21544,1000,1,0.5,8.91278,3930.62,8200661,761.294
[CSV]thomas-desktop,2,Embedder,46415,1000,1,0.5,10.4478,9511.46,18696045,805.604
[CSV]thomas-desktop,2,Embedder,100000,1000,1,0.5,11.9829,22369.2,41172934,823.459
[CSV]thomas-desktop,2,Embedder,215443,1000,1,0.5,13.518,52267.3,89957148,835.09
[CSV]thomas-desktop,2,Embedder,464158,1000,1,0.5,15.053,122396,198101691,853.596
[CSV]thomas-desktop,2,Embedder,10000,10,0.6,0.9,24.5068,420.968,13073,2.6146
[CSV]thomas-desktop,2,Embedder,10000,10,0.6,0.9,24.5068,420.141,12214,2.4428
[CSV]thomas-desktop,2,Embedder,21544,10,0.6,0.9,26.0419,813.247,25845,2.39928
[CSV]thomas-desktop,2,Embedder,46415,10,0.6,0.9,27.5769,1570.35,60186,2.59339
[CSV]thomas-desktop,2,Embedder,100000,10,0.6,0.9,29.112,3157.61,126024,2.52048
[CSV]thomas-desktop,2,Embedder,215443,10,0.6,0.9,30.6471,12394.1,272365,2.52842
[CSV]thomas-desktop,2,Embedder,464158,10,0.6,0.9,32.1821,24867.5,622612,2.68276
[CSV]thomas-desktop,2,Embedder,1000000,10,0.6,0.9,33.7172,50090,1352002,2.704
[CSV]thomas-desktop,2,Embedder,2154434,10,0.6,0.9,35.2522,100779,2841162,2.6375
[CSV]thomas-desktop,2,Embedder,10000,100,0.6,0.9,19.9017,91.1463,57810,11.562
[CSV]thomas-desktop,2,Embedder,10000,100,0.6,0.9,19.9017,93.0886,62975,12.595
[CSV]thomas-desktop,2,Embedder,21544,100,0.6,0.9,21.4367,195.07,146208,13.573
[CSV]thomas-desktop,2,Embedder,46415,100,0.6,0.9,22.9717,405.831,337308,14.5344
[CSV]thomas-desktop,2,Embedder,100000,100,0.6,0.9,24.5068,822.043,733259,14.6652
[CSV]thomas-desktop,2,Embedder,215443,100,0.6,0.9,26.0419,1738.8,1716675,15.9362
[CSV]thomas-desktop,2,Embedder,464158,100,0.6,0.9,27.5769,3752.41,3867996,16.6667
[CSV]thomas-desktop,2,Embedder,1000000,100,0.6,0.9,29.112,8275.4,8033748,16.0675
[CSV]thomas-desktop,2,Embedder,21544,1000,0.6,0.9,16.8315,319.798,774079,71.8603
[CSV]thomas-desktop,2,Embedder,46415,1000,0.6,0.9,18.3666,792.911,1974029,85.06
[CSV]thomas-desktop,2,Embedder,100000,1000,0.6,0.9,19.9017,1849.9,4607521,92.1504
[CSV]thomas-desktop,2,Embedder,215443,1000,0.6,0.9,21.4367,4543.27,11219509,104.153
[CSV]thomas-desktop,2,Embedder,464158,1000,0.6,0.9,22.9718,11204.9,27207447,117.234
[CSV]thomas-desktop,2,Embedder,1000000,1000,0.6,0.9,24.5068,25701.5,59081770,118.164
[CSV]thomas-desktop,2,Embedder,10000,10,1,0.9,20.1124,72.5835,16423,3.2846
[CSV]thomas-desktop,2,Embedder,10000,10,1,0.9,20.1124,72.828,16522,3.3044
[CSV]thomas-desktop,2,Embedder,21544,10,1,0.9,21.6474,147.959,36102,3.35147
[CSV]thomas-desktop,2,Embedder,46415,10,1,0.9,23.1825,294.939,78165,3.36809
[CSV]thomas-desktop,2,Embedder,100000,10,1,0.9,24.7176,568.344,169261,3.38522
[CSV]thomas-desktop,2,Embedder,215443,10,1,0.9,26.2526,1114.2,363662,3.37595
[CSV]thomas-desktop,2,Embedder,464158,10,1,0.9,27.7877,3835.34,756557,3.25991
[CSV]thomas-desktop,2,Embedder,1000000,10,1,0.9,29.3227,8044.97,1635870,3.27174
[CSV]thomas-desktop,2,Embedder,2154434,10,1,0.9,30.8578,16791.4,3551400,3.29683
[CSV]thomas-desktop,2,Embedder,4641588,10,1,0.9,32.3928,34829.6,7673453,3.30639
[CSV]thomas-desktop,2,Embedder,10000000,10,1,0.9,33.9279,72090.1,16600179,3.32004
[CSV]thomas-desktop,2,Embedder,21544346,10,1,0.9,35.463,149601,35979546,3.34005
[CSV]thomas-desktop,2,Embedder,10000,100,1,0.9,15.5072,47.7255,78783,15.7566
[CSV]thomas-desktop,2,Embedder,10000,100,1,0.9,15.5072,45.7249,74920,14.984
[CSV]thomas-desktop,2,Embedder,21544,100,1,0.9,17.0422,104.784,171700,15.9395
[CSV]thomas-desktop,2,Embedder,46415,100,1,0.9,18.5773,227.973,386089,16.6364
[CSV]thomas-desktop,2,Embedder,100000,100,1,0.9,20.1124,493.577,870921,17.4184
[CSV]thomas-desktop,2,Embedder,215443,100,1,0.9,21.6474,1097.69,1931313,17.9288
[CSV]thomas-desktop,2,Embedder,464158,100,1,0.9,23.1825,2362.31,4198364,18.0902
[CSV]thomas-desktop,2,Embedder,1000000,100,1,0.9,24.7176,5324.08,9292551,18.5851
[CSV]thomas-desktop,2,Embedder,2154434,100,1,0.9,26.2526,12171.4,20678672,19.1964
[CSV]thomas-desktop,2,Embedder,4641588,100,1,0.9,27.7877,20715.2,35314958,15.2168
[CSV]thomas-desktop,2,Embedder,10000000,100,1,0.9,29.3227,46534.4,78333657,15.6667
[CSV]thomas-desktop,2,Embedder,21544,1000,1,0.9,12.4371,1029.07,1944376,180.503
[CSV]thomas-desktop,2,Embedder,46415,1000,1,0.9,13.9721,1247.16,3198646,137.828
[CSV]thomas-desktop,2,Embedder,100000,1000,1,0.9,15.5072,2908,7225130,144.503
[CSV]thomas-desktop,2,Embedder,215443,1000,1,0.9,17.0423,6839.05,16486943,153.052
[CSV]thomas-desktop,2,Embedder,464158,1000,1,0.9,18.5773,15537.9,36588365,157.655
[CSV]thomas-desktop,2,Embedder,1000000,1000,1,0.9,20.1124,35245.2,81214662,162.429
[CSV]thomas-desktop,2,Embedder,2154434,1000,1,0.9,21.6474,81805.6,181735276,168.708
[CSV]thomas-desktop,2,Embedder,4641588,1000,1,0.9,23.1825,182781,405119307,174.561
[CSV]thomas-desktop,3,Embedder,10000,10,0.6,0,19.2056,33.7084,46743,9.3486
[CSV]thomas-desktop,3,Embedder,10000,10,0.6,0,19.2056,32.6712,46584,9.3168
[CSV]thomas-desktop,3,Embedder,21544,10,0.6,0,20.8558,48.7732,102594,9.52414
[CSV]thomas-desktop,3,Embedder,46415,10,0.6,0,22.4896,120.832,236674,10.1982
[CSV]thomas-desktop,3,Embedder,100000,10,0.6,0,24.112,257.305,462812,9.25624
[CSV]thomas-desktop,3,Embedder,215443,10,0.6,0,25.7171,613.859,1029444,9.55653
[CSV]thomas-desktop,3,Embedder,464158,10,0.6,0,27.3193,1528.36,2380027,10.2552
[CSV]thomas-desktop,3,Embedder,1000000,10,0.6,0,28.9054,3629.17,4652949,9.3059
[CSV]thomas-desktop,3,Embedder,2154434,10,0.6,0,30.488,9439.3,10664380,9.89994
[CSV]thomas-desktop,3,Embedder,4641588,10,0.6,0,32.0655,14982.3,23935814,10.3136
[CSV]thomas-desktop,3,Embedder,10000000,10,0.6,0,33.6363,33553.8,48201682,9.64034
[CSV]thomas-desktop,3,Embedder,21544346,10,0.6,0,35.2051,76282.6,102895359,9.55196
[CSV]thomas-desktop,3,Embedder,46415888,10,0.6,0,36.7676,186966,244181591,10.5215
[CSV]thomas-desktop,3,Embedder,10000,100,0.6,0,14.0942,181.103,455942,91.1884
[CSV]thomas-desktop,3,Embedder,10000,100,0.6,0,14.0942,183.788,461382,92.2764
[CSV]thomas-desktop,3,Embedder,21544,100,0.6,0,15.8307,470.922,1018222,94.5249
[CSV]thomas-desktop,3,Embedder,46415,100,0.6,0,17.531,1175.89,2228887,96.0417
[CSV]thomas-desktop,3,Embedder,100000,100,0.6,0,19.2046,2834.05,4979726,99.5945
[CSV]thomas-desktop,3,Embedder,215443,100,0.6,0,20.8564,3861.2,10982381,101.952
[CSV]thomas-desktop,3,Embedder,464158,100,0.6,0,22.4907,8684,21565587,92.9235
[CSV]thomas-desktop,3,Embedder,1000000,100,0.6,0,24.1109,22332.9,50423262,100.847
[CSV]thomas-desktop,3,Embedder,2154434,100,0.6,0,25.7189,53192.1,106656833,99.0115
[CSV]thomas-desktop,3,Embedder,4641588,100,0.6,0,27.3174,124587,226553186,97.6188
[CSV]thomas-desktop,3,Embedder,21544,1000,0.6,0,10.4538,4293.3,9764582,906.478
[CSV]thomas-desktop,3,Embedder,46415,1000,0.6,0,12.309,11784,21469603,925.115
[CSV]thomas-desktop,3,Embedder,100000,1000,0.6,0,14.0941,17621.2,46917445,938.349
[CSV]thomas-desktop,3,Embedder,215443,1000,0.6,0,15.8305,46067.8,104068477,966.088
[CSV]thomas-desktop,3,Embedder,464158,1000,0.6,0,17.5312,114624,219789349,947.045
[CSV]thomas-desktop,3,Embedder,10000,10,1,0,15.683,30.5942,49743,9.9486
[CSV]thomas-desktop,3,Embedder,10000,10,1,0,15.683,29.0044,47424,9.4848
[CSV]thomas-desktop,3,Embedder,21544,10,1,0,17.2179,69.8671,109067,10.125
[CSV]thomas-desktop,3,Embedder,46415,10,1,0,18.7527,155.854,232911,10.036
[CSV]thomas-desktop,3,Embedder,100000,10,1,0,20.2913,336.018,505263,10.1053
[CSV]thomas-desktop,3,Embedder,215443,10,1,0,21.8265,775.071,1081739,10.042
[CSV]thomas-desktop,3,Embedder,464158,10,1,0,23.3616,1700.22,2304734,9.93082
[CSV]thomas-desktop,3,Embedder,1000000,10,1,0,24.8968,3925.83,5011669,10.0233
[CSV]thomas-desktop,3,Embedder,2154434,10,1,0,26.4319,5384.39,10763829,9.99226
[CSV]thomas-desktop,3,Embedder,4641588,10,1,0,27.9671,12590.4,23183041,9.98927
[CSV]thomas-desktop,3,Embedder,10000000,10,1,0,29.5022,29448.6,49915812,9.98316
[CSV]thomas-desktop,3,Embedder,21544346,10,1,0,31.0374,68232.5,107659701,9.99424
[CSV]thomas-desktop,3,Embedder,46415888,10,1,0,32.5725,155494,231819846,9.98881
[CSV]thomas-desktop,3,Embedder,10000,100,1,0,11.0622,393.335,494774,98.9548
[CSV]thomas-desktop,3,Embedder,10000,100,1,0,11.0622,395.006,496830,99.366
[CSV]thomas-desktop,3,Embedder,21544,100,1,0,12.6063,481.667,1092214,101.394
[CSV]thomas-desktop,3,Embedder,46415,100,1,0,14.1455,1100.77,2282240,98.3406
[CSV]thomas-desktop,3,Embedder,100000,100,1,0,15.683,2569.64,5030498,100.61
[CSV]thomas-desktop,3,Embedder,215443,100,1,0,17.2191,5953.38,10819264,100.437
[CSV]thomas-desktop,3,Embedder,464158,100,1,0,18.7545,13510.7,23352503,100.623
[CSV]thomas-desktop,3,Embedder,1000000,100,1,0,20.2899,29990.3,49421328,98.8427
[CSV]thomas-desktop,3,Embedder,2154434,100,1,0,21.825,70680.3,107642585,99.9266
[CSV]thomas-desktop,3,Embedder,4641588,100,1,0,23.36,155544,231835462,99.8949
[CSV]thomas-desktop,3,Embedder,21544,1000,1,0,7.93843,6590.63,10581993,982.361
[CSV]thomas-desktop,3,Embedder,46415,1000,1,0,9.50959,16215,23139895,997.087
[CSV]thomas-desktop,3,Embedder,100000,1000,1,0,11.0624,38691,49558040,991.161
[CSV]thomas-desktop,3,Embedder,215443,1000,1,0,12.6062,46770.3,108275988,1005.15
[CSV]thomas-desktop,3,Embedder,464158,1000,1,0,14.1456,108921,233013588,1004.03
[CSV]thomas-desktop,3,Embedder,10000,10,0.6,0.5,20.9825,129.343,34412,6.8824
[CSV]thomas-desktop,3,Embedder,10000,10,0.6,0.5,20.9825,129.143,26951,5.3902
[CSV]thomas-desktop,3,Embedder,21544,10,0.6,0.5,22.5176,259.842,67331,6.25056
[CSV]thomas-desktop,3,Embedder,46415,10,0.6,0.5,24.0526,503.875,126633,5.45655
[CSV]thomas-desktop,3,Embedder,100000,10,0.6,0.5,25.5877,1033.63,376121,7.52242
[CSV]thomas-desktop,3,Embedder,215443,10,0.6,0.5,27.1228,2031.78,689296,6.39887
[CSV]thomas-desktop,3,Embedder,464158,10,0.6,0.5,28.6578,4299.63,1712978,7.38101
[CSV]thomas-desktop,3,Embedder,1000000,10,0.6,0.5,30.1929,9165.98,3661135,7.32227
[CSV]thomas-desktop,3,Embedder,2154434,10,0.6,0.5,31.7279,19421.2,7769938,7.21297
[CSV]thomas-desktop,3,Embedder,4641588,10,0.6,0.5,33.263,42579.7,18828015,8.11275
[CSV]thomas-desktop,3,Embedder,10000000,10,0.6,0.5,34.7981,127826,34164924,6.83298
[CSV]thomas-desktop,3,Embedder,10000,100,0.6,0.5,16.3774,129.305,214101,42.8202
[CSV]thomas-desktop,3,Embedder,10000,100,0.6,0.5,16.3774,126.789,208286,41.6572
[CSV]thomas-desktop,3,Embedder,21544,100,0.6,0.5,17.9124,319.269,512058,47.536
[CSV]thomas-desktop,3,Embedder,46415,100,0.6,0.5,19.4475,489.637,1083897,46.7046
[CSV]thomas-desktop,3,Embedder,100000,100,0.6,0.5,20.9825,1139.98,2495680,49.9136
[CSV]thomas-desktop,3,Embedder,215443,100,0.6,0.5,22.5176,2783.51,6112478,56.7433
[CSV]thomas-desktop,3,Embedder,464158,100,0.6,0.5,24.0527,6158.45,13287277,57.2532
[CSV]thomas-desktop,3,Embedder,1000000,100,0.6,0.5,25.5877,14765.1,29395765,58.7915
[CSV]thomas-desktop,3,Embedder,2154434,100,0.6,0.5,27.1228,36976.1,71066843,65.9726
[CSV]thomas-desktop,3,Embedder,4641588,100,0.6,0.5,28.6578,85316.9,154050958,66.3786
[CSV]thomas-desktop,3,Embedder,21544,1000,0.6,0.5,13.3072,1723.51,3806574,353.377
[CSV]thomas-desktop,3,Embedder,46415,1000,0.6,0.5,14.8423,4313.27,8959884,386.077
[CSV]thomas-desktop,3,Embedder,100000,1000,0.6,0.5,16.3774,11300.8,22060228,441.205
[CSV]thomas-desktop,3,Embedder,215443,1000,0.6,0.5,17.9124,27882.1,51408404,477.234
[CSV]thomas-desktop,3,Embedder,464158,1000,0.6,0.5,19.4475,37985.7,107116988,461.554
[CSV]thomas-desktop,3,Embedder,1000000,1000,0.6,0.5,20.9825,92048.7,252015695,504.031
[CSV]thomas-desktop,3,Embedder,2154434,1000,0.6,0.5,22.5176,222422,576177651,534.876
[CSV]thomas-desktop,3,Embedder,10000,10,1,0.5,16.5881,45.9593,45655,9.131
[CSV]thomas-desktop,3,Embedder,10000,10,1,0.5,16.5881,46.3796,45551,9.1102
[CSV]thomas-desktop,3,Embedder,21544,10,1,0.5,18.1231,89.335,87681,8.13971
[CSV]thomas-desktop,3,Embedder,46415,10,1,0.5,19.6582,187.907,191011,8.23057
[CSV]thomas-desktop,3,Embedder,100000,10,1,0.5,21.1933,385.944,412250,8.245
[CSV]thomas-desktop,3,Embedder,215443,10,1,0.5,22.7283,837.68,926929,8.60487
[CSV]thomas-desktop,3,Embedder,464158,10,1,0.5,24.2634,1741.86,1989456,8.57232
[CSV]thomas-desktop,3,Embedder,1000000,10,1,0.5,25.7984,3933.1,4312036,8.62407
[CSV]thomas-desktop,3,Embedder,2154434,10,1,0.5,27.3335,8912.26,9372997,8.70112
[CSV]thomas-desktop,3,Embedder,4641588,10,1,0.5,28.8686,20156.1,20498311,8.83246
[CSV]thomas-desktop,3,Embedder,10000000,10,1,0.5,30.4036,45198.4,44507188,8.90144
[CSV]thomas-desktop,3,Embedder,21544346,10,1,0.5,31.9387,94839.6,87440028,8.11721
[CSV]thomas-desktop,3,Embedder,46415888,10,1,0.5,33.4737,203958,191179681,8.23768
[CSV]thomas-desktop,3,Embedder,10000,100,1,0.5,11.9829,234.094,414143,82.8286
[CSV]thomas-desktop,3,Embedder,10000,100,1,0.5,11.9829,231.949,411614,82.3228
[CSV]thomas-desktop,3,Embedder,21544,100,1,0.5,13.518,551.885,919802,85.3882
[CSV]thomas-desktop,3,Embedder,46415,100,1,0.5,15.053,1234.79,1940007,83.594
[CSV]thomas-desktop,3,Embedder,100000,100,1,0.5,16.5881,2904.17,4331522,86.6304
[CSV]thomas-desktop,3,Embedder,215443,100,1,0.5,18.1232,3475.97,8247517,76.5633
[CSV]thomas-desktop,3,Embedder,464158,100,1,0.5,19.6582,7698.11,17778586,76.6058
[CSV]thomas-desktop,3,Embedder,1000000,100,1,0.5,21.1933,18017.6,39617571,79.2351
[CSV]thomas-desktop,3,Embedder,2154434,100,1,0.5,22.7283,40946.1,86530995,80.3283
[CSV]thomas-desktop,3,Embedder,4641588,100,1,0.5,24.2634,90461.4,189972688,81.8568
[CSV]thomas-desktop,3,Embedder,10000000,100,1,0.5,25.7984,202156,414623510,82.9247
[CSV]thomas-desktop,3,Embedder,21544,1000,1,0.5,8.91278,3983.68,8351727,775.318
[CSV]thomas-desktop,3,Embedder,46415,1000,1,0.5,10.4478,9503.4,18663650,804.208
[CSV]thomas-desktop,3,Embedder,100000,1000,1,0.5,11.9829,22188.5,40639432,812.789
[CSV]thomas-desktop,3,Embedder,215443,1000,1,0.5,13.518,52441.4,90368496,838.909
[CSV]thomas-desktop,3,Embedder,464158,1000,1,0.5,15.053,122629,198521403,855.404
[CSV]thomas-desktop,3,Embedder,10000,10,0.6,0.9,24.5068,420.435,18826,3.7652
[CSV]thomas-desktop,3,Embedder,10000,10,0.6,0.9,24.5068,421.088,12150,2.43
[CSV]thomas-desktop,3,Embedder,21544,10,0.6,0.9,26.0419,808.122,27193,2.52442
[CSV]thomas-desktop,3,Embedder,46415,10,0.6,0.9,27.5769,1581.14,72889,3.14075
[CSV]thomas-desktop,3,Embedder,100000,10,0.6,0.9,29.112,3184.18,209719,4.19438
[CSV]thomas-desktop,3,Embedder,215443,10,0.6,0.9,30.6471,12432.2,272029,2.5253
[CSV]thomas-desktop,3,Embedder,464158,10,0.6,0.9,32.1821,24896.4,654141,2.81861
[CSV]thomas-desktop,3,Embedder,1000000,10,0.6,0.9,33.7172,50200.4,1499709,2.99942
[CSV]thomas-desktop,3,Embedder,2154434,10,0.6,0.9,35.2522,100820,2858550,2.65364
[CSV]thomas-desktop,3,Embedder,10000,100,0.6,0.9,19.9017,93.0821,64490,12.898
[CSV]thomas-desktop,3,Embedder,10000,100,0.6,0.9,19.9017,93.0494,63214,12.6428
[CSV]thomas-desktop,3,Embedder,21544,100,0.6,0.9,21.4367,192.034,139516,12.9517
[CSV]thomas-desktop,3,Embedder,46415,100,0.6,0.9,22.9717,403.412,339724,14.6385
[CSV]thomas-desktop,3,Embedder,100000,100,0.6,0.9,24.5068,808.499,707413,14.1483
[CSV]thomas-desktop,3,Embedder,215443,100,0.6,0.9,26.0419,1711.26,1643053,15.2528
[CSV]thomas-desktop,3,Embedder,464158,100,0.6,0.9,27.5769,3717.68,3794849,16.3515
[CSV]thomas-desktop,3,Embedder,1000000,100,0.6,0.9,29.112,8445.08,8121876,16.2438
[CSV]thomas-desktop,3,Embedder,21544,1000,0.6,0.9,16.8315,347.393,879215,81.6204
[CSV]thomas-desktop,3,Embedder,46415,1000,0.6,0.9,18.3666,817.169,2048940,88.2878
[CSV]thomas-desktop,3,Embedder,100000,1000,0.6,0.9,19.9017,1929.02,4827384,96.5477
[CSV]thomas-desktop,3,Embedder,215443,1000,0.6,0.9,21.4367,4652.65,11505559,106.808
[CSV]thomas-desktop,3,Embedder,464158,1000,0.6,0.9,22.9718,10645.5,25404582,109.465
[CSV]thomas-desktop,3,Embedder,1000000,1000,0.6,0.9,24.5068,26390.6,60623226,121.246
[CSV]thomas-desktop,3,Embedder,10000,10,1,0.9,20.1124,72.5662,16321,3.2642
[CSV]thomas-desktop,3,Embedder,10000,10,1,0.9,20.1124,77.6547,16142,3.2284
[CSV]thomas-desktop,3,Embedder,21544,10,1,0.9,21.6474,153.043,36085,3.34989
[CSV]thomas-desktop,3,Embedder,46415,10,1,0.9,23.1825,293.02,77086,3.3216
[CSV]thomas-desktop,3,Embedder,100000,10,1,0.9,24.7176,575.352,167459,3.34918
[CSV]thomas-desktop,3,Embedder,215443,10,1,0.9,26.2526,1109.16,362834,3.36826
[CSV]thomas-desktop,3,Embedder,464158,10,1,0.9,27.7877,3830.86,760067,3.27504
[CSV]thomas-desktop,3,Embedder,1000000,10,1,0.9,29.3227,8084.13,1637379,3.27476
[CSV]thomas-desktop,3,Embedder,2154434,10,1,0.9,30.8578,16795,3541881,3.28799
[CSV]thomas-desktop,3,Embedder,4641588,10,1,0.9,32.3928,34845.1,7687095,3.31227
[CSV]thomas-desktop,3,Embedder,10000000,10,1,0.9,33.9279,72096.8,16619261,3.32385
[CSV]thomas-desktop,3,Embedder,21544346,10,1,0.9,35.463,149224,35983708,3.34043
[CSV]thomas-desktop,3,Embedder,10000,100,1,0.9,15.5072,46.8129,76311,15.2622
[CSV]thomas-desktop,3,Embedder,10000,100,1,0.9,15.5072,46.7962,77853,15.5706
[CSV]thomas-desktop,3,Embedder,21544,100,1,0.9,17.0422,103.101,171907,15.9587
[CSV]thomas-desktop,3,Embedder,46415,100,1,0.9,18.5773,223.658,386491,16.6537
[CSV]thomas-desktop,3,Embedder,100000,100,1,0.9,20.1124,487.222,839448,16.789
[CSV]thomas-desktop,3,Embedder,215443,100,1,0.9,21.6474,1083.04,1913584,17.7642
[CSV]thomas-desktop,3,Embedder,464158,100,1,0.9,23.1825,2370.28,4213562,18.1557
[CSV]thomas-desktop,3,Embedder,1000000,100,1,0.9,24.7176,5315.95,9297080,18.5942
[CSV]thomas-desktop,3,Embedder,2154434,100,1,0.9,26.2526,12212.5,20691082,19.2079
[CSV]thomas-desktop,3,Embedder,4641588,100,1,0.9,27.7877,20787.9,35260945,15.1935
[CSV]thomas-desktop,3,Embedder,10000000,100,1,0.9,29.3227,46834.6,78170604,15.6341
[CSV]thomas-desktop,3,Embedder,21544,1000,1,0.9,12.4371,1065.81,1998376,185.516
[CSV]thomas-desktop,3,Embedder,46415,1000,1,0.9,13.9721,1276.52,3244733,139.814
[CSV]thomas-desktop,3,Embedder,100000,1000,1,0.9,15.5072,2919.41,7218772,144.375
[CSV]thomas-desktop,3,Embedder,215443,1000,1,0.9,17.0423,6740.92,16209657,150.477
[CSV]thomas-desktop,3,Embedder,464158,1000,1,0.9,18.5773,15416.3,36279042,156.322
[CSV]thomas-desktop,3,Embedder,1000000,1000,1,0.9,20.1124,35694.4,81894595,163.789
[CSV]thomas-desktop,3,Embedder,2154434,1000,1,0.9,21.6474,81721.7,181679651,168.657
[CSV]thomas-desktop,3,Embedder,4641588,1000,1,0.9,23.1825,181532,403672642,173.937
[CSV]thomas-desktop,4,Embedder,10000,10,0.6,0,19.2056,35.868,54900,10.98
[CSV]thomas-desktop,4,Embedder,10000,10,0.6,0,19.2056,35.4781,54499,10.8998
[CSV]thomas-desktop,4,Embedder,21544,10,0.6,0,20.8558,47.866,97793,9.07844
[CSV]thomas-desktop,4,Embedder,46415,10,0.6,0,22.4896,113.253,214248,9.23184
[CSV]thomas-desktop,4,Embedder,100000,10,0.6,0,24.112,263.43,475685,9.5137
[CSV]thomas-desktop,4,Embedder,215443,10,0.6,0,25.7171,639.924,1104831,10.2564
[CSV]thomas-desktop,4,Embedder,464158,10,0.6,0,27.3193,1438.61,2158462,9.30055
[CSV]thomas-desktop,4,Embedder,1000000,10,0.6,0,28.9054,3688.47,4793244,9.58649
[CSV]thomas-desktop,4,Embedder,2154434,10,0.6,0,30.488,9801.36,11527534,10.7012
[CSV]thomas-desktop,4,Embedder,4641588,10,0.6,0,32.0655,14134.3,21757349,9.37496
[CSV]thomas-desktop,4,Embedder,10000000,10,0.6,0,33.6363,34153,49231361,9.84627
[CSV]thomas-desktop,4,Embedder,21544346,10,0.6,0,35.2051,81647.9,113710108,10.5559
[CSV]thomas-desktop,4,Embedder,46415888,10,0.6,0,36.7676,175433,222564631,9.59002
[CSV]thomas-desktop,4,Embedder,10000,100,0.6,0,14.0942,176.432,447633,89.5266
[CSV]thomas-desktop,4,Embedder,10000,100,0.6,0,14.0942,194.8,500188,100.038
[CSV]thomas-desktop,4,Embedder,21544,100,0.6,0,15.8307,510.568,1135321,105.396
[CSV]thomas-desktop,4,Embedder,46415,100,0.6,0,17.531,1149.3,2137499,92.1038
[CSV]thomas-desktop,4,Embedder,100000,100,0.6,0,19.2046,2827.18,4917413,98.3483
[CSV]thomas-desktop,4,Embedder,215443,100,0.6,0,20.8564,3709.29,10322128,95.8224
[CSV]thomas-desktop,4,Embedder,464158,100,0.6,0,22.4907,8632.21,21603098,93.0851
[CSV]thomas-desktop,4,Embedder,1000000,100,0.6,0,24.1109,21940.9,49476113,98.9522
[CSV]thomas-desktop,4,Embedder,2154434,100,0.6,0,25.7189,52500.7,104788172,97.2768
[CSV]thomas-desktop,4,Embedder,4641588,100,0.6,0,27.3174,128563,236205408,101.778
[CSV]thomas-desktop,4,Embedder,21544,1000,0.6,0,10.4538,4322.44,9805432,910.27
[CSV]thomas-desktop,4,Embedder,46415,1000,0.6,0,12.309,12054.8,21948329,945.743
[CSV]thomas-desktop,4,Embedder,100000,1000,0.6,0,14.0941,17999.6,47861790,957.236
[CSV]thomas-desktop,4,Embedder,215443,1000,0.6,0,15.8305,46919.1,107208558,995.238
[CSV]thomas-desktop,4,Embedder,464158,1000,0.6,0,17.5312,114367,222142289,957.184
[CSV]thomas-desktop,4,Embedder,10000,10,1,0,15.683,29.5948,48076,9.6152
[CSV]thomas-desktop,4,Embedder,10000,10,1,0,15.683,30.3356,49355,9.871
[CSV]thomas-desktop,4,Embedder,21544,10,1,0,17.2179,72.6435,114974,10.6734
[CSV]thomas-desktop,4,Embedder,46415,10,1,0,18.7527,156.431,233857,10.0768
[CSV]thomas-desktop,4,Embedder,100000,10,1,0,20.2913,337.437,500546,10.0109
[CSV]thomas-desktop,4,Embedder,215443,10,1,0,21.8265,766.973,1067460,9.90944
[CSV]thomas-desktop,4,Embedder,464158,10,1,0,23.3616,1714.52,2330058,10.0399
[CSV]thomas-desktop,4,Embedder,1000000,10,1,0,24.8968,3909.74,4994583,9.98917
[CSV]thomas-desktop,4,Embedder,2154434,10,1,0,26.4319,5389.41,10751528,9.98084
[CSV]thomas-desktop,4,Embedder,4641588,10,1,0,27.9671,12626.3,23186005,9.99055
[CSV]thomas-desktop,4,Embedder,10000000,10,1,0,29.5022,29461.3,49948364,9.98967
[CSV]thomas-desktop,4,Embedder,21544346,10,1,0,31.0374,68512.4,107846621,10.0116
[CSV]thomas-desktop,4,Embedder,46415888,10,1,0,32.5725,155528,231940799,9.99403
[CSV]thomas-desktop,4,Embedder,10000,100,1,0,11.0622,397.308,500849,100.17
[CSV]thomas-desktop,4,Embedder,10000,100,1,0,11.0622,403.395,504768,100.954
[CSV]thomas-desktop,4,Embedder,21544,100,1,0,12.6063,497.683,1128843,104.794
[CSV]thomas-desktop,4,Embedder,46415,100,1,0,14.1455,1102.46,2297989,99.0192
[CSV]thomas-desktop,4,Embedder,100000,100,1,0,15.683,2545.67,4950558,99.0112
[CSV]thomas-desktop,4,Embedder,215443,100,1,0,17.2191,5910.51,10693645,99.2712
[CSV]thomas-desktop,4,Embedder,464158,100,1,0,18.7545,13537.2,23338534,100.563
[CSV]thomas-desktop,4,Embedder,1000000,100,1,0,20.2899,30312.1,49943209,99.8864
[CSV]thomas-desktop,4,Embedder,2154434,100,1,0,21.825,70550,107370354,99.6738
[CSV]thomas-desktop,4,Embedder,4641588,100,1,0,23.36,156307,232718208,100.275
[CSV]thomas-desktop,4,Embedder,21544,1000,1,0,7.93843,6656.92,10713194,994.541
[CSV]thomas-desktop,4,Embedder,46415,1000,1,0,9.50959,16176.8,22920157,987.619
[CSV]thomas-desktop,4,Embedder,100000,1000,1,0,11.0624,38861.9,49958396,999.168
[CSV]thomas-desktop,4,Embedder,215443,1000,1,0,12.6062,46409.1,107261176,995.727
[CSV]thomas-desktop,4,Embedder,464158,1000,1,0,14.1456,108432,231064099,995.627
[CSV]thomas-desktop,4,Embedder,10000,10,0.6,0.5,20.9825,128.985,26519,5.3038
[CSV]thomas-desktop,4,Embedder,10000,10,0.6,0.5,20.9825,128.506,27231,5.4462
[CSV]thomas-desktop,4,Embedder,21544,10,0.6,0.5,22.5176,259.56,62308,5.78426
[CSV]thomas-desktop,4,Embedder,46415,10,0.6,0.5,24.0526,501.796,122089,5.26076
[CSV]thomas-desktop,4,Embedder,100000,10,0.6,0.5,25.5877,1013.52,313144,6.26288
[CSV]thomas-desktop,4,Embedder,215443,10,0.6,0.5,27.1228,2032.85,721684,6.69954
[CSV]thomas-desktop,4,Embedder,464158,10,0.6,0.5,28.6578,4266.71,1626532,7.00853
[CSV]thomas-desktop,4,Embedder,1000000,10,0.6,0.5,30.1929,9100.05,3525038,7.05008
[CSV]thomas-desktop,4,Embedder,2154434,10,0.6,0.5,31.7279,19537,7992483,7.41957
[CSV]thomas-desktop,4,Embedder,4641588,10,0.6,0.5,33.263,42133.2,18258032,7.86715
[CSV]thomas-desktop,4,Embedder,10000000,10,0.6,0.5,34.7981,129024,34922071,6.98441
[CSV]thomas-desktop,4,Embedder,10000,100,0.6,0.5,16.3774,132.392,225076,45.0152
[CSV]thomas-desktop,4,Embedder,10000,100,0.6,0.5,16.3774,138.934,232760,46.552
[CSV]thomas-desktop,4,Embedder,21544,100,0.6,0.5,17.9124,322.003,539576,50.0906
[CSV]thomas-desktop,4,Embedder,46415,100,0.6,0.5,19.4475,484.712,1051130,45.2927
[CSV]thomas-desktop,4,Embedder,100000,100,0.6,0.5,20.9825,1172.96,2637161,52.7432
[CSV]thomas-desktop,4,Embedder,215443,100,0.6,0.5,22.5176,2605.23,5606104,52.0426
[CSV]thomas-desktop,4,Embedder,464158,100,0.6,0.5,24.0527,6305.58,13558068,58.4201
[CSV]thomas-desktop,4,Embedder,1000000,100,0.6,0.5,25.5877,14910.3,30037834,60.0757
[CSV]thomas-desktop,4,Embedder,2154434,100,0.6,0.5,27.1228,36358.8,69402063,64.4272
[CSV]thomas-desktop,4,Embedder,4641588,100,0.6,0.5,28.6578,85450.7,154566567,66.6007
[CSV]thomas-desktop,4,Embedder,21544,1000,0.6,0.5,13.3072,1658.58,3647026,338.565
[CSV]thomas-desktop,4,Embedder,46415,1000,0.6,0.5,14.8423,4359.37,8959542,386.062
[CSV]thomas-desktop,4,Embedder,100000,1000,0.6,0.5,16.3774,11294.5,21957701,439.154
[CSV]thomas-desktop,4,Embedder,215443,1000,0.6,0.5,17.9124,28258.8,52573271,488.048
[CSV]thomas-desktop,4,Embedder,464158,1000,0.6,0.5,19.4475,37864.6,107437303,462.934
[CSV]thomas-desktop,4,Embedder,1000000,1000,0.6,0.5,20.9825,92194.1,252835350,505.671
[CSV]thomas-desktop,4,Embedder,2154434,1000,0.6,0.5,22.5176,222587,579815198,538.253
[CSV]thomas-desktop,4,Embedder,10000,10,1,0.5,16.5881,44.8809,42942,8.5884
[CSV]thomas-desktop,4,Embedder,10000,10,1,0.5,16.5881,45.2645,43731,8.7462
[CSV]thomas-desktop,4,Embedder,21544,10,1,0.5,18.1231,89.6846,86867,8.06415
[CSV]thomas-desktop,4,Embedder,46415,10,1,0.5,19.6582,186.32,191878,8.26793
[CSV]thomas-desktop,4,Embedder,100000,10,1,0.5,21.1933,386.423,415780,8.3156
[CSV]thomas-desktop,4,Embedder,215443,10,1,0.5,22.7283,827.509,902850,8.38134
[CSV]thomas-desktop,4,Embedder,464158,10,1,0.5,24.2634,1745.02,1993122,8.58812
[CSV]thomas-desktop,4,Embedder,1000000,10,1,0.5,25.7984,3956.99,4324996,8.64999
[CSV]thomas-desktop,4,Embedder,2154434,10,1,0.5,27.3335,8984.84,9473417,8.79434
[CSV]thomas-desktop,4,Embedder,4641588,10,1,0.5,28.8686,20246.3,20512863,8.83873
[CSV]thomas-desktop,4,Embedder,10000000,10,1,0.5,30.4036,45271.8,44579446,8.91589
[CSV]thomas-desktop,4,Embedder,21544346,10,1,0.5,31.9387,94950.7,87584587,8.13063
[CSV]thomas-desktop,4,Embedder,46415888,10,1,0.5,33.4737,204149,191253679,8.24087
[CSV]thomas-desktop,4,Embedder,10000,100,1,0.5,11.9829,233.492,410304,82.0608
[CSV]thomas-desktop,4,Embedder,10000,100,1,0.5,11.9829,238.262,420175,84.035
[CSV]thomas-desktop,4,Embedder,21544,100,1,0.5,13.518,544.239,917960,85.2172
[CSV]thomas-desktop,4,Embedder,46415,100,1,0.5,15.053,1236.3,1960788,84.4894
[CSV]thomas-desktop,4,Embedder,100000,100,1,0.5,16.5881,2867.71,4286317,85.7263
[CSV]thomas-desktop,4,Embedder,215443,100,1,0.5,18.1232,3468.01,8201400,76.1352
[CSV]thomas-desktop,4,Embedder,464158,100,1,0.5,19.6582,7779.77,17939042,77.2971
[CSV]thomas-desktop,4,Embedder,1000000,100,1,0.5,21.1933,18054.3,39625519,79.251
[CSV]thomas-desktop,4,Embedder,2154434,100,1,0.5,22.7283,41071.7,86884283,80.6562
[CSV]thomas-desktop,4,Embedder,4641588,100,1,0.5,24.2634,90250.3,189452666,81.6327
[CSV]thomas-desktop,4,Embedder,10000000,100,1,0.5,25.7984,201841,414197713,82.8395
[CSV]thomas-desktop,4,Embedder,21544,1000,1,0.5,8.91278,3888.27,8141354,755.789
[CSV]thomas-desktop,4,Embedder,46415,1000,1,0.5,10.4478,9496.22,18650491,803.641
[CSV]thomas-desktop,4,Embedder,100000,1000,1,0.5,11.9829,22185.4,40794903,815.898
[CSV]thomas-desktop,4,Embedder,215443,1000,1,0.5,13.518,52387.3,90334304,838.591
[CSV]thomas-desktop,4,Embedder,464158,1000,1,0.5,15.053,122264,198257909,854.269
[CSV]thomas-desktop,4,Embedder,10000,10,0.6,0.9,24.5068,420.32,13255,2.651
[CSV]thomas-desktop,4,Embedder,10000,10,0.6,0.9,24.5068,419.17,13440,2.688
[CSV]thomas-desktop,4,Embedder,21544,10,0.6,0.9,26.0419,812.871,30604,2.84107
[CSV]thomas-desktop,4,Embedder,46415,10,0.6,0.9,27.5769,1578.58,63999,2.75769
[CSV]thomas-desktop,4,Embedder,100000,10,0.6,0.9,29.112,3140.61,139893,2.79786
[CSV]thomas-desktop,4,Embedder,215443,10,0.6,0.9,30.6471,12434.4,285159,2.64719
[CSV]thomas-desktop,4,Embedder,464158,10,0.6,0.9,32.1821,24953.3,728580,3.13936
[CSV]thomas-desktop,4,Embedder,1000000,10,0.6,0.9,33.7172,50102.4,1317496,2.63499
[CSV]thomas-desktop,4,Embedder,2154434,10,0.6,0.9,35.2522,100731,2797565,2.59703
[CSV]thomas-desktop,4,Embedder,10000,100,0.6,0.9,19.9017,92.7593,62970,12.594
[CSV]thomas-desktop,4,Embedder,10000,100,0.6,0.9,19.9017,93.1253,63074,12.6148
[CSV]thomas-desktop,4,Embedder,21544,100,0.6,0.9,21.4367,191.699,134229,12.4609
[CSV]thomas-desktop,4,Embedder,46415,100,0.6,0.9,22.9717,397.689,322190,13.883
[CSV]thomas-desktop,4,Embedder,100000,100,0.6,0.9,24.5068,825.962,758572,15.1714
[CSV]thomas-desktop,4,Embedder,215443,100,0.6,0.9,26.0419,1715.2,1659560,15.406
[CSV]thomas-desktop,4,Embedder,464158,100,0.6,0.9,27.5769,3732.93,3823791,16.4762
[CSV]thomas-desktop,4,Embedder,1000000,100,0.6,0.9,29.112,8363.15,8215335,16.4307
[CSV]thomas-desktop,4,Embedder,21544,1000,0.6,0.9,16.8315,318.682,785280,72.9001
[CSV]thomas-desktop,4,Embedder,46415,1000,0.6,0.9,18.3666,789.359,1960509,84.4774
[CSV]thomas-desktop,4,Embedder,100000,1000,0.6,0.9,19.9017,1801.43,4440730,88.8146
[CSV]thomas-desktop,4,Embedder,215443,1000,0.6,0.9,21.4367,4615.14,11423444,106.046
[CSV]thomas-desktop,4,Embedder,464158,1000,0.6,0.9,22.9718,10734.5,25820880,111.259
[CSV]thomas-desktop,4,Embedder,1000000,1000,0.6,0.9,24.5068,25699.3,59087658,118.175
[CSV]thomas-desktop,4,Embedder,10000,10,1,0.9,20.1124,72.2132,16400,3.28
[CSV]thomas-desktop,4,Embedder,10000,10,1,0.9,20.1124,72.8449,15883,3.1766
[CSV]thomas-desktop,4,Embedder,21544,10,1,0.9,21.6474,147.124,35561,3.30124
[CSV]thomas-desktop,4,Embedder,46415,10,1,0.9,23.1825,292.516,76831,3.31061
[CSV]thomas-desktop,4,Embedder,100000,10,1,0.9,24.7176,568.287,167849,3.35698
[CSV]thomas-desktop,4,Embedder,215443,10,1,0.9,26.2526,1116.11,365941,3.3971
[CSV]thomas-desktop,4,Embedder,464158,10,1,0.9,27.7877,3830.65,755366,3.25478
[CSV]thomas-desktop,4,Embedder,1000000,10,1,0.9,29.3227,8047.97,1634589,3.26918
[CSV]thomas-desktop,4,Embedder,2154434,10,1,0.9,30.8578,16746.4,3545195,3.29107
[CSV]thomas-desktop,4,Embedder,4641588,10,1,0.9,32.3928,34792.9,7660855,3.30096
[CSV]thomas-desktop,4,Embedder,10000000,10,1,0.9,33.9279,72120.7,16606096,3.32122
[CSV]thomas-desktop,4,Embedder,21544346,10,1,0.9,35.463,149200,35959282,3.33816
[CSV]thomas-desktop,4,Embedder,10000,100,1,0.9,15.5072,51.0292,86413,17.2826
[CSV]thomas-desktop,4,Embedder,10000,100,1,0.9,15.5072,46.1044,76830,15.366
[CSV]thomas-desktop,4,Embedder,21544,100,1,0.9,17.0422,106.719,178034,16.5275
[CSV]thomas-desktop,4,Embedder,46415,100,1,0.9,18.5773,227.943,390224,16.8146
[CSV]thomas-desktop,4,Embedder,100000,100,1,0.9,20.1124,481.205,848057,16.9611
[CSV]thomas-desktop,4,Embedder,215443,100,1,0.9,21.6474,1089.73,1920436,17.8278
[CSV]thomas-desktop,4,Embedder,464158,100,1,0.9,23.1825,2365.59,4191986,18.0628
[CSV]thomas-desktop,4,Embedder,1000000,100,1,0.9,24.7176,5328.83,9331399,18.6628
[CSV]thomas-desktop,4,Embedder,2154434,100,1,0.9,26.2526,12131.1,20610113,19.1327
[CSV]thomas-desktop,4,Embedder,4641588,100,1,0.9,27.7877,20750.7,35277849,15.2008
[CSV]thomas-desktop,4,Embedder,10000000,100,1,0.9,29.3227,46431.3,78137812,15.6276
[CSV]thomas-desktop,4,Embedder,21544,1000,1,0.9,12.4371,1049.01,1971100,182.984
[CSV]thomas-desktop,4,Embedder,46415,1000,1,0.9,13.9721,1280.57,3278490,141.269
[CSV]thomas-desktop,4,Embedder,100000,1000,1,0.9,15.5072,2954.49,7309109,146.182
[CSV]thomas-desktop,4,Embedder,215443,1000,1,0.9,17.0423,6846.61,16478740,152.975
[CSV]thomas-desktop,4,Embedder,464158,1000,1,0.9,18.5773,15563.5,36631118,157.839
[CSV]thomas-desktop,4,Embedder,1000000,1000,1,0.9,20.1124,35368.3,81517311,163.035
[CSV]thomas-desktop,4,Embedder,2154434,1000,1,0.9,21.6474,82190,182774744,169.673
[CSV]thomas-desktop,4,Embedder,4641588,1000,1,0.9,23.1825,182594,405974724,174.929
