host,algo,iter,T,PLE,n,deg,time,edges,samplingTime,preprocessTime,totalTime
compute5,nkgen,0,0.0,2.2,2154,10,0,10278,0,0,3
compute5,nkgen,0,0.0,2.2,4641,10,0,20177,0,0,8
compute5,nkgen,0,0.0,2.2,10000,10,0,53564,1,0,19
compute5,nkgen,0,0.0,2.2,21544,10,0,97197,4,2,36
compute5,nkgen,0,0.0,2.2,46415,10,0,292340,9,4,87
compute5,nkgen,0,0.0,2.2,100000,10,0,449674,20,9,155
compute5,nkgen,0,0.0,2.2,215443,10,0,1075396,46,21,339
compute5,nkgen,0,0.0,2.2,464158,10,0,2324635,108,45,738
compute5,nkgen,0,0.0,2.2,1000000,10,0,4543396,240,103,1404
compute5,nkgen,0,0.0,2.2,2154434,10,0,10668770,551,234,3213
compute5,nkgen,0,0.0,2.2,4641588,10,0,22045632,1280,521,7162
compute5,nkgen,0,0.0,2.2,10000000,10,0,55916278,3020,1202,16820
compute5,nkgen,0,0.0,2.2,21544346,10,0,108016916,6851,2653,33189
compute5,nkgen,0,0.0,2.2,46415888,10,0,238325632,15719,6046,75463
compute5,nkgen,0,0.0,2.2,100000000,10,0,525731523,35632,13419,172062
compute5,nkgen,0,0.0,2.2,2154,100,0,99905,0,0,14
compute5,nkgen,0,0.0,2.2,4641,100,0,208504,0,0,31
compute5,nkgen,0,0.0,2.2,10000,100,0,444414,1,0,69
compute5,nkgen,0,0.0,2.2,21544,100,0,1092940,4,1,161
compute5,nkgen,0,0.0,2.2,46415,100,0,2280097,8,3,337
compute5,nkgen,0,0.0,2.2,100000,100,0,4770908,20,7,715
compute5,nkgen,0,0.0,2.2,215443,100,0,10851901,46,16,1625
compute5,nkgen,0,0.0,2.2,464158,100,0,24447968,103,43,3545
compute5,nkgen,0,0.0,2.2,1000000,100,0,49914999,244,107,6365
compute5,nkgen,0,0.0,2.2,2154434,100,0,106486362,559,238,12535
compute5,nkgen,0,0.0,2.2,4641588,100,0,226712993,1280,524,25121
compute5,nkgen,0,0.0,2.2,10000000,100,0,504182635,3017,1230,53365
compute5,nkgen,0,0.0,2.2,21544346,100,0,1038686210,7060,2702,105570
compute5,nkgen,0,0.0,2.2,46415888,100,0,2366005330,16368,6197,234770
compute5,nkgen,0,0.0,2.2,100000000,100,0,4946647228,36951,13975,499078
compute5,nkgen,0,0.0,2.2,4641,1000,0,2089672,0,0,244
compute5,nkgen,0,0.0,2.2,10000,1000,0,4575341,1,0,545
compute5,nkgen,0,0.0,2.2,21544,1000,0,10163460,4,1,1208
compute5,nkgen,0,0.0,2.2,46415,1000,0,22101847,8,3,2575
compute5,nkgen,0,0.0,2.2,100000,1000,0,48592497,19,7,5807
compute5,nkgen,0,0.0,2.2,215443,1000,0,102355043,44,17,12382
compute5,nkgen,0,0.0,2.2,464158,1000,0,228684584,100,43,27380
compute5,nkgen,0,0.0,2.2,1000000,1000,0,491677463,235,109,58268
compute5,nkgen,0,0.0,2.2,2154434,1000,0,1067204728,535,244,125202
compute5,nkgen,0,0.0,2.2,4641588,1000,0,2294567438,1271,536,251443
compute5,nkgen,0,0.0,2.2,10000000,1000,0,4928590943,2985,1267,471039
compute5,nkgen,0,0.0,2.2,21544346,1000,0,-1,-1,-1,-1
compute5,nkgen,0,0.0,2.2,46415888,1000,0,-1,-1,-1,-1
compute5,nkgen,0,0.0,2.2,100000000,1000,0,-1,-1,-1,-1
compute5,nkgen,0,0.0,3.0,2154,10,0,10530,0,0,3
compute5,nkgen,0,0.0,3.0,4641,10,0,24146,0,0,7
compute5,nkgen,0,0.0,3.0,10000,10,0,48902,1,0,17
compute5,nkgen,0,0.0,3.0,21544,10,0,105386,4,1,35
compute5,nkgen,0,0.0,3.0,46415,10,0,232157,8,4,77
compute5,nkgen,0,0.0,3.0,100000,10,0,499290,19,8,170
compute5,nkgen,0,0.0,3.0,215443,10,0,1068680,42,18,382
compute5,nkgen,0,0.0,3.0,464158,10,0,2318687,97,41,711
compute5,nkgen,0,0.0,3.0,1000000,10,0,4981131,225,93,1301
compute5,nkgen,0,0.0,3.0,2154434,10,0,10770206,530,220,2892
compute5,nkgen,0,0.0,3.0,4641588,10,0,23260027,1207,490,6560
compute5,nkgen,0,0.0,3.0,10000000,10,0,50015574,2854,1164,15007
compute5,nkgen,0,0.0,3.0,21544346,10,0,107548130,6735,2553,30322
compute5,nkgen,0,0.0,3.0,46415888,10,0,231808279,15394,5525,68434
compute5,nkgen,0,0.0,3.0,100000000,10,0,500062251,35335,13018,156192
compute5,nkgen,0,0.0,3.0,2154,100,0,104804,0,0,15
compute5,nkgen,0,0.0,3.0,4641,100,0,235188,0,0,35
compute5,nkgen,0,0.0,3.0,10000,100,0,495843,1,0,76
compute5,nkgen,0,0.0,3.0,21544,100,0,1065710,4,1,164
compute5,nkgen,0,0.0,3.0,46415,100,0,2307184,8,3,345
compute5,nkgen,0,0.0,3.0,100000,100,0,5006060,20,7,752
compute5,nkgen,0,0.0,3.0,215443,100,0,10672260,45,15,1633
compute5,nkgen,0,0.0,3.0,464158,100,0,23371846,103,38,3671
compute5,nkgen,0,0.0,3.0,1000000,100,0,50006626,235,96,7481
compute5,nkgen,0,0.0,3.0,2154434,100,0,108468016,518,225,15720
compute5,nkgen,0,0.0,3.0,4641588,100,0,232414852,1204,490,24367
compute5,nkgen,0,0.0,3.0,10000000,100,0,500516925,2839,1198,47229
compute5,nkgen,0,0.0,3.0,21544346,100,0,1075614243,6688,2609,95047
compute5,nkgen,0,0.0,3.0,46415888,100,0,2319535262,15353,5801,203472
compute5,nkgen,0,0.0,3.0,100000000,100,0,4997678262,35132,13255,444330
compute5,nkgen,0,0.0,3.0,4641,1000,0,2139735,0,0,246
compute5,nkgen,0,0.0,3.0,10000,1000,0,4943609,1,0,577
compute5,nkgen,0,0.0,3.0,21544,1000,0,10509203,4,1,1248
compute5,nkgen,0,0.0,3.0,46415,1000,0,23251984,8,3,2736
compute5,nkgen,0,0.0,3.0,100000,1000,0,50336034,20,7,5838
compute5,nkgen,0,0.0,3.0,215443,1000,0,107886264,45,17,12382
compute5,nkgen,0,0.0,3.0,464158,1000,0,232682933,103,38,27678
compute5,nkgen,0,0.0,3.0,1000000,1000,0,502357113,238,100,58194
compute5,nkgen,0,0.0,3.0,2154434,1000,0,1079528337,544,236,123294
compute5,nkgen,0,0.0,3.0,4641588,1000,0,2322438121,1280,513,259602
compute5,nkgen,0,0.0,3.0,10000000,1000,0,5002333076,2981,1181,560410
compute5,nkgen,0,0.0,3.0,21544346,1000,0,-1,-1,-1,-1
compute5,nkgen,0,0.0,3.0,46415888,1000,0,-1,-1,-1,-1
compute5,nkgen,0,0.0,3.0,100000000,1000,0,-1,-1,-1,-1
compute5,nkgen,0,0.5,2.2,2154,10,0,5066,0,1,187
compute5,nkgen,0,0.5,2.2,4641,10,0,12854,0,3,605
compute5,nkgen,0,0.5,2.2,10000,10,0,30031,1,6,1960
compute5,nkgen,0,0.5,2.2,21544,10,0,69975,4,12,5821
compute5,nkgen,0,0.5,2.2,46415,10,0,181218,9,33,17093
compute5,nkgen,0,0.5,2.2,100000,10,0,367174,19,59,50531
compute5,nkgen,0,0.5,2.2,215443,10,0,824800,45,160,160201
compute5,nkgen,0,0.5,2.2,464158,10,0,2205226,104,316,495468
compute5,nkgen,0,0.5,2.2,1000000,10,0,-1,-1,-1,-1
compute5,nkgen,0,0.5,2.2,2154434,10,0,-1,-1,-1,-1
compute5,nkgen,0,0.5,2.2,4641588,10,0,-1,-1,-1,-1
compute5,nkgen,0,0.5,2.2,10000000,10,0,-1,-1,-1,-1
compute5,nkgen,0,0.5,2.2,21544346,10,0,-1,-1,-1,-1
compute5,nkgen,0,0.5,2.2,46415888,10,0,-1,-1,-1,-1
compute5,nkgen,0,0.5,2.2,100000000,10,0,-1,-1,-1,-1
compute5,nkgen,0,0.5,2.2,2154,100,0,44261,0,1,221
compute5,nkgen,0,0.5,2.2,4641,100,0,102282,0,3,666
compute5,nkgen,0,0.5,2.2,10000,100,0,241588,1,6,2096
compute5,nkgen,0,0.5,2.2,21544,100,0,633643,4,12,6500
compute5,nkgen,0,0.5,2.2,46415,100,0,1416305,8,30,20802
compute5,nkgen,0,0.5,2.2,100000,100,0,3489646,19,57,63968
compute5,nkgen,0,0.5,2.2,215443,100,0,7203290,44,166,194077
compute5,nkgen,0,0.5,2.2,464158,100,0,-1,-1,-1,-1
compute5,nkgen,0,0.5,2.2,1000000,100,0,-1,-1,-1,-1
compute5,nkgen,0,0.5,2.2,2154434,100,0,-1,-1,-1,-1
compute5,nkgen,0,0.5,2.2,4641588,100,0,-1,-1,-1,-1
compute5,nkgen,0,0.5,2.2,10000000,100,0,-1,-1,-1,-1
compute5,nkgen,0,0.5,2.2,21544346,100,0,-1,-1,-1,-1
compute5,nkgen,0,0.5,2.2,46415888,100,0,-1,-1,-1,-1
compute5,nkgen,0,0.5,2.2,100000000,100,0,-1,-1,-1,-1
compute5,nkgen,0,0.5,2.2,4641,1000,0,725695,0,3,1127
compute5,nkgen,0,0.5,2.2,10000,1000,0,1802191,1,6,3425
compute5,nkgen,0,0.5,2.2,21544,1000,0,4260154,4,12,9451
compute5,nkgen,0,0.5,2.2,46415,1000,0,10315904,9,30,28795
compute5,nkgen,0,0.5,2.2,100000,1000,0,24896610,19,58,81352
compute5,nkgen,0,0.5,2.2,215443,1000,0,60731577,44,155,252997
compute5,nkgen,0,0.5,2.2,464158,1000,0,-1,-1,-1,-1
compute5,nkgen,0,0.5,2.2,1000000,1000,0,-1,-1,-1,-1
compute5,nkgen,0,0.5,2.2,2154434,1000,0,-1,-1,-1,-1
compute5,nkgen,0,0.5,2.2,4641588,1000,0,-1,-1,-1,-1
compute5,nkgen,0,0.5,2.2,10000000,1000,0,-1,-1,-1,-1
compute5,nkgen,0,0.5,2.2,21544346,1000,0,-1,-1,-1,-1
compute5,nkgen,0,0.5,2.2,46415888,1000,0,-1,-1,-1,-1
compute5,nkgen,0,0.5,2.2,100000000,1000,0,-1,-1,-1,-1
compute5,nkgen,0,0.5,3.0,2154,10,0,10129,0,1,195
compute5,nkgen,0,0.5,3.0,4641,10,0,22427,0,2,609
compute5,nkgen,0,0.5,3.0,10000,10,0,50013,1,6,2022
compute5,nkgen,0,0.5,3.0,21544,10,0,107531,4,12,6064
compute5,nkgen,0,0.5,3.0,46415,10,0,228092,9,30,19840
compute5,nkgen,0,0.5,3.0,100000,10,0,497517,18,57,61663
compute5,nkgen,0,0.5,3.0,215443,10,0,1070246,42,155,179162
compute5,nkgen,0,0.5,3.0,464158,10,0,2324305,93,315,507715
compute5,nkgen,0,0.5,3.0,1000000,10,0,-1,-1,-1,-1
compute5,nkgen,0,0.5,3.0,2154434,10,0,-1,-1,-1,-1
compute5,nkgen,0,0.5,3.0,4641588,10,0,-1,-1,-1,-1
compute5,nkgen,0,0.5,3.0,10000000,10,0,-1,-1,-1,-1
compute5,nkgen,0,0.5,3.0,21544346,10,0,-1,-1,-1,-1
compute5,nkgen,0,0.5,3.0,46415888,10,0,-1,-1,-1,-1
compute5,nkgen,0,0.5,3.0,100000000,10,0,-1,-1,-1,-1
compute5,nkgen,0,0.5,3.0,2154,100,0,99591,0,1,270
compute5,nkgen,0,0.5,3.0,4641,100,0,218179,0,2,795
compute5,nkgen,0,0.5,3.0,10000,100,0,502878,1,9,2484
compute5,nkgen,0,0.5,3.0,21544,100,0,1076771,4,12,7334
compute5,nkgen,0,0.5,3.0,46415,100,0,2314178,8,30,22234
compute5,nkgen,0,0.5,3.0,100000,100,0,4930829,19,58,65312
compute5,nkgen,0,0.5,3.0,215443,100,0,10733875,44,158,209997
compute5,nkgen,0,0.5,3.0,464158,100,0,-1,-1,-1,-1
compute5,nkgen,0,0.5,3.0,1000000,100,0,-1,-1,-1,-1
compute5,nkgen,0,0.5,3.0,2154434,100,0,-1,-1,-1,-1
compute5,nkgen,0,0.5,3.0,4641588,100,0,-1,-1,-1,-1
compute5,nkgen,0,0.5,3.0,10000000,100,0,-1,-1,-1,-1
compute5,nkgen,0,0.5,3.0,21544346,100,0,-1,-1,-1,-1
compute5,nkgen,0,0.5,3.0,46415888,100,0,-1,-1,-1,-1
compute5,nkgen,0,0.5,3.0,100000000,100,0,-1,-1,-1,-1
compute5,nkgen,0,0.5,3.0,4641,1000,0,1818911,0,3,2030
compute5,nkgen,0,0.5,3.0,10000,1000,0,4377443,1,6,5759
compute5,nkgen,0,0.5,3.0,21544,1000,0,10087283,4,12,14784
compute5,nkgen,0,0.5,3.0,46415,1000,0,22455905,9,30,41982
compute5,nkgen,0,0.5,3.0,100000,1000,0,49469694,20,57,109211
compute5,nkgen,0,0.5,3.0,215443,1000,0,107024380,44,149,314797
compute5,nkgen,0,0.5,3.0,464158,1000,0,-1,-1,-1,-1
compute5,nkgen,0,0.5,3.0,1000000,1000,0,-1,-1,-1,-1
compute5,nkgen,0,0.5,3.0,2154434,1000,0,-1,-1,-1,-1
compute5,nkgen,0,0.5,3.0,4641588,1000,0,-1,-1,-1,-1
compute5,nkgen,0,0.5,3.0,10000000,1000,0,-1,-1,-1,-1
compute5,nkgen,0,0.5,3.0,21544346,1000,0,-1,-1,-1,-1
compute5,nkgen,0,0.5,3.0,46415888,1000,0,-1,-1,-1,-1
compute5,nkgen,0,0.5,3.0,100000000,1000,0,-1,-1,-1,-1
compute5,nkgen,0,0.9,2.2,2154,10,0,2546,0,1,189
compute5,nkgen,0,0.9,2.2,4641,10,0,7209,0,2,544
compute5,nkgen,0,0.9,2.2,10000,10,0,18748,1,6,1650
compute5,nkgen,0,0.9,2.2,21544,10,0,42377,4,12,4905
compute5,nkgen,0,0.9,2.2,46415,10,0,103788,9,31,16199
compute5,nkgen,0,0.9,2.2,100000,10,0,232984,19,57,48109
compute5,nkgen,0,0.9,2.2,215443,10,0,499768,44,153,156394
compute5,nkgen,0,0.9,2.2,464158,10,0,1200768,100,325,473803
compute5,nkgen,0,0.9,2.2,1000000,10,0,-1,-1,-1,-1
compute5,nkgen,0,0.9,2.2,2154434,10,0,-1,-1,-1,-1
compute5,nkgen,0,0.9,2.2,4641588,10,0,-1,-1,-1,-1
compute5,nkgen,0,0.9,2.2,10000000,10,0,-1,-1,-1,-1
compute5,nkgen,0,0.9,2.2,21544346,10,0,-1,-1,-1,-1
compute5,nkgen,0,0.9,2.2,46415888,10,0,-1,-1,-1,-1
compute5,nkgen,0,0.9,2.2,100000000,10,0,-1,-1,-1,-1
compute5,nkgen,0,0.9,2.2,2154,100,0,18879,0,1,198
compute5,nkgen,0,0.9,2.2,4641,100,0,48419,0,3,638
compute5,nkgen,0,0.9,2.2,10000,100,0,117427,1,6,2044
compute5,nkgen,0,0.9,2.2,21544,100,0,308928,4,12,6299
compute5,nkgen,0,0.9,2.2,46415,100,0,777183,8,30,18861
compute5,nkgen,0,0.9,2.2,100000,100,0,1726008,20,57,53329
compute5,nkgen,0,0.9,2.2,215443,100,0,3956612,44,154,167327
compute5,nkgen,0,0.9,2.2,464158,100,0,-1,-1,-1,-1
compute5,nkgen,0,0.9,2.2,1000000,100,0,-1,-1,-1,-1
compute5,nkgen,0,0.9,2.2,2154434,100,0,-1,-1,-1,-1
compute5,nkgen,0,0.9,2.2,4641588,100,0,-1,-1,-1,-1
compute5,nkgen,0,0.9,2.2,10000000,100,0,-1,-1,-1,-1
compute5,nkgen,0,0.9,2.2,21544346,100,0,-1,-1,-1,-1
compute5,nkgen,0,0.9,2.2,46415888,100,0,-1,-1,-1,-1
compute5,nkgen,0,0.9,2.2,100000000,100,0,-1,-1,-1,-1
compute5,nkgen,0,0.9,2.2,4641,1000,0,321024,0,2,922
compute5,nkgen,0,0.9,2.2,10000,1000,0,814453,1,6,2837
compute5,nkgen,0,0.9,2.2,21544,1000,0,2184361,4,12,8397
compute5,nkgen,0,0.9,2.2,46415,1000,0,5389848,8,30,26213
compute5,nkgen,0,0.9,2.2,100000,1000,0,13155043,20,58,76026
compute5,nkgen,0,0.9,2.2,215443,1000,0,31743000,44,150,241364
compute5,nkgen,0,0.9,2.2,464158,1000,0,-1,-1,-1,-1
compute5,nkgen,0,0.9,2.2,1000000,1000,0,-1,-1,-1,-1
compute5,nkgen,0,0.9,2.2,2154434,1000,0,-1,-1,-1,-1
compute5,nkgen,0,0.9,2.2,4641588,1000,0,-1,-1,-1,-1
compute5,nkgen,0,0.9,2.2,10000000,1000,0,-1,-1,-1,-1
compute5,nkgen,0,0.9,2.2,21544346,1000,0,-1,-1,-1,-1
compute5,nkgen,0,0.9,2.2,46415888,1000,0,-1,-1,-1,-1
compute5,nkgen,0,0.9,2.2,100000000,1000,0,-1,-1,-1,-1
compute5,nkgen,0,0.9,3.0,2154,10,0,5922,0,1,190
compute5,nkgen,0,0.9,3.0,4641,10,0,13955,0,3,600
compute5,nkgen,0,0.9,3.0,10000,10,0,32322,1,6,1965
compute5,nkgen,0,0.9,3.0,21544,10,0,70512,3,12,6153
compute5,nkgen,0,0.9,3.0,46415,10,0,156973,8,30,17329
compute5,nkgen,0,0.9,3.0,100000,10,0,353797,18,58,49428
compute5,nkgen,0,0.9,3.0,215443,10,0,785896,41,157,159171
compute5,nkgen,0,0.9,3.0,464158,10,0,1749767,92,327,477670
compute5,nkgen,0,0.9,3.0,1000000,10,0,-1,-1,-1,-1
compute5,nkgen,0,0.9,3.0,2154434,10,0,-1,-1,-1,-1
compute5,nkgen,0,0.9,3.0,4641588,10,0,-1,-1,-1,-1
compute5,nkgen,0,0.9,3.0,10000000,10,0,-1,-1,-1,-1
compute5,nkgen,0,0.9,3.0,21544346,10,0,-1,-1,-1,-1
compute5,nkgen,0,0.9,3.0,46415888,10,0,-1,-1,-1,-1
compute5,nkgen,0,0.9,3.0,100000000,10,0,-1,-1,-1,-1
compute5,nkgen,0,0.9,3.0,2154,100,0,46513,0,1,247
compute5,nkgen,0,0.9,3.0,4641,100,0,105737,0,3,720
compute5,nkgen,0,0.9,3.0,10000,100,0,260629,1,6,2272
compute5,nkgen,0,0.9,3.0,21544,100,0,598011,4,12,6825
compute5,nkgen,0,0.9,3.0,46415,100,0,1370676,8,30,21806
compute5,nkgen,0,0.9,3.0,100000,100,0,3137745,19,57,66030
compute5,nkgen,0,0.9,3.0,215443,100,0,6998409,42,150,209278
compute5,nkgen,0,0.9,3.0,464158,100,0,-1,-1,-1,-1
compute5,nkgen,0,0.9,3.0,1000000,100,0,-1,-1,-1,-1
compute5,nkgen,0,0.9,3.0,2154434,100,0,-1,-1,-1,-1
compute5,nkgen,0,0.9,3.0,4641588,100,0,-1,-1,-1,-1
compute5,nkgen,0,0.9,3.0,10000000,100,0,-1,-1,-1,-1
compute5,nkgen,0,0.9,3.0,21544346,100,0,-1,-1,-1,-1
compute5,nkgen,0,0.9,3.0,46415888,100,0,-1,-1,-1,-1
compute5,nkgen,0,0.9,3.0,100000000,100,0,-1,-1,-1,-1
compute5,nkgen,0,0.9,3.0,4641,1000,0,784132,0,3,1476
compute5,nkgen,0,0.9,3.0,10000,1000,0,1858532,1,6,4256
compute5,nkgen,0,0.9,3.0,21544,1000,0,4609696,4,12,12135
compute5,nkgen,0,0.9,3.0,46415,1000,0,11044979,9,30,35255
compute5,nkgen,0,0.9,3.0,100000,1000,0,25811739,20,58,96827
compute5,nkgen,0,0.9,3.0,215443,1000,0,59841954,44,149,292582
compute5,nkgen,0,0.9,3.0,464158,1000,0,-1,-1,-1,-1
compute5,nkgen,0,0.9,3.0,1000000,1000,0,-1,-1,-1,-1
compute5,nkgen,0,0.9,3.0,2154434,1000,0,-1,-1,-1,-1
compute5,nkgen,0,0.9,3.0,4641588,1000,0,-1,-1,-1,-1
compute5,nkgen,0,0.9,3.0,10000000,1000,0,-1,-1,-1,-1
compute5,nkgen,0,0.9,3.0,21544346,1000,0,-1,-1,-1,-1
compute5,nkgen,0,0.9,3.0,46415888,1000,0,-1,-1,-1,-1
compute5,nkgen,0,0.9,3.0,100000000,1000,0,-1,-1,-1,-1
compute5,nkgen,1,0.0,2.2,2154,10,0,11522,0,0,3
compute5,nkgen,1,0.0,2.2,4641,10,0,23988,0,0,8
compute5,nkgen,1,0.0,2.2,10000,10,0,49734,1,0,18
compute5,nkgen,1,0.0,2.2,21544,10,0,102538,4,1,35
compute5,nkgen,1,0.0,2.2,46415,10,0,225245,8,3,77
compute5,nkgen,1,0.0,2.2,100000,10,0,438539,19,7,149
compute5,nkgen,1,0.0,2.2,215443,10,0,1127668,44,16,337
compute5,nkgen,1,0.0,2.2,464158,10,0,2268153,102,36,713
compute5,nkgen,1,0.0,2.2,1000000,10,0,5855793,231,90,1478
compute5,nkgen,1,0.0,2.2,2154434,10,0,11282927,520,220,3210
compute5,nkgen,1,0.0,2.2,4641588,10,0,22541661,1267,506,7154
compute5,nkgen,1,0.0,2.2,10000000,10,0,48378196,3001,1176,16214
compute5,nkgen,1,0.0,2.2,21544346,10,0,117551980,6823,2615,33728
compute5,nkgen,1,0.0,2.2,46415888,10,0,225414683,15640,5959,74412
compute5,nkgen,1,0.0,2.2,100000000,10,0,488022747,35262,13262,168481
compute5,nkgen,1,0.0,2.2,2154,100,0,97418,0,0,14
compute5,nkgen,1,0.0,2.2,4641,100,0,217883,0,0,32
compute5,nkgen,1,0.0,2.2,10000,100,0,504027,1,0,75
compute5,nkgen,1,0.0,2.2,21544,100,0,1010897,4,1,151
compute5,nkgen,1,0.0,2.2,46415,100,0,2252086,9,3,336
compute5,nkgen,1,0.0,2.2,100000,100,0,4680314,19,7,708
compute5,nkgen,1,0.0,2.2,215443,100,0,10977352,44,16,1638
compute5,nkgen,1,0.0,2.2,464158,100,0,22205486,101,37,3271
compute5,nkgen,1,0.0,2.2,1000000,100,0,47736295,229,88,6018
compute5,nkgen,1,0.0,2.2,2154434,100,0,103208634,519,223,12074
compute5,nkgen,1,0.0,2.2,4641588,100,0,237087093,1267,513,25769
compute5,nkgen,1,0.0,2.2,10000000,100,0,493219381,3012,1200,52783
compute5,nkgen,1,0.0,2.2,21544346,100,0,1066486540,7002,2668,108040
compute5,nkgen,1,0.0,2.2,46415888,100,0,2306737748,16228,6112,230724
compute5,nkgen,1,0.0,2.2,100000000,100,0,4886998922,36865,13487,492168
compute5,nkgen,1,0.0,2.2,4641,1000,0,1994687,0,0,235
compute5,nkgen,1,0.0,2.2,10000,1000,0,4506239,1,0,538
compute5,nkgen,1,0.0,2.2,21544,1000,0,10052020,4,1,1210
compute5,nkgen,1,0.0,2.2,46415,1000,0,22238995,9,3,2619
compute5,nkgen,1,0.0,2.2,100000,1000,0,48383148,19,7,5815
compute5,nkgen,1,0.0,2.2,215443,1000,0,105605538,44,17,12716
compute5,nkgen,1,0.0,2.2,464158,1000,0,228930243,102,39,26470
compute5,nkgen,1,0.0,2.2,1000000,1000,0,492139006,229,95,57441
compute5,nkgen,1,0.0,2.2,2154434,1000,0,1062061337,522,231,126189
compute5,nkgen,1,0.0,2.2,4641588,1000,0,2272903680,1270,530,254499
compute5,nkgen,1,0.0,2.2,10000000,1000,0,5051149151,3001,1246,495213
compute5,nkgen,1,0.0,2.2,21544346,1000,0,-1,-1,-1,-1
compute5,nkgen,1,0.0,2.2,46415888,1000,0,-1,-1,-1,-1
compute5,nkgen,1,0.0,2.2,100000000,1000,0,-1,-1,-1,-1
compute5,nkgen,1,0.0,3.0,2154,10,0,10465,0,0,3
compute5,nkgen,1,0.0,3.0,4641,10,0,22083,0,0,7
compute5,nkgen,1,0.0,3.0,10000,10,0,49063,1,0,17
compute5,nkgen,1,0.0,3.0,21544,10,0,107875,4,1,34
compute5,nkgen,1,0.0,3.0,46415,10,0,232829,8,2,75
compute5,nkgen,1,0.0,3.0,100000,10,0,497694,19,6,167
compute5,nkgen,1,0.0,3.0,215443,10,0,1079395,42,15,378
compute5,nkgen,1,0.0,3.0,464158,10,0,2343744,95,33,703
compute5,nkgen,1,0.0,3.0,1000000,10,0,4995013,215,86,1281
compute5,nkgen,1,0.0,3.0,2154434,10,0,10750905,487,212,2839
compute5,nkgen,1,0.0,3.0,4641588,10,0,23195584,1194,485,6549
compute5,nkgen,1,0.0,3.0,10000000,10,0,50027392,2859,1150,15003
compute5,nkgen,1,0.0,3.0,21544346,10,0,107646231,6706,2547,30323
compute5,nkgen,1,0.0,3.0,46415888,10,0,231599404,15430,5524,68517
compute5,nkgen,1,0.0,3.0,100000000,10,0,500303736,35331,13021,156209
compute5,nkgen,1,0.0,3.0,2154,100,0,116077,0,0,17
compute5,nkgen,1,0.0,3.0,4641,100,0,240201,0,0,35
compute5,nkgen,1,0.0,3.0,10000,100,0,497391,1,0,77
compute5,nkgen,1,0.0,3.0,21544,100,0,1090204,4,1,167
compute5,nkgen,1,0.0,3.0,46415,100,0,2346394,9,3,353
compute5,nkgen,1,0.0,3.0,100000,100,0,4962850,19,7,752
compute5,nkgen,1,0.0,3.0,215443,100,0,10899059,44,15,1675
compute5,nkgen,1,0.0,3.0,464158,100,0,23187004,102,34,3622
compute5,nkgen,1,0.0,3.0,1000000,100,0,50492898,228,84,7572
compute5,nkgen,1,0.0,3.0,2154434,100,0,107783369,494,215,15463
compute5,nkgen,1,0.0,3.0,4641588,100,0,232561949,1199,484,24394
compute5,nkgen,1,0.0,3.0,10000000,100,0,499772305,2849,1185,47248
compute5,nkgen,1,0.0,3.0,21544346,100,0,1075336037,6767,2591,95143
compute5,nkgen,1,0.0,3.0,46415888,100,0,2318483322,15506,5789,203657
compute5,nkgen,1,0.0,3.0,100000000,100,0,4997326852,35317,13265,445294
compute5,nkgen,1,0.0,3.0,4641,1000,0,2163514,0,0,248
compute5,nkgen,1,0.0,3.0,10000,1000,0,4957784,1,0,577
compute5,nkgen,1,0.0,3.0,21544,1000,0,10692705,4,1,1254
compute5,nkgen,1,0.0,3.0,46415,1000,0,22980735,8,3,2714
compute5,nkgen,1,0.0,3.0,100000,1000,0,50056942,19,7,5844
compute5,nkgen,1,0.0,3.0,215443,1000,0,107561929,44,16,12598
compute5,nkgen,1,0.0,3.0,464158,1000,0,232496501,102,37,27651
compute5,nkgen,1,0.0,3.0,1000000,1000,0,498765956,230,89,58047
compute5,nkgen,1,0.0,3.0,2154434,1000,0,1073845575,557,248,122954
compute5,nkgen,1,0.0,3.0,4641588,1000,0,2322475704,1272,509,261125
compute5,nkgen,1,0.0,3.0,10000000,1000,0,4987444087,2995,1172,561852
compute5,nkgen,1,0.0,3.0,21544346,1000,0,-1,-1,-1,-1
compute5,nkgen,1,0.0,3.0,46415888,1000,0,-1,-1,-1,-1
compute5,nkgen,1,0.0,3.0,100000000,1000,0,-1,-1,-1,-1
compute5,nkgen,1,0.5,2.2,2154,10,0,5043,0,1,195
compute5,nkgen,1,0.5,2.2,4641,10,0,12076,0,2,601
compute5,nkgen,1,0.5,2.2,10000,10,0,33049,1,6,1957
compute5,nkgen,1,0.5,2.2,21544,10,0,84782,4,12,5787
compute5,nkgen,1,0.5,2.2,46415,10,0,187635,9,30,17211
compute5,nkgen,1,0.5,2.2,100000,10,0,382136,19,58,50499
compute5,nkgen,1,0.5,2.2,215443,10,0,771132,44,154,161009
compute5,nkgen,1,0.5,2.2,464158,10,0,1812609,102,296,493135
compute5,nkgen,1,0.5,2.2,1000000,10,0,-1,-1,-1,-1
compute5,nkgen,1,0.5,2.2,2154434,10,0,-1,-1,-1,-1
compute5,nkgen,1,0.5,2.2,4641588,10,0,-1,-1,-1,-1
compute5,nkgen,1,0.5,2.2,10000000,10,0,-1,-1,-1,-1
compute5,nkgen,1,0.5,2.2,21544346,10,0,-1,-1,-1,-1
compute5,nkgen,1,0.5,2.2,46415888,10,0,-1,-1,-1,-1
compute5,nkgen,1,0.5,2.2,100000000,10,0,-1,-1,-1,-1
compute5,nkgen,1,0.5,2.2,2154,100,0,42134,0,1,225
compute5,nkgen,1,0.5,2.2,4641,100,0,103814,0,2,681
compute5,nkgen,1,0.5,2.2,10000,100,0,286907,1,6,2106
compute5,nkgen,1,0.5,2.2,21544,100,0,579993,4,12,6487
compute5,nkgen,1,0.5,2.2,46415,100,0,1580996,8,30,21161
compute5,nkgen,1,0.5,2.2,100000,100,0,3138956,20,57,62848
compute5,nkgen,1,0.5,2.2,215443,100,0,6927311,44,149,192829
compute5,nkgen,1,0.5,2.2,464158,100,0,-1,-1,-1,-1
compute5,nkgen,1,0.5,2.2,1000000,100,0,-1,-1,-1,-1
compute5,nkgen,1,0.5,2.2,2154434,100,0,-1,-1,-1,-1
compute5,nkgen,1,0.5,2.2,4641588,100,0,-1,-1,-1,-1
compute5,nkgen,1,0.5,2.2,10000000,100,0,-1,-1,-1,-1
compute5,nkgen,1,0.5,2.2,21544346,100,0,-1,-1,-1,-1
compute5,nkgen,1,0.5,2.2,46415888,100,0,-1,-1,-1,-1
compute5,nkgen,1,0.5,2.2,100000000,100,0,-1,-1,-1,-1
compute5,nkgen,1,0.5,2.2,4641,1000,0,682397,0,3,1094
compute5,nkgen,1,0.5,2.2,10000,1000,0,1677286,1,6,3239
compute5,nkgen,1,0.5,2.2,21544,1000,0,4364399,4,12,9499
compute5,nkgen,1,0.5,2.2,46415,1000,0,10695516,8,30,29273
compute5,nkgen,1,0.5,2.2,100000,1000,0,25681124,19,58,82173
compute5,nkgen,1,0.5,2.2,215443,1000,0,58460296,44,153,248800
compute5,nkgen,1,0.5,2.2,464158,1000,0,-1,-1,-1,-1
compute5,nkgen,1,0.5,2.2,1000000,1000,0,-1,-1,-1,-1
compute5,nkgen,1,0.5,2.2,2154434,1000,0,-1,-1,-1,-1
compute5,nkgen,1,0.5,2.2,4641588,1000,0,-1,-1,-1,-1
compute5,nkgen,1,0.5,2.2,10000000,1000,0,-1,-1,-1,-1
compute5,nkgen,1,0.5,2.2,21544346,1000,0,-1,-1,-1,-1
compute5,nkgen,1,0.5,2.2,46415888,1000,0,-1,-1,-1,-1
compute5,nkgen,1,0.5,2.2,100000000,1000,0,-1,-1,-1,-1
compute5,nkgen,1,0.5,3.0,2154,10,0,10628,0,1,202
compute5,nkgen,1,0.5,3.0,4641,10,0,23223,0,2,613
compute5,nkgen,1,0.5,3.0,10000,10,0,49944,1,6,2003
compute5,nkgen,1,0.5,3.0,21544,10,0,106883,4,12,6175
compute5,nkgen,1,0.5,3.0,46415,10,0,239977,8,30,20305
compute5,nkgen,1,0.5,3.0,100000,10,0,496802,19,58,61371
compute5,nkgen,1,0.5,3.0,215443,10,0,1087971,42,151,177705
compute5,nkgen,1,0.5,3.0,464158,10,0,2305393,93,297,499810
compute5,nkgen,1,0.5,3.0,1000000,10,0,-1,-1,-1,-1
compute5,nkgen,1,0.5,3.0,2154434,10,0,-1,-1,-1,-1
compute5,nkgen,1,0.5,3.0,4641588,10,0,-1,-1,-1,-1
compute5,nkgen,1,0.5,3.0,10000000,10,0,-1,-1,-1,-1
compute5,nkgen,1,0.5,3.0,21544346,10,0,-1,-1,-1,-1
compute5,nkgen,1,0.5,3.0,46415888,10,0,-1,-1,-1,-1
compute5,nkgen,1,0.5,3.0,100000000,10,0,-1,-1,-1,-1
compute5,nkgen,1,0.5,3.0,2154,100,0,100402,0,1,270
compute5,nkgen,1,0.5,3.0,4641,100,0,230098,0,3,808
compute5,nkgen,1,0.5,3.0,10000,100,0,516216,1,6,2509
compute5,nkgen,1,0.5,3.0,21544,100,0,1051444,4,12,7196
compute5,nkgen,1,0.5,3.0,46415,100,0,2397930,8,30,22327
compute5,nkgen,1,0.5,3.0,100000,100,0,5024451,19,57,66275
compute5,nkgen,1,0.5,3.0,215443,100,0,10743424,44,148,208397
compute5,nkgen,1,0.5,3.0,464158,100,0,-1,-1,-1,-1
compute5,nkgen,1,0.5,3.0,1000000,100,0,-1,-1,-1,-1
compute5,nkgen,1,0.5,3.0,2154434,100,0,-1,-1,-1,-1
compute5,nkgen,1,0.5,3.0,4641588,100,0,-1,-1,-1,-1
compute5,nkgen,1,0.5,3.0,10000000,100,0,-1,-1,-1,-1
compute5,nkgen,1,0.5,3.0,21544346,100,0,-1,-1,-1,-1
compute5,nkgen,1,0.5,3.0,46415888,100,0,-1,-1,-1,-1
compute5,nkgen,1,0.5,3.0,100000000,100,0,-1,-1,-1,-1
compute5,nkgen,1,0.5,3.0,4641,1000,0,1816862,0,3,2003
compute5,nkgen,1,0.5,3.0,10000,1000,0,4431290,1,6,5826
compute5,nkgen,1,0.5,3.0,21544,1000,0,10313049,4,12,14951
compute5,nkgen,1,0.5,3.0,46415,1000,0,22467834,9,31,42016
compute5,nkgen,1,0.5,3.0,100000,1000,0,48646056,19,57,107786
compute5,nkgen,1,0.5,3.0,215443,1000,0,106487862,44,150,313929
compute5,nkgen,1,0.5,3.0,464158,1000,0,-1,-1,-1,-1
compute5,nkgen,1,0.5,3.0,1000000,1000,0,-1,-1,-1,-1
compute5,nkgen,1,0.5,3.0,2154434,1000,0,-1,-1,-1,-1
compute5,nkgen,1,0.5,3.0,4641588,1000,0,-1,-1,-1,-1
compute5,nkgen,1,0.5,3.0,10000000,1000,0,-1,-1,-1,-1
compute5,nkgen,1,0.5,3.0,21544346,1000,0,-1,-1,-1,-1
compute5,nkgen,1,0.5,3.0,46415888,1000,0,-1,-1,-1,-1
compute5,nkgen,1,0.5,3.0,100000000,1000,0,-1,-1,-1,-1
compute5,nkgen,1,0.9,2.2,2154,10,0,2748,0,1,196
compute5,nkgen,1,0.9,2.2,4641,10,0,10247,0,2,559
compute5,nkgen,1,0.9,2.2,10000,10,0,18271,1,6,1669
compute5,nkgen,1,0.9,2.2,21544,10,0,35780,4,12,4917
compute5,nkgen,1,0.9,2.2,46415,10,0,90003,8,30,16018
compute5,nkgen,1,0.9,2.2,100000,10,0,231047,19,58,48956
compute5,nkgen,1,0.9,2.2,215443,10,0,512273,44,149,155552
compute5,nkgen,1,0.9,2.2,464158,10,0,1120988,101,288,478450
compute5,nkgen,1,0.9,2.2,1000000,10,0,-1,-1,-1,-1
compute5,nkgen,1,0.9,2.2,2154434,10,0,-1,-1,-1,-1
compute5,nkgen,1,0.9,2.2,4641588,10,0,-1,-1,-1,-1
compute5,nkgen,1,0.9,2.2,10000000,10,0,-1,-1,-1,-1
compute5,nkgen,1,0.9,2.2,21544346,10,0,-1,-1,-1,-1
compute5,nkgen,1,0.9,2.2,46415888,10,0,-1,-1,-1,-1
compute5,nkgen,1,0.9,2.2,100000000,10,0,-1,-1,-1,-1
compute5,nkgen,1,0.9,2.2,2154,100,0,20752,0,1,206
compute5,nkgen,1,0.9,2.2,4641,100,0,49836,0,3,638
compute5,nkgen,1,0.9,2.2,10000,100,0,125452,1,6,2085
compute5,nkgen,1,0.9,2.2,21544,100,0,341328,4,12,6400
compute5,nkgen,1,0.9,2.2,46415,100,0,753452,9,30,18891
compute5,nkgen,1,0.9,2.2,100000,100,0,1828114,19,58,53319
compute5,nkgen,1,0.9,2.2,215443,100,0,4156771,44,149,167563
compute5,nkgen,1,0.9,2.2,464158,100,0,-1,-1,-1,-1
compute5,nkgen,1,0.9,2.2,1000000,100,0,-1,-1,-1,-1
compute5,nkgen,1,0.9,2.2,2154434,100,0,-1,-1,-1,-1
compute5,nkgen,1,0.9,2.2,4641588,100,0,-1,-1,-1,-1
compute5,nkgen,1,0.9,2.2,10000000,100,0,-1,-1,-1,-1
compute5,nkgen,1,0.9,2.2,21544346,100,0,-1,-1,-1,-1
compute5,nkgen,1,0.9,2.2,46415888,100,0,-1,-1,-1,-1
compute5,nkgen,1,0.9,2.2,100000000,100,0,-1,-1,-1,-1
compute5,nkgen,1,0.9,2.2,4641,1000,0,330957,0,3,923
compute5,nkgen,1,0.9,2.2,10000,1000,0,855291,1,6,2886
compute5,nkgen,1,0.9,2.2,21544,1000,0,2104549,4,12,8332
compute5,nkgen,1,0.9,2.2,46415,1000,0,5174973,9,30,25890
compute5,nkgen,1,0.9,2.2,100000,1000,0,12799043,19,58,76542
compute5,nkgen,1,0.9,2.2,215443,1000,0,30922863,44,150,238188
compute5,nkgen,1,0.9,2.2,464158,1000,0,-1,-1,-1,-1
compute5,nkgen,1,0.9,2.2,1000000,1000,0,-1,-1,-1,-1
compute5,nkgen,1,0.9,2.2,2154434,1000,0,-1,-1,-1,-1
compute5,nkgen,1,0.9,2.2,4641588,1000,0,-1,-1,-1,-1
compute5,nkgen,1,0.9,2.2,10000000,1000,0,-1,-1,-1,-1
compute5,nkgen,1,0.9,2.2,21544346,1000,0,-1,-1,-1,-1
compute5,nkgen,1,0.9,2.2,46415888,1000,0,-1,-1,-1,-1
compute5,nkgen,1,0.9,2.2,100000000,1000,0,-1,-1,-1,-1
compute5,nkgen,1,0.9,3.0,2154,10,0,6358,0,1,196
compute5,nkgen,1,0.9,3.0,4641,10,0,14699,0,2,622
compute5,nkgen,1,0.9,3.0,10000,10,0,31198,1,6,1997
compute5,nkgen,1,0.9,3.0,21544,10,0,68762,3,12,6056
compute5,nkgen,1,0.9,3.0,46415,10,0,156868,8,30,16867
compute5,nkgen,1,0.9,3.0,100000,10,0,355005,18,58,49767
compute5,nkgen,1,0.9,3.0,215443,10,0,781358,41,153,156040
compute5,nkgen,1,0.9,3.0,464158,10,0,1757776,94,296,478915
compute5,nkgen,1,0.9,3.0,1000000,10,0,-1,-1,-1,-1
compute5,nkgen,1,0.9,3.0,2154434,10,0,-1,-1,-1,-1
compute5,nkgen,1,0.9,3.0,4641588,10,0,-1,-1,-1,-1
compute5,nkgen,1,0.9,3.0,10000000,10,0,-1,-1,-1,-1
compute5,nkgen,1,0.9,3.0,21544346,10,0,-1,-1,-1,-1
compute5,nkgen,1,0.9,3.0,46415888,10,0,-1,-1,-1,-1
compute5,nkgen,1,0.9,3.0,100000000,10,0,-1,-1,-1,-1
compute5,nkgen,1,0.9,3.0,2154,100,0,46099,0,1,243
compute5,nkgen,1,0.9,3.0,4641,100,0,105583,0,3,718
compute5,nkgen,1,0.9,3.0,10000,100,0,263787,1,6,2289
compute5,nkgen,1,0.9,3.0,21544,100,0,598382,4,12,6895
compute5,nkgen,1,0.9,3.0,46415,100,0,1379049,9,30,21821
compute5,nkgen,1,0.9,3.0,100000,100,0,3126513,20,57,66133
compute5,nkgen,1,0.9,3.0,215443,100,0,7053824,42,153,209916
compute5,nkgen,1,0.9,3.0,464158,100,0,-1,-1,-1,-1
compute5,nkgen,1,0.9,3.0,1000000,100,0,-1,-1,-1,-1
compute5,nkgen,1,0.9,3.0,2154434,100,0,-1,-1,-1,-1
compute5,nkgen,1,0.9,3.0,4641588,100,0,-1,-1,-1,-1
compute5,nkgen,1,0.9,3.0,10000000,100,0,-1,-1,-1,-1
compute5,nkgen,1,0.9,3.0,21544346,100,0,-1,-1,-1,-1
compute5,nkgen,1,0.9,3.0,46415888,100,0,-1,-1,-1,-1
compute5,nkgen,1,0.9,3.0,100000000,100,0,-1,-1,-1,-1
compute5,nkgen,1,0.9,3.0,4641,1000,0,733425,0,3,1423
compute5,nkgen,1,0.9,3.0,10000,1000,0,1822946,1,6,4247
compute5,nkgen,1,0.9,3.0,21544,1000,0,4543904,4,12,11833
compute5,nkgen,1,0.9,3.0,46415,1000,0,10974472,9,30,35656
compute5,nkgen,1,0.9,3.0,100000,1000,0,25898056,19,57,97429
compute5,nkgen,1,0.9,3.0,215443,1000,0,59587010,44,153,289865
compute5,nkgen,1,0.9,3.0,464158,1000,0,-1,-1,-1,-1
compute5,nkgen,1,0.9,3.0,1000000,1000,0,-1,-1,-1,-1
compute5,nkgen,1,0.9,3.0,2154434,1000,0,-1,-1,-1,-1
compute5,nkgen,1,0.9,3.0,4641588,1000,0,-1,-1,-1,-1
compute5,nkgen,1,0.9,3.0,10000000,1000,0,-1,-1,-1,-1
compute5,nkgen,1,0.9,3.0,21544346,1000,0,-1,-1,-1,-1
compute5,nkgen,1,0.9,3.0,46415888,1000,0,-1,-1,-1,-1
compute5,nkgen,1,0.9,3.0,100000000,1000,0,-1,-1,-1,-1
compute5,nkgen,2,0.0,2.2,2154,10,0,10019,0,0,3
compute5,nkgen,2,0.0,2.2,4641,10,0,21350,0,0,7
compute5,nkgen,2,0.0,2.2,10000,10,0,50951,1,0,18
compute5,nkgen,2,0.0,2.2,21544,10,0,102235,4,1,35
compute5,nkgen,2,0.0,2.2,46415,10,0,245807,8,3,80
compute5,nkgen,2,0.0,2.2,100000,10,0,424375,19,7,148
compute5,nkgen,2,0.0,2.2,215443,10,0,1016057,44,16,327
compute5,nkgen,2,0.0,2.2,464158,10,0,2511254,101,35,730
compute5,nkgen,2,0.0,2.2,1000000,10,0,5041252,230,86,1424
compute5,nkgen,2,0.0,2.2,2154434,10,0,11477710,524,218,3223
compute5,nkgen,2,0.0,2.2,4641588,10,0,21900253,1264,501,7107
compute5,nkgen,2,0.0,2.2,10000000,10,0,59114583,3003,1167,16968
compute5,nkgen,2,0.0,2.2,21544346,10,0,108813816,6827,2603,33162
compute5,nkgen,2,0.0,2.2,46415888,10,0,227242911,15602,5951,74548
compute5,nkgen,2,0.0,2.2,100000000,10,0,490556457,35261,13222,168676
compute5,nkgen,2,0.0,2.2,2154,100,0,104103,0,0,15
compute5,nkgen,2,0.0,2.2,4641,100,0,211411,0,0,32
compute5,nkgen,2,0.0,2.2,10000,100,0,502520,1,0,75
compute5,nkgen,2,0.0,2.2,21544,100,0,1085166,4,1,160
compute5,nkgen,2,0.0,2.2,46415,100,0,2462590,8,3,359
compute5,nkgen,2,0.0,2.2,100000,100,0,5488110,19,7,797
compute5,nkgen,2,0.0,2.2,215443,100,0,10805084,44,16,1611
compute5,nkgen,2,0.0,2.2,464158,100,0,23559188,101,38,3403
compute5,nkgen,2,0.0,2.2,1000000,100,0,50476920,230,86,6270
compute5,nkgen,2,0.0,2.2,2154434,100,0,106763503,528,223,12373
compute5,nkgen,2,0.0,2.2,4641588,100,0,226887134,1258,511,24969
compute5,nkgen,2,0.0,2.2,10000000,100,0,489905324,3008,1195,52510
compute5,nkgen,2,0.0,2.2,21544346,100,0,1083687706,6991,2657,109158
compute5,nkgen,2,0.0,2.2,46415888,100,0,2310105158,16184,6098,231544
compute5,nkgen,2,0.0,2.2,100000000,100,0,5024398765,36717,13507,502100
compute5,nkgen,2,0.0,2.2,4641,1000,0,1913813,0,0,227
compute5,nkgen,2,0.0,2.2,10000,1000,0,4270677,1,0,517
compute5,nkgen,2,0.0,2.2,21544,1000,0,10246811,4,1,1233
compute5,nkgen,2,0.0,2.2,46415,1000,0,21735506,8,3,2584
compute5,nkgen,2,0.0,2.2,100000,1000,0,47700125,19,7,5803
compute5,nkgen,2,0.0,2.2,215443,1000,0,106703650,44,17,12968
compute5,nkgen,2,0.0,2.2,464158,1000,0,228795196,101,40,28034
compute5,nkgen,2,0.0,2.2,1000000,1000,0,501073824,231,98,59636
compute5,nkgen,2,0.0,2.2,2154434,1000,0,1068494172,524,230,124943
compute5,nkgen,2,0.0,2.2,4641588,1000,0,2280211845,1260,529,258876
compute5,nkgen,2,0.0,2.2,10000000,1000,0,4995987169,3033,1246,482840
compute5,nkgen,2,0.0,2.2,21544346,1000,0,-1,-1,-1,-1
compute5,nkgen,2,0.0,2.2,46415888,1000,0,-1,-1,-1,-1
compute5,nkgen,2,0.0,2.2,100000000,1000,0,-1,-1,-1,-1
compute5,nkgen,2,0.0,3.0,2154,10,0,12837,0,0,3
compute5,nkgen,2,0.0,3.0,4641,10,0,22474,0,0,7
compute5,nkgen,2,0.0,3.0,10000,10,0,51585,1,0,17
compute5,nkgen,2,0.0,3.0,21544,10,0,106378,4,1,34
compute5,nkgen,2,0.0,3.0,46415,10,0,233280,8,3,75
compute5,nkgen,2,0.0,3.0,100000,10,0,498490,19,6,167
compute5,nkgen,2,0.0,3.0,215443,10,0,1080895,41,15,378
compute5,nkgen,2,0.0,3.0,464158,10,0,2329277,94,33,701
compute5,nkgen,2,0.0,3.0,1000000,10,0,4984450,218,78,1276
compute5,nkgen,2,0.0,3.0,2154434,10,0,10731705,494,212,2843
compute5,nkgen,2,0.0,3.0,4641588,10,0,23109228,1193,483,6536
compute5,nkgen,2,0.0,3.0,10000000,10,0,49979335,2857,1148,15001
compute5,nkgen,2,0.0,3.0,21544346,10,0,107668567,6714,2546,30314
compute5,nkgen,2,0.0,3.0,46415888,10,0,231838931,15437,5519,68483
compute5,nkgen,2,0.0,3.0,100000000,10,0,500132519,35264,13046,156274
compute5,nkgen,2,0.0,3.0,2154,100,0,109970,0,0,16
compute5,nkgen,2,0.0,3.0,4641,100,0,231481,0,0,34
compute5,nkgen,2,0.0,3.0,10000,100,0,512290,1,0,78
compute5,nkgen,2,0.0,3.0,21544,100,0,1107814,4,1,167
compute5,nkgen,2,0.0,3.0,46415,100,0,2292618,8,3,345
compute5,nkgen,2,0.0,3.0,100000,100,0,5005467,19,7,745
compute5,nkgen,2,0.0,3.0,215443,100,0,11006208,44,15,1667
compute5,nkgen,2,0.0,3.0,464158,100,0,23211333,101,35,3542
compute5,nkgen,2,0.0,3.0,1000000,100,0,49987906,230,87,7342
compute5,nkgen,2,0.0,3.0,2154434,100,0,107646610,500,215,15487
compute5,nkgen,2,0.0,3.0,4641588,100,0,231571492,1209,486,24382
compute5,nkgen,2,0.0,3.0,10000000,100,0,499710051,2894,1199,47258
compute5,nkgen,2,0.0,3.0,21544346,100,0,1076918974,6739,2627,95201
compute5,nkgen,2,0.0,3.0,46415888,100,0,2321438872,15430,5777,203864
compute5,nkgen,2,0.0,3.0,100000000,100,0,5002837003,35396,13274,445481
compute5,nkgen,2,0.0,3.0,4641,1000,0,2172100,0,0,249
compute5,nkgen,2,0.0,3.0,10000,1000,0,4920988,1,0,572
compute5,nkgen,2,0.0,3.0,21544,1000,0,10518654,4,1,1251
compute5,nkgen,2,0.0,3.0,46415,1000,0,23417688,8,3,2757
compute5,nkgen,2,0.0,3.0,100000,1000,0,50279758,19,7,5785
compute5,nkgen,2,0.0,3.0,215443,1000,0,106700234,44,16,12306
compute5,nkgen,2,0.0,3.0,464158,1000,0,232738308,101,38,27208
compute5,nkgen,2,0.0,3.0,1000000,1000,0,501564201,232,91,58203
compute5,nkgen,2,0.0,3.0,2154434,1000,0,1079521164,524,225,122721
compute5,nkgen,2,0.0,3.0,4641588,1000,0,2316152552,1261,504,261495
compute5,nkgen,2,0.0,3.0,10000000,1000,0,5010656447,3007,1171,561379
compute5,nkgen,2,0.0,3.0,21544346,1000,0,-1,-1,-1,-1
compute5,nkgen,2,0.0,3.0,46415888,1000,0,-1,-1,-1,-1
compute5,nkgen,2,0.0,3.0,100000000,1000,0,-1,-1,-1,-1
compute5,nkgen,2,0.5,2.2,2154,10,0,5926,0,1,197
compute5,nkgen,2,0.5,2.2,4641,10,0,13860,0,3,598
compute5,nkgen,2,0.5,2.2,10000,10,0,33774,1,6,1957
compute5,nkgen,2,0.5,2.2,21544,10,0,66967,4,12,5790
compute5,nkgen,2,0.5,2.2,46415,10,0,182468,9,30,17280
compute5,nkgen,2,0.5,2.2,100000,10,0,405625,19,58,50670
compute5,nkgen,2,0.5,2.2,215443,10,0,786960,44,152,160470
compute5,nkgen,2,0.5,2.2,464158,10,0,1936761,100,291,491088
compute5,nkgen,2,0.5,2.2,1000000,10,0,-1,-1,-1,-1
compute5,nkgen,2,0.5,2.2,2154434,10,0,-1,-1,-1,-1
compute5,nkgen,2,0.5,2.2,4641588,10,0,-1,-1,-1,-1
compute5,nkgen,2,0.5,2.2,10000000,10,0,-1,-1,-1,-1
compute5,nkgen,2,0.5,2.2,21544346,10,0,-1,-1,-1,-1
compute5,nkgen,2,0.5,2.2,46415888,10,0,-1,-1,-1,-1
compute5,nkgen,2,0.5,2.2,100000000,10,0,-1,-1,-1,-1
compute5,nkgen,2,0.5,2.2,2154,100,0,39357,0,1,213
compute5,nkgen,2,0.5,2.2,4641,100,0,108973,0,3,686
compute5,nkgen,2,0.5,2.2,10000,100,0,243652,2,6,2120
compute5,nkgen,2,0.5,2.2,21544,100,0,645488,4,12,6507
compute5,nkgen,2,0.5,2.2,46415,100,0,1360801,9,30,20946
compute5,nkgen,2,0.5,2.2,100000,100,0,3058629,19,58,62615
compute5,nkgen,2,0.5,2.2,215443,100,0,7079406,45,149,192808
compute5,nkgen,2,0.5,2.2,464158,100,0,-1,-1,-1,-1
compute5,nkgen,2,0.5,2.2,1000000,100,0,-1,-1,-1,-1
compute5,nkgen,2,0.5,2.2,2154434,100,0,-1,-1,-1,-1
compute5,nkgen,2,0.5,2.2,4641588,100,0,-1,-1,-1,-1
compute5,nkgen,2,0.5,2.2,10000000,100,0,-1,-1,-1,-1
compute5,nkgen,2,0.5,2.2,21544346,100,0,-1,-1,-1,-1
compute5,nkgen,2,0.5,2.2,46415888,100,0,-1,-1,-1,-1
compute5,nkgen,2,0.5,2.2,100000000,100,0,-1,-1,-1,-1
compute5,nkgen,2,0.5,2.2,4641,1000,0,655677,0,3,1074
compute5,nkgen,2,0.5,2.2,10000,1000,0,1811187,1,6,3416
compute5,nkgen,2,0.5,2.2,21544,1000,0,4447523,4,12,9659
compute5,nkgen,2,0.5,2.2,46415,1000,0,10719038,9,31,29166
compute5,nkgen,2,0.5,2.2,100000,1000,0,26064802,20,57,83124
compute5,nkgen,2,0.5,2.2,215443,1000,0,60021955,44,149,251769
compute5,nkgen,2,0.5,2.2,464158,1000,0,-1,-1,-1,-1
compute5,nkgen,2,0.5,2.2,1000000,1000,0,-1,-1,-1,-1
compute5,nkgen,2,0.5,2.2,2154434,1000,0,-1,-1,-1,-1
compute5,nkgen,2,0.5,2.2,4641588,1000,0,-1,-1,-1,-1
compute5,nkgen,2,0.5,2.2,10000000,1000,0,-1,-1,-1,-1
compute5,nkgen,2,0.5,2.2,21544346,1000,0,-1,-1,-1,-1
compute5,nkgen,2,0.5,2.2,46415888,1000,0,-1,-1,-1,-1
compute5,nkgen,2,0.5,2.2,100000000,1000,0,-1,-1,-1,-1
compute5,nkgen,2,0.5,3.0,2154,10,0,11064,0,1,201
compute5,nkgen,2,0.5,3.0,4641,10,0,22651,0,2,621
compute5,nkgen,2,0.5,3.0,10000,10,0,49804,1,6,1997
compute5,nkgen,2,0.5,3.0,21544,10,0,111389,4,12,6157
compute5,nkgen,2,0.5,3.0,46415,10,0,226257,9,30,20045
compute5,nkgen,2,0.5,3.0,100000,10,0,526719,19,58,62854
compute5,nkgen,2,0.5,3.0,215443,10,0,1078275,42,151,177954
compute5,nkgen,2,0.5,3.0,464158,10,0,2310106,94,293,502601
compute5,nkgen,2,0.5,3.0,1000000,10,0,-1,-1,-1,-1
compute5,nkgen,2,0.5,3.0,2154434,10,0,-1,-1,-1,-1
compute5,nkgen,2,0.5,3.0,4641588,10,0,-1,-1,-1,-1
compute5,nkgen,2,0.5,3.0,10000000,10,0,-1,-1,-1,-1
compute5,nkgen,2,0.5,3.0,21544346,10,0,-1,-1,-1,-1
compute5,nkgen,2,0.5,3.0,46415888,10,0,-1,-1,-1,-1
compute5,nkgen,2,0.5,3.0,100000000,10,0,-1,-1,-1,-1
compute5,nkgen,2,0.5,3.0,2154,100,0,98722,0,1,270
compute5,nkgen,2,0.5,3.0,4641,100,0,227884,0,3,809
compute5,nkgen,2,0.5,3.0,10000,100,0,496153,1,6,2459
compute5,nkgen,2,0.5,3.0,21544,100,0,1071032,4,12,7139
compute5,nkgen,2,0.5,3.0,46415,100,0,2315242,9,30,22444
compute5,nkgen,2,0.5,3.0,100000,100,0,4998613,19,58,66324
compute5,nkgen,2,0.5,3.0,215443,100,0,10763179,44,153,208188
compute5,nkgen,2,0.5,3.0,464158,100,0,-1,-1,-1,-1
compute5,nkgen,2,0.5,3.0,1000000,100,0,-1,-1,-1,-1
compute5,nkgen,2,0.5,3.0,2154434,100,0,-1,-1,-1,-1
compute5,nkgen,2,0.5,3.0,4641588,100,0,-1,-1,-1,-1
compute5,nkgen,2,0.5,3.0,10000000,100,0,-1,-1,-1,-1
compute5,nkgen,2,0.5,3.0,21544346,100,0,-1,-1,-1,-1
compute5,nkgen,2,0.5,3.0,46415888,100,0,-1,-1,-1,-1
compute5,nkgen,2,0.5,3.0,100000000,100,0,-1,-1,-1,-1
compute5,nkgen,2,0.5,3.0,4641,1000,0,1754246,0,3,1975
compute5,nkgen,2,0.5,3.0,10000,1000,0,4423227,1,6,5817
compute5,nkgen,2,0.5,3.0,21544,1000,0,10236021,4,12,14967
compute5,nkgen,2,0.5,3.0,46415,1000,0,22628784,9,30,42496
compute5,nkgen,2,0.5,3.0,100000,1000,0,49005196,19,57,108386
compute5,nkgen,2,0.5,3.0,215443,1000,0,107535861,44,152,315926
compute5,nkgen,2,0.5,3.0,464158,1000,0,-1,-1,-1,-1
compute5,nkgen,2,0.5,3.0,1000000,1000,0,-1,-1,-1,-1
compute5,nkgen,2,0.5,3.0,2154434,1000,0,-1,-1,-1,-1
compute5,nkgen,2,0.5,3.0,4641588,1000,0,-1,-1,-1,-1
compute5,nkgen,2,0.5,3.0,10000000,1000,0,-1,-1,-1,-1
compute5,nkgen,2,0.5,3.0,21544346,1000,0,-1,-1,-1,-1
compute5,nkgen,2,0.5,3.0,46415888,1000,0,-1,-1,-1,-1
compute5,nkgen,2,0.5,3.0,100000000,1000,0,-1,-1,-1,-1
compute5,nkgen,2,0.9,2.2,2154,10,0,2327,0,1,183
compute5,nkgen,2,0.9,2.2,4641,10,0,6896,0,2,554
compute5,nkgen,2,0.9,2.2,10000,10,0,17879,2,6,1666
compute5,nkgen,2,0.9,2.2,21544,10,0,40740,4,12,4955
compute5,nkgen,2,0.9,2.2,46415,10,0,93540,8,30,16128
compute5,nkgen,2,0.9,2.2,100000,10,0,214424,20,58,48872
compute5,nkgen,2,0.9,2.2,215443,10,0,495029,44,152,157018
compute5,nkgen,2,0.9,2.2,464158,10,0,1191497,101,288,478236
compute5,nkgen,2,0.9,2.2,1000000,10,0,-1,-1,-1,-1
compute5,nkgen,2,0.9,2.2,2154434,10,0,-1,-1,-1,-1
compute5,nkgen,2,0.9,2.2,4641588,10,0,-1,-1,-1,-1
compute5,nkgen,2,0.9,2.2,10000000,10,0,-1,-1,-1,-1
compute5,nkgen,2,0.9,2.2,21544346,10,0,-1,-1,-1,-1
compute5,nkgen,2,0.9,2.2,46415888,10,0,-1,-1,-1,-1
compute5,nkgen,2,0.9,2.2,100000000,10,0,-1,-1,-1,-1
compute5,nkgen,2,0.9,2.2,2154,100,0,22390,0,1,209
compute5,nkgen,2,0.9,2.2,4641,100,0,55157,0,3,653
compute5,nkgen,2,0.9,2.2,10000,100,0,120176,1,6,2059
compute5,nkgen,2,0.9,2.2,21544,100,0,326910,4,12,6412
compute5,nkgen,2,0.9,2.2,46415,100,0,725045,8,30,18671
compute5,nkgen,2,0.9,2.2,100000,100,0,1794693,20,57,53378
compute5,nkgen,2,0.9,2.2,215443,100,0,4088066,44,150,167076
compute5,nkgen,2,0.9,2.2,464158,100,0,-1,-1,-1,-1
compute5,nkgen,2,0.9,2.2,1000000,100,0,-1,-1,-1,-1
compute5,nkgen,2,0.9,2.2,2154434,100,0,-1,-1,-1,-1
compute5,nkgen,2,0.9,2.2,4641588,100,0,-1,-1,-1,-1
compute5,nkgen,2,0.9,2.2,10000000,100,0,-1,-1,-1,-1
compute5,nkgen,2,0.9,2.2,21544346,100,0,-1,-1,-1,-1
compute5,nkgen,2,0.9,2.2,46415888,100,0,-1,-1,-1,-1
compute5,nkgen,2,0.9,2.2,100000000,100,0,-1,-1,-1,-1
compute5,nkgen,2,0.9,2.2,4641,1000,0,307550,0,3,904
compute5,nkgen,2,0.9,2.2,10000,1000,0,876094,1,6,2905
compute5,nkgen,2,0.9,2.2,21544,1000,0,2018019,4,12,8176
compute5,nkgen,2,0.9,2.2,46415,1000,0,5247398,9,30,26222
compute5,nkgen,2,0.9,2.2,100000,1000,0,12795946,20,58,75571
compute5,nkgen,2,0.9,2.2,215443,1000,0,31276408,44,149,237860
compute5,nkgen,2,0.9,2.2,464158,1000,0,-1,-1,-1,-1
compute5,nkgen,2,0.9,2.2,1000000,1000,0,-1,-1,-1,-1
compute5,nkgen,2,0.9,2.2,2154434,1000,0,-1,-1,-1,-1
compute5,nkgen,2,0.9,2.2,4641588,1000,0,-1,-1,-1,-1
compute5,nkgen,2,0.9,2.2,10000000,1000,0,-1,-1,-1,-1
compute5,nkgen,2,0.9,2.2,21544346,1000,0,-1,-1,-1,-1
compute5,nkgen,2,0.9,2.2,46415888,1000,0,-1,-1,-1,-1
compute5,nkgen,2,0.9,2.2,100000000,1000,0,-1,-1,-1,-1
compute5,nkgen,2,0.9,3.0,2154,10,0,5837,0,1,191
compute5,nkgen,2,0.9,3.0,4641,10,0,13999,0,2,623
compute5,nkgen,2,0.9,3.0,10000,10,0,31375,1,6,1979
compute5,nkgen,2,0.9,3.0,21544,10,0,72765,3,12,6241
compute5,nkgen,2,0.9,3.0,46415,10,0,155199,8,30,17012
compute5,nkgen,2,0.9,3.0,100000,10,0,359914,18,57,50035
compute5,nkgen,2,0.9,3.0,215443,10,0,795442,42,170,158686
compute5,nkgen,2,0.9,3.0,464158,10,0,1759098,94,289,481434
compute5,nkgen,2,0.9,3.0,1000000,10,0,-1,-1,-1,-1
compute5,nkgen,2,0.9,3.0,2154434,10,0,-1,-1,-1,-1
compute5,nkgen,2,0.9,3.0,4641588,10,0,-1,-1,-1,-1
compute5,nkgen,2,0.9,3.0,10000000,10,0,-1,-1,-1,-1
compute5,nkgen,2,0.9,3.0,21544346,10,0,-1,-1,-1,-1
compute5,nkgen,2,0.9,3.0,46415888,10,0,-1,-1,-1,-1
compute5,nkgen,2,0.9,3.0,100000000,10,0,-1,-1,-1,-1
compute5,nkgen,2,0.9,3.0,2154,100,0,45802,0,1,240
compute5,nkgen,2,0.9,3.0,4641,100,0,104305,0,3,717
compute5,nkgen,2,0.9,3.0,10000,100,0,271061,1,6,2342
compute5,nkgen,2,0.9,3.0,21544,100,0,608356,4,12,6954
compute5,nkgen,2,0.9,3.0,46415,100,0,1356345,9,30,21826
compute5,nkgen,2,0.9,3.0,100000,100,0,3107513,20,58,65796
compute5,nkgen,2,0.9,3.0,215443,100,0,7090051,42,149,210847
compute5,nkgen,2,0.9,3.0,464158,100,0,-1,-1,-1,-1
compute5,nkgen,2,0.9,3.0,1000000,100,0,-1,-1,-1,-1
compute5,nkgen,2,0.9,3.0,2154434,100,0,-1,-1,-1,-1
compute5,nkgen,2,0.9,3.0,4641588,100,0,-1,-1,-1,-1
compute5,nkgen,2,0.9,3.0,10000000,100,0,-1,-1,-1,-1
compute5,nkgen,2,0.9,3.0,21544346,100,0,-1,-1,-1,-1
compute5,nkgen,2,0.9,3.0,46415888,100,0,-1,-1,-1,-1
compute5,nkgen,2,0.9,3.0,100000000,100,0,-1,-1,-1,-1
compute5,nkgen,2,0.9,3.0,4641,1000,0,744852,0,3,1433
compute5,nkgen,2,0.9,3.0,10000,1000,0,1915027,1,6,4378
compute5,nkgen,2,0.9,3.0,21544,1000,0,4662485,4,12,12103
compute5,nkgen,2,0.9,3.0,46415,1000,0,10905265,9,30,35083
compute5,nkgen,2,0.9,3.0,100000,1000,0,26031355,19,58,97629
compute5,nkgen,2,0.9,3.0,215443,1000,0,60049581,44,152,293358
compute5,nkgen,2,0.9,3.0,464158,1000,0,-1,-1,-1,-1
compute5,nkgen,2,0.9,3.0,1000000,1000,0,-1,-1,-1,-1
compute5,nkgen,2,0.9,3.0,2154434,1000,0,-1,-1,-1,-1
compute5,nkgen,2,0.9,3.0,4641588,1000,0,-1,-1,-1,-1
compute5,nkgen,2,0.9,3.0,10000000,1000,0,-1,-1,-1,-1
compute5,nkgen,2,0.9,3.0,21544346,1000,0,-1,-1,-1,-1
compute5,nkgen,2,0.9,3.0,46415888,1000,0,-1,-1,-1,-1
compute5,nkgen,2,0.9,3.0,100000000,1000,0,-1,-1,-1,-1
compute5,nkgen,3,0.0,2.2,2154,10,0,10320,0,0,3
compute5,nkgen,3,0.0,2.2,4641,10,0,23550,0,0,8
compute5,nkgen,3,0.0,2.2,10000,10,0,41319,1,0,17
compute5,nkgen,3,0.0,2.2,21544,10,0,96661,4,1,34
compute5,nkgen,3,0.0,2.2,46415,10,0,260127,8,3,81
compute5,nkgen,3,0.0,2.2,100000,10,0,496268,19,7,157
compute5,nkgen,3,0.0,2.2,215443,10,0,1072459,44,16,333
compute5,nkgen,3,0.0,2.2,464158,10,0,2499045,100,36,729
compute5,nkgen,3,0.0,2.2,1000000,10,0,4693228,230,91,1396
compute5,nkgen,3,0.0,2.2,2154434,10,0,11905019,532,219,3269
compute5,nkgen,3,0.0,2.2,4641588,10,0,23951584,1269,505,7306
compute5,nkgen,3,0.0,2.2,10000000,10,0,50952075,3031,1220,16511
compute5,nkgen,3,0.0,2.2,21544346,10,0,107907113,6943,2782,33559
compute5,nkgen,3,0.0,2.2,46415888,10,0,237596197,15715,6027,75504
compute5,nkgen,3,0.0,2.2,100000000,10,0,525125196,35499,13415,172013
compute5,nkgen,3,0.0,2.2,2154,100,0,105105,0,0,15
compute5,nkgen,3,0.0,2.2,4641,100,0,235253,0,0,34
compute5,nkgen,3,0.0,2.2,10000,100,0,440315,1,0,68
compute5,nkgen,3,0.0,2.2,21544,100,0,1013041,4,1,152
compute5,nkgen,3,0.0,2.2,46415,100,0,1959618,9,3,301
compute5,nkgen,3,0.0,2.2,100000,100,0,4852700,20,7,726
compute5,nkgen,3,0.0,2.2,215443,100,0,10451780,45,17,1586
compute5,nkgen,3,0.0,2.2,464158,100,0,23594887,103,41,3455
compute5,nkgen,3,0.0,2.2,1000000,100,0,51019647,240,102,6453
compute5,nkgen,3,0.0,2.2,2154434,100,0,106129673,567,239,12490
compute5,nkgen,3,0.0,2.2,4641588,100,0,228287763,1367,528,25564
compute5,nkgen,3,0.0,2.2,10000000,100,0,506858446,3035,1214,54223
compute5,nkgen,3,0.0,2.2,21544346,100,0,1102216613,7076,2701,111021
compute5,nkgen,3,0.0,2.2,46415888,100,0,2267426031,16172,6095,228075
compute5,nkgen,3,0.0,2.2,100000000,100,0,5006134804,36920,13696,501581
compute5,nkgen,3,0.0,2.2,4641,1000,0,1948605,0,0,229
compute5,nkgen,3,0.0,2.2,10000,1000,0,4491285,1,0,536
compute5,nkgen,3,0.0,2.2,21544,1000,0,10527616,4,1,1263
compute5,nkgen,3,0.0,2.2,46415,1000,0,22004789,9,3,2596
compute5,nkgen,3,0.0,2.2,100000,1000,0,49984257,19,7,6023
compute5,nkgen,3,0.0,2.2,215443,1000,0,105755676,44,17,12622
compute5,nkgen,3,0.0,2.2,464158,1000,0,229715089,101,40,27721
compute5,nkgen,3,0.0,2.2,1000000,1000,0,490359715,230,93,57945
compute5,nkgen,3,0.0,2.2,2154434,1000,0,1076852217,541,239,127590
compute5,nkgen,3,0.0,2.2,4641588,1000,0,2308339533,1377,549,263724
compute5,nkgen,3,0.0,2.2,10000000,1000,0,4936478017,3000,1247,475728
compute5,nkgen,3,0.0,2.2,21544346,1000,0,-1,-1,-1,-1
compute5,nkgen,3,0.0,2.2,46415888,1000,0,-1,-1,-1,-1
compute5,nkgen,3,0.0,2.2,100000000,1000,0,-1,-1,-1,-1
compute5,nkgen,3,0.0,3.0,2154,10,0,11022,0,0,3
compute5,nkgen,3,0.0,3.0,4641,10,0,22922,0,0,7
compute5,nkgen,3,0.0,3.0,10000,10,0,55461,1,0,18
compute5,nkgen,3,0.0,3.0,21544,10,0,111301,4,1,35
compute5,nkgen,3,0.0,3.0,46415,10,0,230129,9,3,75
compute5,nkgen,3,0.0,3.0,100000,10,0,502798,19,6,168
compute5,nkgen,3,0.0,3.0,215443,10,0,1075110,42,15,378
compute5,nkgen,3,0.0,3.0,464158,10,0,2330887,94,34,702
compute5,nkgen,3,0.0,3.0,1000000,10,0,4971005,216,87,1281
compute5,nkgen,3,0.0,3.0,2154434,10,0,10763492,500,212,2854
compute5,nkgen,3,0.0,3.0,4641588,10,0,23139450,1191,484,6532
compute5,nkgen,3,0.0,3.0,10000000,10,0,50039477,2867,1149,15038
compute5,nkgen,3,0.0,3.0,21544346,10,0,107593656,6698,2538,30282
compute5,nkgen,3,0.0,3.0,46415888,10,0,231910602,15461,5519,68456
compute5,nkgen,3,0.0,3.0,100000000,10,0,500398372,35291,13014,156256
compute5,nkgen,3,0.0,3.0,2154,100,0,106087,0,0,16
compute5,nkgen,3,0.0,3.0,4641,100,0,221519,0,0,33
compute5,nkgen,3,0.0,3.0,10000,100,0,488365,1,0,76
compute5,nkgen,3,0.0,3.0,21544,100,0,1058998,4,1,163
compute5,nkgen,3,0.0,3.0,46415,100,0,2342797,9,3,354
compute5,nkgen,3,0.0,3.0,100000,100,0,4911007,19,7,746
compute5,nkgen,3,0.0,3.0,215443,100,0,10826505,44,15,1657
compute5,nkgen,3,0.0,3.0,464158,100,0,23196122,100,35,3661
compute5,nkgen,3,0.0,3.0,1000000,100,0,50058481,228,86,7438
compute5,nkgen,3,0.0,3.0,2154434,100,0,107400954,504,215,15735
compute5,nkgen,3,0.0,3.0,4641588,100,0,231804930,1195,482,24311
compute5,nkgen,3,0.0,3.0,10000000,100,0,499724798,2852,1183,47232
compute5,nkgen,3,0.0,3.0,21544346,100,0,1078243157,6725,2584,95342
compute5,nkgen,3,0.0,3.0,46415888,100,0,2320022006,15431,5783,203835
compute5,nkgen,3,0.0,3.0,100000000,100,0,5004079796,35152,13221,445725
compute5,nkgen,3,0.0,3.0,4641,1000,0,2185432,0,0,251
compute5,nkgen,3,0.0,3.0,10000,1000,0,4842541,1,0,567
compute5,nkgen,3,0.0,3.0,21544,1000,0,10711091,4,1,1251
compute5,nkgen,3,0.0,3.0,46415,1000,0,22976317,8,3,2716
compute5,nkgen,3,0.0,3.0,100000,1000,0,49867558,19,7,5888
compute5,nkgen,3,0.0,3.0,215443,1000,0,107511545,45,16,12254
compute5,nkgen,3,0.0,3.0,464158,1000,0,233121473,100,37,27902
compute5,nkgen,3,0.0,3.0,1000000,1000,0,499930443,229,94,57901
compute5,nkgen,3,0.0,3.0,2154434,1000,0,1079446625,531,223,121823
compute5,nkgen,3,0.0,3.0,4641588,1000,0,2317909384,1261,501,261707
compute5,nkgen,3,0.0,3.0,10000000,1000,0,4999450000,3004,1182,561458
compute5,nkgen,3,0.0,3.0,21544346,1000,0,-1,-1,-1,-1
compute5,nkgen,3,0.0,3.0,46415888,1000,0,-1,-1,-1,-1
compute5,nkgen,3,0.0,3.0,100000000,1000,0,-1,-1,-1,-1
compute5,nkgen,3,0.5,2.2,2154,10,0,7119,0,1,189
compute5,nkgen,3,0.5,2.2,4641,10,0,12754,0,3,614
compute5,nkgen,3,0.5,2.2,10000,10,0,29013,1,6,1994
compute5,nkgen,3,0.5,2.2,21544,10,0,70970,4,12,5785
compute5,nkgen,3,0.5,2.2,46415,10,0,182439,9,31,17286
compute5,nkgen,3,0.5,2.2,100000,10,0,313188,20,57,49792
compute5,nkgen,3,0.5,2.2,215443,10,0,902642,45,153,162027
compute5,nkgen,3,0.5,2.2,464158,10,0,1921398,101,300,496444
compute5,nkgen,3,0.5,2.2,1000000,10,0,-1,-1,-1,-1
compute5,nkgen,3,0.5,2.2,2154434,10,0,-1,-1,-1,-1
compute5,nkgen,3,0.5,2.2,4641588,10,0,-1,-1,-1,-1
compute5,nkgen,3,0.5,2.2,10000000,10,0,-1,-1,-1,-1
compute5,nkgen,3,0.5,2.2,21544346,10,0,-1,-1,-1,-1
compute5,nkgen,3,0.5,2.2,46415888,10,0,-1,-1,-1,-1
compute5,nkgen,3,0.5,2.2,100000000,10,0,-1,-1,-1,-1
compute5,nkgen,3,0.5,2.2,2154,100,0,40326,0,1,213
compute5,nkgen,3,0.5,2.2,4641,100,0,115448,0,2,704
compute5,nkgen,3,0.5,2.2,10000,100,0,260782,1,6,2163
compute5,nkgen,3,0.5,2.2,21544,100,0,552145,4,12,6310
compute5,nkgen,3,0.5,2.2,46415,100,0,1399547,8,30,21014
compute5,nkgen,3,0.5,2.2,100000,100,0,3267334,19,58,63318
compute5,nkgen,3,0.5,2.2,215443,100,0,7262235,45,153,194189
compute5,nkgen,3,0.5,2.2,464158,100,0,-1,-1,-1,-1
compute5,nkgen,3,0.5,2.2,1000000,100,0,-1,-1,-1,-1
compute5,nkgen,3,0.5,2.2,2154434,100,0,-1,-1,-1,-1
compute5,nkgen,3,0.5,2.2,4641588,100,0,-1,-1,-1,-1
compute5,nkgen,3,0.5,2.2,10000000,100,0,-1,-1,-1,-1
compute5,nkgen,3,0.5,2.2,21544346,100,0,-1,-1,-1,-1
compute5,nkgen,3,0.5,2.2,46415888,100,0,-1,-1,-1,-1
compute5,nkgen,3,0.5,2.2,100000000,100,0,-1,-1,-1,-1
compute5,nkgen,3,0.5,2.2,4641,1000,0,698649,0,3,1111
compute5,nkgen,3,0.5,2.2,10000,1000,0,1795228,1,6,3412
compute5,nkgen,3,0.5,2.2,21544,1000,0,4407530,4,12,9427
compute5,nkgen,3,0.5,2.2,46415,1000,0,10641984,9,30,29220
compute5,nkgen,3,0.5,2.2,100000,1000,0,26183263,19,56,82287
compute5,nkgen,3,0.5,2.2,215443,1000,0,60297710,44,150,250241
compute5,nkgen,3,0.5,2.2,464158,1000,0,-1,-1,-1,-1
compute5,nkgen,3,0.5,2.2,1000000,1000,0,-1,-1,-1,-1
compute5,nkgen,3,0.5,2.2,2154434,1000,0,-1,-1,-1,-1
compute5,nkgen,3,0.5,2.2,4641588,1000,0,-1,-1,-1,-1
compute5,nkgen,3,0.5,2.2,10000000,1000,0,-1,-1,-1,-1
compute5,nkgen,3,0.5,2.2,21544346,1000,0,-1,-1,-1,-1
compute5,nkgen,3,0.5,2.2,46415888,1000,0,-1,-1,-1,-1
compute5,nkgen,3,0.5,2.2,100000000,1000,0,-1,-1,-1,-1
compute5,nkgen,3,0.5,3.0,2154,10,0,10946,0,1,196
compute5,nkgen,3,0.5,3.0,4641,10,0,23490,0,2,608
compute5,nkgen,3,0.5,3.0,10000,10,0,49182,1,6,2026
compute5,nkgen,3,0.5,3.0,21544,10,0,110418,4,12,6193
compute5,nkgen,3,0.5,3.0,46415,10,0,229887,8,31,20150
compute5,nkgen,3,0.5,3.0,100000,10,0,495266,19,56,60873
compute5,nkgen,3,0.5,3.0,215443,10,0,1061821,41,152,176445
compute5,nkgen,3,0.5,3.0,464158,10,0,2302764,96,296,509244
compute5,nkgen,3,0.5,3.0,1000000,10,0,-1,-1,-1,-1
compute5,nkgen,3,0.5,3.0,2154434,10,0,-1,-1,-1,-1
compute5,nkgen,3,0.5,3.0,4641588,10,0,-1,-1,-1,-1
compute5,nkgen,3,0.5,3.0,10000000,10,0,-1,-1,-1,-1
compute5,nkgen,3,0.5,3.0,21544346,10,0,-1,-1,-1,-1
compute5,nkgen,3,0.5,3.0,46415888,10,0,-1,-1,-1,-1
compute5,nkgen,3,0.5,3.0,100000000,10,0,-1,-1,-1,-1
compute5,nkgen,3,0.5,3.0,2154,100,0,99676,0,1,269
compute5,nkgen,3,0.5,3.0,4641,100,0,227604,0,3,796
compute5,nkgen,3,0.5,3.0,10000,100,0,473513,1,6,2379
compute5,nkgen,3,0.5,3.0,21544,100,0,1050448,4,12,7155
compute5,nkgen,3,0.5,3.0,46415,100,0,2283988,9,30,22278
compute5,nkgen,3,0.5,3.0,100000,100,0,5017842,19,58,66571
compute5,nkgen,3,0.5,3.0,215443,100,0,10746502,45,153,209142
compute5,nkgen,3,0.5,3.0,464158,100,0,-1,-1,-1,-1
compute5,nkgen,3,0.5,3.0,1000000,100,0,-1,-1,-1,-1
compute5,nkgen,3,0.5,3.0,2154434,100,0,-1,-1,-1,-1
compute5,nkgen,3,0.5,3.0,4641588,100,0,-1,-1,-1,-1
compute5,nkgen,3,0.5,3.0,10000000,100,0,-1,-1,-1,-1
compute5,nkgen,3,0.5,3.0,21544346,100,0,-1,-1,-1,-1
compute5,nkgen,3,0.5,3.0,46415888,100,0,-1,-1,-1,-1
compute5,nkgen,3,0.5,3.0,100000000,100,0,-1,-1,-1,-1
compute5,nkgen,3,0.5,3.0,4641,1000,0,1747486,0,2,1968
compute5,nkgen,3,0.5,3.0,10000,1000,0,4505977,2,6,5869
compute5,nkgen,3,0.5,3.0,21544,1000,0,10189220,4,12,14978
compute5,nkgen,3,0.5,3.0,46415,1000,0,22342535,9,31,41836
compute5,nkgen,3,0.5,3.0,100000,1000,0,48774579,19,58,107692
compute5,nkgen,3,0.5,3.0,215443,1000,0,107769897,44,148,316795
compute5,nkgen,3,0.5,3.0,464158,1000,0,-1,-1,-1,-1
compute5,nkgen,3,0.5,3.0,1000000,1000,0,-1,-1,-1,-1
compute5,nkgen,3,0.5,3.0,2154434,1000,0,-1,-1,-1,-1
compute5,nkgen,3,0.5,3.0,4641588,1000,0,-1,-1,-1,-1
compute5,nkgen,3,0.5,3.0,10000000,1000,0,-1,-1,-1,-1
compute5,nkgen,3,0.5,3.0,21544346,1000,0,-1,-1,-1,-1
compute5,nkgen,3,0.5,3.0,46415888,1000,0,-1,-1,-1,-1
compute5,nkgen,3,0.5,3.0,100000000,1000,0,-1,-1,-1,-1
compute5,nkgen,3,0.9,2.2,2154,10,0,2778,0,1,189
compute5,nkgen,3,0.9,2.2,4641,10,0,6989,0,2,542
compute5,nkgen,3,0.9,2.2,10000,10,0,17744,2,6,1644
compute5,nkgen,3,0.9,2.2,21544,10,0,38555,4,12,4976
compute5,nkgen,3,0.9,2.2,46415,10,0,103041,8,30,16027
compute5,nkgen,3,0.9,2.2,100000,10,0,231114,19,58,48681
compute5,nkgen,3,0.9,2.2,215443,10,0,517242,44,151,157183
compute5,nkgen,3,0.9,2.2,464158,10,0,1238984,100,292,479860
compute5,nkgen,3,0.9,2.2,1000000,10,0,-1,-1,-1,-1
compute5,nkgen,3,0.9,2.2,2154434,10,0,-1,-1,-1,-1
compute5,nkgen,3,0.9,2.2,4641588,10,0,-1,-1,-1,-1
compute5,nkgen,3,0.9,2.2,10000000,10,0,-1,-1,-1,-1
compute5,nkgen,3,0.9,2.2,21544346,10,0,-1,-1,-1,-1
compute5,nkgen,3,0.9,2.2,46415888,10,0,-1,-1,-1,-1
compute5,nkgen,3,0.9,2.2,100000000,10,0,-1,-1,-1,-1
compute5,nkgen,3,0.9,2.2,2154,100,0,19752,0,1,198
compute5,nkgen,3,0.9,2.2,4641,100,0,51549,0,3,652
compute5,nkgen,3,0.9,2.2,10000,100,0,134403,1,6,2112
compute5,nkgen,3,0.9,2.2,21544,100,0,335025,4,12,6483
compute5,nkgen,3,0.9,2.2,46415,100,0,747342,9,30,18653
compute5,nkgen,3,0.9,2.2,100000,100,0,1742661,19,57,54059
compute5,nkgen,3,0.9,2.2,215443,100,0,4268008,44,153,167456
compute5,nkgen,3,0.9,2.2,464158,100,0,-1,-1,-1,-1
compute5,nkgen,3,0.9,2.2,1000000,100,0,-1,-1,-1,-1
compute5,nkgen,3,0.9,2.2,2154434,100,0,-1,-1,-1,-1
compute5,nkgen,3,0.9,2.2,4641588,100,0,-1,-1,-1,-1
compute5,nkgen,3,0.9,2.2,10000000,100,0,-1,-1,-1,-1
compute5,nkgen,3,0.9,2.2,21544346,100,0,-1,-1,-1,-1
compute5,nkgen,3,0.9,2.2,46415888,100,0,-1,-1,-1,-1
compute5,nkgen,3,0.9,2.2,100000000,100,0,-1,-1,-1,-1
compute5,nkgen,3,0.9,2.2,4641,1000,0,329757,0,2,942
compute5,nkgen,3,0.9,2.2,10000,1000,0,816136,1,6,2819
compute5,nkgen,3,0.9,2.2,21544,1000,0,2081135,4,12,8168
compute5,nkgen,3,0.9,2.2,46415,1000,0,5409437,9,30,26280
compute5,nkgen,3,0.9,2.2,100000,1000,0,12810221,19,57,75806
compute5,nkgen,3,0.9,2.2,215443,1000,0,31826492,44,150,239193
compute5,nkgen,3,0.9,2.2,464158,1000,0,-1,-1,-1,-1
compute5,nkgen,3,0.9,2.2,1000000,1000,0,-1,-1,-1,-1
compute5,nkgen,3,0.9,2.2,2154434,1000,0,-1,-1,-1,-1
compute5,nkgen,3,0.9,2.2,4641588,1000,0,-1,-1,-1,-1
compute5,nkgen,3,0.9,2.2,10000000,1000,0,-1,-1,-1,-1
compute5,nkgen,3,0.9,2.2,21544346,1000,0,-1,-1,-1,-1
compute5,nkgen,3,0.9,2.2,46415888,1000,0,-1,-1,-1,-1
compute5,nkgen,3,0.9,2.2,100000000,1000,0,-1,-1,-1,-1
compute5,nkgen,3,0.9,3.0,2154,10,0,6454,0,1,206
compute5,nkgen,3,0.9,3.0,4641,10,0,13744,0,2,611
compute5,nkgen,3,0.9,3.0,10000,10,0,32496,1,6,2036
compute5,nkgen,3,0.9,3.0,21544,10,0,70793,3,12,6134
compute5,nkgen,3,0.9,3.0,46415,10,0,156746,8,30,17255
compute5,nkgen,3,0.9,3.0,100000,10,0,363303,18,57,51055
compute5,nkgen,3,0.9,3.0,215443,10,0,785314,41,150,159129
compute5,nkgen,3,0.9,3.0,464158,10,0,1747445,94,296,477590
compute5,nkgen,3,0.9,3.0,1000000,10,0,-1,-1,-1,-1
compute5,nkgen,3,0.9,3.0,2154434,10,0,-1,-1,-1,-1
compute5,nkgen,3,0.9,3.0,4641588,10,0,-1,-1,-1,-1
compute5,nkgen,3,0.9,3.0,10000000,10,0,-1,-1,-1,-1
compute5,nkgen,3,0.9,3.0,21544346,10,0,-1,-1,-1,-1
compute5,nkgen,3,0.9,3.0,46415888,10,0,-1,-1,-1,-1
compute5,nkgen,3,0.9,3.0,100000000,10,0,-1,-1,-1,-1
compute5,nkgen,3,0.9,3.0,2154,100,0,44965,0,1,238
compute5,nkgen,3,0.9,3.0,4641,100,0,114064,0,2,734
compute5,nkgen,3,0.9,3.0,10000,100,0,254734,1,6,2270
compute5,nkgen,3,0.9,3.0,21544,100,0,591919,4,12,6826
compute5,nkgen,3,0.9,3.0,46415,100,0,1391167,8,30,22003
compute5,nkgen,3,0.9,3.0,100000,100,0,3152532,19,58,65692
compute5,nkgen,3,0.9,3.0,215443,100,0,7036316,42,153,208758
compute5,nkgen,3,0.9,3.0,464158,100,0,-1,-1,-1,-1
compute5,nkgen,3,0.9,3.0,1000000,100,0,-1,-1,-1,-1
compute5,nkgen,3,0.9,3.0,2154434,100,0,-1,-1,-1,-1
compute5,nkgen,3,0.9,3.0,4641588,100,0,-1,-1,-1,-1
compute5,nkgen,3,0.9,3.0,10000000,100,0,-1,-1,-1,-1
compute5,nkgen,3,0.9,3.0,21544346,100,0,-1,-1,-1,-1
compute5,nkgen,3,0.9,3.0,46415888,100,0,-1,-1,-1,-1
compute5,nkgen,3,0.9,3.0,100000000,100,0,-1,-1,-1,-1
compute5,nkgen,3,0.9,3.0,4641,1000,0,730667,0,3,1424
compute5,nkgen,3,0.9,3.0,10000,1000,0,1889561,1,6,4340
compute5,nkgen,3,0.9,3.0,21544,1000,0,4547583,4,12,11834
compute5,nkgen,3,0.9,3.0,46415,1000,0,11004920,9,30,35503
compute5,nkgen,3,0.9,3.0,100000,1000,0,25532358,19,58,96586
compute5,nkgen,3,0.9,3.0,215443,1000,0,59982913,44,149,291907
compute5,nkgen,3,0.9,3.0,464158,1000,0,-1,-1,-1,-1
compute5,nkgen,3,0.9,3.0,1000000,1000,0,-1,-1,-1,-1
compute5,nkgen,3,0.9,3.0,2154434,1000,0,-1,-1,-1,-1
compute5,nkgen,3,0.9,3.0,4641588,1000,0,-1,-1,-1,-1
compute5,nkgen,3,0.9,3.0,10000000,1000,0,-1,-1,-1,-1
compute5,nkgen,3,0.9,3.0,21544346,1000,0,-1,-1,-1,-1
compute5,nkgen,3,0.9,3.0,46415888,1000,0,-1,-1,-1,-1
compute5,nkgen,3,0.9,3.0,100000000,1000,0,-1,-1,-1,-1
compute5,nkgen,4,0.0,2.2,2154,10,0,10335,0,0,3
compute5,nkgen,4,0.0,2.2,4641,10,0,20913,0,0,7
compute5,nkgen,4,0.0,2.2,10000,10,0,45466,1,0,18
compute5,nkgen,4,0.0,2.2,21544,10,0,102642,4,1,35
compute5,nkgen,4,0.0,2.2,46415,10,0,228942,8,3,78
compute5,nkgen,4,0.0,2.2,100000,10,0,507019,19,7,155
compute5,nkgen,4,0.0,2.2,215443,10,0,1107848,44,16,335
compute5,nkgen,4,0.0,2.2,464158,10,0,2091208,100,36,699
compute5,nkgen,4,0.0,2.2,1000000,10,0,4860371,230,92,1411
compute5,nkgen,4,0.0,2.2,2154434,10,0,10897593,526,219,3192
compute5,nkgen,4,0.0,2.2,4641588,10,0,23691987,1267,500,7230
compute5,nkgen,4,0.0,2.2,10000000,10,0,48552038,2998,1166,16210
compute5,nkgen,4,0.0,2.2,21544346,10,0,112273350,6879,2619,33417
compute5,nkgen,4,0.0,2.2,46415888,10,0,228681349,15624,5972,74745
compute5,nkgen,4,0.0,2.2,100000000,10,0,496280081,35233,13266,169083
compute5,nkgen,4,0.0,2.2,2154,100,0,100634,0,0,15
compute5,nkgen,4,0.0,2.2,4641,100,0,225843,0,0,33
compute5,nkgen,4,0.0,2.2,10000,100,0,452368,1,0,70
compute5,nkgen,4,0.0,2.2,21544,100,0,1045273,4,1,155
compute5,nkgen,4,0.0,2.2,46415,100,0,2205771,8,3,326
compute5,nkgen,4,0.0,2.2,100000,100,0,4935948,19,7,736
compute5,nkgen,4,0.0,2.2,215443,100,0,10711109,44,16,1612
compute5,nkgen,4,0.0,2.2,464158,100,0,22719715,101,38,3368
compute5,nkgen,4,0.0,2.2,1000000,100,0,50309140,229,87,6353
compute5,nkgen,4,0.0,2.2,2154434,100,0,104709832,526,224,12193
compute5,nkgen,4,0.0,2.2,4641588,100,0,221739032,1266,512,24616
compute5,nkgen,4,0.0,2.2,10000000,100,0,487012763,3006,1196,52016
compute5,nkgen,4,0.0,2.2,21544346,100,0,1092155356,7035,2664,109310
compute5,nkgen,4,0.0,2.2,46415888,100,0,2269057285,16174,6105,227435
compute5,nkgen,4,0.0,2.2,100000000,100,0,5017764850,36470,13472,500863
compute5,nkgen,4,0.0,2.2,4641,1000,0,1997673,0,0,235
compute5,nkgen,4,0.0,2.2,10000,1000,0,4327598,1,0,519
compute5,nkgen,4,0.0,2.2,21544,1000,0,10350894,4,1,1188
compute5,nkgen,4,0.0,2.2,46415,1000,0,21705090,8,3,2571
compute5,nkgen,4,0.0,2.2,100000,1000,0,47486647,19,7,5672
compute5,nkgen,4,0.0,2.2,215443,1000,0,104555378,45,17,12783
compute5,nkgen,4,0.0,2.2,464158,1000,0,230437207,100,40,27992
compute5,nkgen,4,0.0,2.2,1000000,1000,0,492160718,229,93,58874
compute5,nkgen,4,0.0,2.2,2154434,1000,0,1057772587,527,233,124032
compute5,nkgen,4,0.0,2.2,4641588,1000,0,2339425143,1257,528,259274
compute5,nkgen,4,0.0,2.2,10000000,1000,0,4913834296,3003,1243,468388
compute5,nkgen,4,0.0,2.2,21544346,1000,0,-1,-1,-1,-1
compute5,nkgen,4,0.0,2.2,46415888,1000,0,-1,-1,-1,-1
compute5,nkgen,4,0.0,2.2,100000000,1000,0,-1,-1,-1,-1
compute5,nkgen,4,0.0,3.0,2154,10,0,10020,0,0,3
compute5,nkgen,4,0.0,3.0,4641,10,0,22592,0,0,7
compute5,nkgen,4,0.0,3.0,10000,10,0,57979,1,0,18
compute5,nkgen,4,0.0,3.0,21544,10,0,105306,4,1,34
compute5,nkgen,4,0.0,3.0,46415,10,0,233436,8,2,76
compute5,nkgen,4,0.0,3.0,100000,10,0,494701,19,6,167
compute5,nkgen,4,0.0,3.0,215443,10,0,1083931,42,15,379
compute5,nkgen,4,0.0,3.0,464158,10,0,2325056,94,33,699
compute5,nkgen,4,0.0,3.0,1000000,10,0,4990243,215,79,1274
compute5,nkgen,4,0.0,3.0,2154434,10,0,10800413,493,212,2846
compute5,nkgen,4,0.0,3.0,4641588,10,0,23211235,1192,482,6543
compute5,nkgen,4,0.0,3.0,10000000,10,0,49914823,2851,1147,14979
compute5,nkgen,4,0.0,3.0,21544346,10,0,107519801,6727,2545,30316
compute5,nkgen,4,0.0,3.0,46415888,10,0,232489590,15541,5517,68549
compute5,nkgen,4,0.0,3.0,100000000,10,0,500322122,35321,13007,156141
compute5,nkgen,4,0.0,3.0,2154,100,0,104569,0,0,15
compute5,nkgen,4,0.0,3.0,4641,100,0,228324,0,0,34
compute5,nkgen,4,0.0,3.0,10000,100,0,522783,1,0,79
compute5,nkgen,4,0.0,3.0,21544,100,0,1079368,4,1,165
compute5,nkgen,4,0.0,3.0,46415,100,0,2324936,8,3,348
compute5,nkgen,4,0.0,3.0,100000,100,0,4991077,19,7,756
compute5,nkgen,4,0.0,3.0,215443,100,0,10691685,44,15,1635
compute5,nkgen,4,0.0,3.0,464158,100,0,23263933,101,35,3628
compute5,nkgen,4,0.0,3.0,1000000,100,0,50036229,226,85,7369
compute5,nkgen,4,0.0,3.0,2154434,100,0,107721221,497,214,15470
compute5,nkgen,4,0.0,3.0,4641588,100,0,232414393,1197,481,24424
compute5,nkgen,4,0.0,3.0,10000000,100,0,499473385,2864,1184,47169
compute5,nkgen,4,0.0,3.0,21544346,100,0,1076836310,6732,2591,95181
compute5,nkgen,4,0.0,3.0,46415888,100,0,2321464319,15434,5790,203687
compute5,nkgen,4,0.0,3.0,100000000,100,0,4999511206,35305,13242,445262
compute5,nkgen,4,0.0,3.0,4641,1000,0,2183941,0,0,250
compute5,nkgen,4,0.0,3.0,10000,1000,0,4816729,1,0,564
compute5,nkgen,4,0.0,3.0,21544,1000,0,10767603,4,1,1261
compute5,nkgen,4,0.0,3.0,46415,1000,0,22926851,8,3,2650
compute5,nkgen,4,0.0,3.0,100000,1000,0,49731050,20,7,5805
compute5,nkgen,4,0.0,3.0,215443,1000,0,107103549,44,16,12724
compute5,nkgen,4,0.0,3.0,464158,1000,0,232474195,101,38,27946
compute5,nkgen,4,0.0,3.0,1000000,1000,0,498852050,228,90,58153
compute5,nkgen,4,0.0,3.0,2154434,1000,0,1081447183,525,225,123740
compute5,nkgen,4,0.0,3.0,4641588,1000,0,2318680009,1264,503,261533
compute5,nkgen,4,0.0,3.0,10000000,1000,0,4995600608,3015,1180,560058
compute5,nkgen,4,0.0,3.0,21544346,1000,0,-1,-1,-1,-1
compute5,nkgen,4,0.0,3.0,46415888,1000,0,-1,-1,-1,-1
compute5,nkgen,4,0.0,3.0,100000000,1000,0,-1,-1,-1,-1
compute5,nkgen,4,0.5,2.2,2154,10,0,5056,0,1,191
compute5,nkgen,4,0.5,2.2,4641,10,0,12083,0,3,602
compute5,nkgen,4,0.5,2.2,10000,10,0,25188,1,6,1955
compute5,nkgen,4,0.5,2.2,21544,10,0,67856,4,12,5755
compute5,nkgen,4,0.5,2.2,46415,10,0,167077,8,31,17295
compute5,nkgen,4,0.5,2.2,100000,10,0,358283,19,57,51249
compute5,nkgen,4,0.5,2.2,215443,10,0,807142,44,149,161050
compute5,nkgen,4,0.5,2.2,464158,10,0,2008917,100,292,492500
compute5,nkgen,4,0.5,2.2,1000000,10,0,-1,-1,-1,-1
compute5,nkgen,4,0.5,2.2,2154434,10,0,-1,-1,-1,-1
compute5,nkgen,4,0.5,2.2,4641588,10,0,-1,-1,-1,-1
compute5,nkgen,4,0.5,2.2,10000000,10,0,-1,-1,-1,-1
compute5,nkgen,4,0.5,2.2,21544346,10,0,-1,-1,-1,-1
compute5,nkgen,4,0.5,2.2,46415888,10,0,-1,-1,-1,-1
compute5,nkgen,4,0.5,2.2,100000000,10,0,-1,-1,-1,-1
compute5,nkgen,4,0.5,2.2,2154,100,0,44972,0,1,217
compute5,nkgen,4,0.5,2.2,4641,100,0,108203,0,2,676
compute5,nkgen,4,0.5,2.2,10000,100,0,256165,1,6,2167
compute5,nkgen,4,0.5,2.2,21544,100,0,611474,4,12,6547
compute5,nkgen,4,0.5,2.2,46415,100,0,1454549,9,30,21135
compute5,nkgen,4,0.5,2.2,100000,100,0,3150905,19,56,63240
compute5,nkgen,4,0.5,2.2,215443,100,0,7185066,44,148,192603
compute5,nkgen,4,0.5,2.2,464158,100,0,-1,-1,-1,-1
compute5,nkgen,4,0.5,2.2,1000000,100,0,-1,-1,-1,-1
compute5,nkgen,4,0.5,2.2,2154434,100,0,-1,-1,-1,-1
compute5,nkgen,4,0.5,2.2,4641588,100,0,-1,-1,-1,-1
compute5,nkgen,4,0.5,2.2,10000000,100,0,-1,-1,-1,-1
compute5,nkgen,4,0.5,2.2,21544346,100,0,-1,-1,-1,-1
compute5,nkgen,4,0.5,2.2,46415888,100,0,-1,-1,-1,-1
compute5,nkgen,4,0.5,2.2,100000000,100,0,-1,-1,-1,-1
compute5,nkgen,4,0.5,2.2,4641,1000,0,658140,0,3,1080
compute5,nkgen,4,0.5,2.2,10000,1000,0,1814531,1,6,3406
compute5,nkgen,4,0.5,2.2,21544,1000,0,4264904,4,12,9264
compute5,nkgen,4,0.5,2.2,46415,1000,0,10705122,9,30,29259
compute5,nkgen,4,0.5,2.2,100000,1000,0,25283278,19,58,81354
compute5,nkgen,4,0.5,2.2,215443,1000,0,58655588,44,149,250372
compute5,nkgen,4,0.5,2.2,464158,1000,0,-1,-1,-1,-1
compute5,nkgen,4,0.5,2.2,1000000,1000,0,-1,-1,-1,-1
compute5,nkgen,4,0.5,2.2,2154434,1000,0,-1,-1,-1,-1
compute5,nkgen,4,0.5,2.2,4641588,1000,0,-1,-1,-1,-1
compute5,nkgen,4,0.5,2.2,10000000,1000,0,-1,-1,-1,-1
compute5,nkgen,4,0.5,2.2,21544346,1000,0,-1,-1,-1,-1
compute5,nkgen,4,0.5,2.2,46415888,1000,0,-1,-1,-1,-1
compute5,nkgen,4,0.5,2.2,100000000,1000,0,-1,-1,-1,-1
compute5,nkgen,4,0.5,3.0,2154,10,0,10622,0,1,198
compute5,nkgen,4,0.5,3.0,4641,10,0,22323,0,2,615
compute5,nkgen,4,0.5,3.0,10000,10,0,50415,1,6,2005
compute5,nkgen,4,0.5,3.0,21544,10,0,106599,4,12,6028
compute5,nkgen,4,0.5,3.0,46415,10,0,227167,8,30,19505
compute5,nkgen,4,0.5,3.0,100000,10,0,502143,18,58,61822
compute5,nkgen,4,0.5,3.0,215443,10,0,1083649,41,150,177931
compute5,nkgen,4,0.5,3.0,464158,10,0,2324460,93,293,507915
compute5,nkgen,4,0.5,3.0,1000000,10,0,-1,-1,-1,-1
compute5,nkgen,4,0.5,3.0,2154434,10,0,-1,-1,-1,-1
compute5,nkgen,4,0.5,3.0,4641588,10,0,-1,-1,-1,-1
compute5,nkgen,4,0.5,3.0,10000000,10,0,-1,-1,-1,-1
compute5,nkgen,4,0.5,3.0,21544346,10,0,-1,-1,-1,-1
compute5,nkgen,4,0.5,3.0,46415888,10,0,-1,-1,-1,-1
compute5,nkgen,4,0.5,3.0,100000000,10,0,-1,-1,-1,-1
compute5,nkgen,4,0.5,3.0,2154,100,0,101306,0,1,276
compute5,nkgen,4,0.5,3.0,4641,100,0,221659,0,2,798
compute5,nkgen,4,0.5,3.0,10000,100,0,510139,1,6,2527
compute5,nkgen,4,0.5,3.0,21544,100,0,1056868,4,12,7172
compute5,nkgen,4,0.5,3.0,46415,100,0,2279959,8,30,22284
compute5,nkgen,4,0.5,3.0,100000,100,0,4991814,19,57,66970
compute5,nkgen,4,0.5,3.0,215443,100,0,10651394,44,149,208731
compute5,nkgen,4,0.5,3.0,464158,100,0,-1,-1,-1,-1
compute5,nkgen,4,0.5,3.0,1000000,100,0,-1,-1,-1,-1
compute5,nkgen,4,0.5,3.0,2154434,100,0,-1,-1,-1,-1
compute5,nkgen,4,0.5,3.0,4641588,100,0,-1,-1,-1,-1
compute5,nkgen,4,0.5,3.0,10000000,100,0,-1,-1,-1,-1
compute5,nkgen,4,0.5,3.0,21544346,100,0,-1,-1,-1,-1
compute5,nkgen,4,0.5,3.0,46415888,100,0,-1,-1,-1,-1
compute5,nkgen,4,0.5,3.0,100000000,100,0,-1,-1,-1,-1
compute5,nkgen,4,0.5,3.0,4641,1000,0,1790730,0,3,1999
compute5,nkgen,4,0.5,3.0,10000,1000,0,4325547,1,6,5718
compute5,nkgen,4,0.5,3.0,21544,1000,0,10191434,4,12,14904
compute5,nkgen,4,0.5,3.0,46415,1000,0,22230303,9,30,41636
compute5,nkgen,4,0.5,3.0,100000,1000,0,49325546,19,57,109249
compute5,nkgen,4,0.5,3.0,215443,1000,0,106931438,44,149,313900
compute5,nkgen,4,0.5,3.0,464158,1000,0,-1,-1,-1,-1
compute5,nkgen,4,0.5,3.0,1000000,1000,0,-1,-1,-1,-1
compute5,nkgen,4,0.5,3.0,2154434,1000,0,-1,-1,-1,-1
compute5,nkgen,4,0.5,3.0,4641588,1000,0,-1,-1,-1,-1
compute5,nkgen,4,0.5,3.0,10000000,1000,0,-1,-1,-1,-1
compute5,nkgen,4,0.5,3.0,21544346,1000,0,-1,-1,-1,-1
compute5,nkgen,4,0.5,3.0,46415888,1000,0,-1,-1,-1,-1
compute5,nkgen,4,0.5,3.0,100000000,1000,0,-1,-1,-1,-1
compute5,nkgen,4,0.9,2.2,2154,10,0,3187,0,1,196
compute5,nkgen,4,0.9,2.2,4641,10,0,8072,0,2,545
compute5,nkgen,4,0.9,2.2,10000,10,0,20246,1,6,1679
compute5,nkgen,4,0.9,2.2,21544,10,0,38773,4,12,5030
compute5,nkgen,4,0.9,2.2,46415,10,0,95099,8,30,16115
compute5,nkgen,4,0.9,2.2,100000,10,0,220732,19,57,48371
compute5,nkgen,4,0.9,2.2,215443,10,0,471933,45,150,155152
compute5,nkgen,4,0.9,2.2,464158,10,0,1228812,101,296,478185
compute5,nkgen,4,0.9,2.2,1000000,10,0,-1,-1,-1,-1
compute5,nkgen,4,0.9,2.2,2154434,10,0,-1,-1,-1,-1
compute5,nkgen,4,0.9,2.2,4641588,10,0,-1,-1,-1,-1
compute5,nkgen,4,0.9,2.2,10000000,10,0,-1,-1,-1,-1
compute5,nkgen,4,0.9,2.2,21544346,10,0,-1,-1,-1,-1
compute5,nkgen,4,0.9,2.2,46415888,10,0,-1,-1,-1,-1
compute5,nkgen,4,0.9,2.2,100000000,10,0,-1,-1,-1,-1
compute5,nkgen,4,0.9,2.2,2154,100,0,20132,0,1,204
compute5,nkgen,4,0.9,2.2,4641,100,0,55308,0,3,650
compute5,nkgen,4,0.9,2.2,10000,100,0,130831,1,6,2043
compute5,nkgen,4,0.9,2.2,21544,100,0,300776,4,12,6289
compute5,nkgen,4,0.9,2.2,46415,100,0,740927,8,30,18693
compute5,nkgen,4,0.9,2.2,100000,100,0,1933514,19,57,54897
compute5,nkgen,4,0.9,2.2,215443,100,0,4230787,44,149,166804
compute5,nkgen,4,0.9,2.2,464158,100,0,-1,-1,-1,-1
compute5,nkgen,4,0.9,2.2,1000000,100,0,-1,-1,-1,-1
compute5,nkgen,4,0.9,2.2,2154434,100,0,-1,-1,-1,-1
compute5,nkgen,4,0.9,2.2,4641588,100,0,-1,-1,-1,-1
compute5,nkgen,4,0.9,2.2,10000000,100,0,-1,-1,-1,-1
compute5,nkgen,4,0.9,2.2,21544346,100,0,-1,-1,-1,-1
compute5,nkgen,4,0.9,2.2,46415888,100,0,-1,-1,-1,-1
compute5,nkgen,4,0.9,2.2,100000000,100,0,-1,-1,-1,-1
compute5,nkgen,4,0.9,2.2,4641,1000,0,305340,0,3,913
compute5,nkgen,4,0.9,2.2,10000,1000,0,848040,1,6,2864
compute5,nkgen,4,0.9,2.2,21544,1000,0,2067766,4,12,8208
compute5,nkgen,4,0.9,2.2,46415,1000,0,5459164,8,30,26064
compute5,nkgen,4,0.9,2.2,100000,1000,0,13090936,19,58,76883
compute5,nkgen,4,0.9,2.2,215443,1000,0,31117621,45,152,238811
compute5,nkgen,4,0.9,2.2,464158,1000,0,-1,-1,-1,-1
compute5,nkgen,4,0.9,2.2,1000000,1000,0,-1,-1,-1,-1
compute5,nkgen,4,0.9,2.2,2154434,1000,0,-1,-1,-1,-1
compute5,nkgen,4,0.9,2.2,4641588,1000,0,-1,-1,-1,-1
compute5,nkgen,4,0.9,2.2,10000000,1000,0,-1,-1,-1,-1
compute5,nkgen,4,0.9,2.2,21544346,1000,0,-1,-1,-1,-1
compute5,nkgen,4,0.9,2.2,46415888,1000,0,-1,-1,-1,-1
compute5,nkgen,4,0.9,2.2,100000000,1000,0,-1,-1,-1,-1
compute5,nkgen,4,0.9,3.0,2154,10,0,5533,0,1,192
compute5,nkgen,4,0.9,3.0,4641,10,0,13687,0,2,606
compute5,nkgen,4,0.9,3.0,10000,10,0,31031,1,6,1967
compute5,nkgen,4,0.9,3.0,21544,10,0,69261,3,12,6050
compute5,nkgen,4,0.9,3.0,46415,10,0,160633,8,30,17214
compute5,nkgen,4,0.9,3.0,100000,10,0,352522,18,58,49688
compute5,nkgen,4,0.9,3.0,215443,10,0,785720,41,153,157789
compute5,nkgen,4,0.9,3.0,464158,10,0,1747553,94,295,474324
compute5,nkgen,4,0.9,3.0,1000000,10,0,-1,-1,-1,-1
compute5,nkgen,4,0.9,3.0,2154434,10,0,-1,-1,-1,-1
compute5,nkgen,4,0.9,3.0,4641588,10,0,-1,-1,-1,-1
compute5,nkgen,4,0.9,3.0,10000000,10,0,-1,-1,-1,-1
compute5,nkgen,4,0.9,3.0,21544346,10,0,-1,-1,-1,-1
compute5,nkgen,4,0.9,3.0,46415888,10,0,-1,-1,-1,-1
compute5,nkgen,4,0.9,3.0,100000000,10,0,-1,-1,-1,-1
compute5,nkgen,4,0.9,3.0,2154,100,0,48208,0,1,241
compute5,nkgen,4,0.9,3.0,4641,100,0,107158,0,3,726
compute5,nkgen,4,0.9,3.0,10000,100,0,252568,1,6,2231
compute5,nkgen,4,0.9,3.0,21544,100,0,588284,4,12,6760
compute5,nkgen,4,0.9,3.0,46415,100,0,1429136,8,30,21848
compute5,nkgen,4,0.9,3.0,100000,100,0,3147079,20,57,66239
compute5,nkgen,4,0.9,3.0,215443,100,0,7060024,42,151,208244
compute5,nkgen,4,0.9,3.0,464158,100,0,-1,-1,-1,-1
compute5,nkgen,4,0.9,3.0,1000000,100,0,-1,-1,-1,-1
compute5,nkgen,4,0.9,3.0,2154434,100,0,-1,-1,-1,-1
compute5,nkgen,4,0.9,3.0,4641588,100,0,-1,-1,-1,-1
compute5,nkgen,4,0.9,3.0,10000000,100,0,-1,-1,-1,-1
compute5,nkgen,4,0.9,3.0,21544346,100,0,-1,-1,-1,-1
compute5,nkgen,4,0.9,3.0,46415888,100,0,-1,-1,-1,-1
compute5,nkgen,4,0.9,3.0,100000000,100,0,-1,-1,-1,-1
compute5,nkgen,4,0.9,3.0,4641,1000,0,766185,0,3,1443
compute5,nkgen,4,0.9,3.0,10000,1000,0,1874595,1,6,4269
compute5,nkgen,4,0.9,3.0,21544,1000,0,4588617,4,12,11890
compute5,nkgen,4,0.9,3.0,46415,1000,0,10960021,8,31,35287
compute5,nkgen,4,0.9,3.0,100000,1000,0,25922175,19,58,97976
compute5,nkgen,4,0.9,3.0,215443,1000,0,59915396,44,150,291912
compute5,nkgen,4,0.9,3.0,464158,1000,0,-1,-1,-1,-1
compute5,nkgen,4,0.9,3.0,1000000,1000,0,-1,-1,-1,-1
compute5,nkgen,4,0.9,3.0,2154434,1000,0,-1,-1,-1,-1
compute5,nkgen,4,0.9,3.0,4641588,1000,0,-1,-1,-1,-1
compute5,nkgen,4,0.9,3.0,10000000,1000,0,-1,-1,-1,-1
compute5,nkgen,4,0.9,3.0,21544346,1000,0,-1,-1,-1,-1
compute5,nkgen,4,0.9,3.0,46415888,1000,0,-1,-1,-1,-1
compute5,nkgen,4,0.9,3.0,100000000,1000,0,-1,-1,-1,-1
