[CSV]host,iter,algo,n,avgDeg,alpha,PLE,R,T,TimeTotal,GenNumEdge,GenAvgDeg
[CSV]compute5,0,NkOpt,10000,10,0.6,2.2,19.2056,0.0,6.46031,57852,11.5704
[CSV]compute5,0,NkOpt,10000,10,0.6,2.2,19.2056,0.0,6.30024,69257,13.8514
[CSV]compute5,0,NkOpt,21544,10,0.6,2.2,20.8558,0.0,12.2027,114900,10.6665
[CSV]compute5,0,NkOpt,46415,10,0.6,2.2,22.4896,0.0,26.826,217004,9.3506
[CSV]compute5,0,NkOpt,100000,10,0.6,2.2,24.112,0.0,60.5956,470334,9.40668
[CSV]compute5,0,NkOpt,215443,10,0.6,2.2,25.7171,0.0,140.152,1090223,10.1208
[CSV]compute5,0,NkOpt,464158,10,0.6,2.2,27.3193,0.0,312.755,2334041,10.0571
[CSV]compute5,0,NkOpt,1000000,10,0.6,2.2,28.9054,0.0,638.419,4823332,9.64666
[CSV]compute5,0,NkOpt,2154434,10,0.6,2.2,30.488,0.0,1479.37,10308348,9.56943
[CSV]compute5,0,NkOpt,4641588,10,0.6,2.2,32.0655,0.0,3491.21,24756315,10.6672
[CSV]compute5,0,NkOpt,10000000,10,0.6,2.2,33.6363,0.0,8011.28,50081229,10.0162
[CSV]compute5,0,NkOpt,21544346,10,0.6,2.2,35.2051,0.0,16606.5,105094868,9.75614
[CSV]compute5,0,NkOpt,46415888,10,0.6,2.2,36.7676,0.0,38407,224097733,9.65608
[CSV]compute5,0,NkOpt,100000000,10,0.6,2.2,38.3262,0.0,88872.9,505639924,10.1128
[CSV]compute5,0,NkOpt,10000,100,0.6,2.2,14.0942,0.0,15.6684,445713,89.1426
[CSV]compute5,0,NkOpt,10000,100,0.6,2.2,14.0942,0.0,15.8534,459935,91.987
[CSV]compute5,0,NkOpt,21544,100,0.6,2.2,15.8307,0.0,33.1009,985242,91.4632
[CSV]compute5,0,NkOpt,46415,100,0.6,2.2,17.531,0.0,76.1149,2325423,100.201
[CSV]compute5,0,NkOpt,100000,100,0.6,2.2,19.2046,0.0,164.861,4943536,98.8707
[CSV]compute5,0,NkOpt,215443,100,0.6,2.2,20.8564,0.0,343.805,9820869,91.1691
[CSV]compute5,0,NkOpt,464158,100,0.6,2.2,22.4907,0.0,792.016,22790722,98.2024
[CSV]compute5,0,NkOpt,1000000,100,0.6,2.2,24.1109,0.0,1696.63,50527657,101.055
[CSV]compute5,0,NkOpt,2154434,100,0.6,2.2,25.7189,0.0,3680.41,105871423,98.2824
[CSV]compute5,0,NkOpt,4641588,100,0.6,2.2,27.3174,0.0,8317.52,233603790,100.657
[CSV]compute5,0,NkOpt,10000000,100,0.6,2.2,28.9074,0.0,18400.4,497210576,99.4421
[CSV]compute5,0,NkOpt,21544346,100,0.6,2.2,30.4901,0.0,38816.4,1071490880,99.4684
[CSV]compute5,0,NkOpt,46415888,100,0.6,2.2,32.0667,0.0,86037.7,2296938046,98.9721
[CSV]compute5,0,NkOpt,100000000,100,0.6,2.2,33.6378,0.0,192462,5031445878,100.629
[CSV]compute5,0,NkOpt,21544,1000,0.6,2.2,10.4538,0.0,215.228,9878565,917.06
[CSV]compute5,0,NkOpt,46415,1000,0.6,2.2,12.309,0.0,479.164,21961155,946.296
[CSV]compute5,0,NkOpt,100000,1000,0.6,2.2,14.0941,0.0,1111.88,50803327,1016.07
[CSV]compute5,0,NkOpt,215443,1000,0.6,2.2,15.8305,0.0,2309.33,105039218,975.1
[CSV]compute5,0,NkOpt,464158,1000,0.6,2.2,17.5312,0.0,4942.27,222140415,957.176
[CSV]compute5,0,NkOpt,1000000,1000,0.6,2.2,19.2046,0.0,10924.5,498817379,997.635
[CSV]compute5,0,NkOpt,2154434,1000,0.6,2.2,20.8563,0.0,23560.8,1075118733,998.052
[CSV]compute5,0,NkOpt,4641588,1000,0.6,2.2,22.4907,0.0,50829.6,2311966464,996.196
[CSV]compute5,0,NkOpt,10000000,1000,0.6,2.2,24.1108,0.0,108975,4935096661,987.019
[CSV]compute5,0,NkOpt,10000,10,1,3,15.683,0.0,5.48823,48757,9.7514
[CSV]compute5,0,NkOpt,10000,10,1,3,15.683,0.0,5.22892,48758,9.7516
[CSV]compute5,0,NkOpt,21544,10,1,3,17.2179,0.0,10.7076,108300,10.0538
[CSV]compute5,0,NkOpt,46415,10,1,3,18.7527,0.0,23.8591,228161,9.83135
[CSV]compute5,0,NkOpt,100000,10,1,3,20.2913,0.0,53.6324,492540,9.8508
[CSV]compute5,0,NkOpt,215443,10,1,3,21.8265,0.0,120.575,1070075,9.93372
[CSV]compute5,0,NkOpt,464158,10,1,3,23.3616,0.0,274.234,2320707,9.99964
[CSV]compute5,0,NkOpt,1000000,10,1,3,24.8968,0.0,559.722,4975817,9.95163
[CSV]compute5,0,NkOpt,2154434,10,1,3,26.4319,0.0,1301.15,10789419,10.016
[CSV]compute5,0,NkOpt,4641588,10,1,3,27.9671,0.0,3139.44,23143486,9.97223
[CSV]compute5,0,NkOpt,10000000,10,1,3,29.5022,0.0,7343.84,50000748,10.0001
[CSV]compute5,0,NkOpt,21544346,10,1,3,31.0374,0.0,15211.3,107612141,9.98983
[CSV]compute5,0,NkOpt,46415888,10,1,3,32.5725,0.0,35127.1,231763244,9.98638
[CSV]compute5,0,NkOpt,100000000,10,1,3,34.1046,0.0,82266.5,500974610,10.0195
[CSV]compute5,0,NkOpt,10000,100,1,3,11.0622,0.0,15.1886,480625,96.125
[CSV]compute5,0,NkOpt,10000,100,1,3,11.0622,0.0,15.614,517683,103.537
[CSV]compute5,0,NkOpt,21544,100,1,3,12.6063,0.0,32.647,1112368,103.265
[CSV]compute5,0,NkOpt,46415,100,1,3,14.1455,0.0,68.0652,2288405,98.6063
[CSV]compute5,0,NkOpt,100000,100,1,3,15.683,0.0,151.278,5089493,101.79
[CSV]compute5,0,NkOpt,215443,100,1,3,17.2191,0.0,329.36,10688900,99.2272
[CSV]compute5,0,NkOpt,464158,100,1,3,18.7545,0.0,736.768,23413981,100.888
[CSV]compute5,0,NkOpt,1000000,100,1,3,20.2899,0.0,1517.19,49917066,99.8341
[CSV]compute5,0,NkOpt,2154434,100,1,3,21.825,0.0,3307.95,107694415,99.9747
[CSV]compute5,0,NkOpt,4641588,100,1,3,23.36,0.0,7443.83,232960028,100.379
[CSV]compute5,0,NkOpt,10000000,100,1,3,24.8951,0.0,16738,500093697,100.019
[CSV]compute5,0,NkOpt,21544346,100,1,3,26.4301,0.0,35118.6,1075888414,99.8766
[CSV]compute5,0,NkOpt,46415888,100,1,3,27.9655,0.0,78121.6,2320567696,99.9902
[CSV]compute5,0,NkOpt,100000000,100,1,3,29.5006,0.0,174175,4999811290,99.9962
[CSV]compute5,0,NkOpt,21544,1000,1,3,7.93843,0.0,218.175,10748506,997.819
[CSV]compute5,0,NkOpt,46415,1000,1,3,9.50959,0.0,465.234,23465395,1011.11
[CSV]compute5,0,NkOpt,100000,1000,1,3,11.0624,0.0,990.237,50160645,1003.21
[CSV]compute5,0,NkOpt,215443,1000,1,3,12.6062,0.0,2158.07,108477804,1007.02
[CSV]compute5,0,NkOpt,464158,1000,1,3,14.1456,0.0,4680.22,231759801,998.625
[CSV]compute5,0,NkOpt,1000000,1000,1,3,15.6828,0.0,9866.06,499248339,998.497
[CSV]compute5,0,NkOpt,2154434,1000,1,3,17.2189,0.0,21221.3,1078745265,1001.42
[CSV]compute5,0,NkOpt,4641588,1000,1,3,18.7545,0.0,45996.2,2321030242,1000.1
[CSV]compute5,0,NkOpt,10000000,1000,1,3,20.2899,0.0,100172,5006126971,1001.23
[CSV]compute5,1,NkOpt,10000,10,0.6,2.2,19.2056,0.0,6.03056,55690,11.138
[CSV]compute5,1,NkOpt,10000,10,0.6,2.2,19.2056,0.0,5.84889,54922,10.9844
[CSV]compute5,1,NkOpt,21544,10,0.6,2.2,20.8558,0.0,11.6989,112734,10.4655
[CSV]compute5,1,NkOpt,46415,10,0.6,2.2,22.4896,0.0,26.4913,263707,11.363
[CSV]compute5,1,NkOpt,100000,10,0.6,2.2,24.112,0.0,56.7067,444946,8.89892
[CSV]compute5,1,NkOpt,215443,10,0.6,2.2,25.7171,0.0,130.733,1005842,9.33743
[CSV]compute5,1,NkOpt,464158,10,0.6,2.2,27.3193,0.0,304.095,2390283,10.2994
[CSV]compute5,1,NkOpt,1000000,10,0.6,2.2,28.9054,0.0,626.126,4857431,9.71486
[CSV]compute5,1,NkOpt,2154434,10,0.6,2.2,30.488,0.0,1451.52,10432326,9.68452
[CSV]compute5,1,NkOpt,4641588,10,0.6,2.2,32.0655,0.0,3433.7,22039108,9.49637
[CSV]compute5,1,NkOpt,10000000,10,0.6,2.2,33.6363,0.0,7990.52,50024969,10.005
[CSV]compute5,1,NkOpt,21544346,10,0.6,2.2,35.2051,0.0,16597,105964409,9.83686
[CSV]compute5,1,NkOpt,46415888,10,0.6,2.2,36.7676,0.0,38543,241311839,10.3978
[CSV]compute5,1,NkOpt,100000000,10,0.6,2.2,38.3262,0.0,88503,485909768,9.7182
[CSV]compute5,1,NkOpt,10000,100,0.6,2.2,14.0942,0.0,17.2731,516430,103.286
[CSV]compute5,1,NkOpt,10000,100,0.6,2.2,14.0942,0.0,16.3237,484701,96.9402
[CSV]compute5,1,NkOpt,21544,100,0.6,2.2,15.8307,0.0,34.6126,1049693,97.4464
[CSV]compute5,1,NkOpt,46415,100,0.6,2.2,17.531,0.0,72.7411,2179885,93.9302
[CSV]compute5,1,NkOpt,100000,100,0.6,2.2,19.2046,0.0,160.36,4751267,95.0253
[CSV]compute5,1,NkOpt,215443,100,0.6,2.2,20.8564,0.0,346.239,9914060,92.0342
[CSV]compute5,1,NkOpt,464158,100,0.6,2.2,22.4907,0.0,789.182,22688615,97.7625
[CSV]compute5,1,NkOpt,1000000,100,0.6,2.2,24.1109,0.0,1698.27,50679043,101.358
[CSV]compute5,1,NkOpt,2154434,100,0.6,2.2,25.7189,0.0,3651.15,105033113,97.5041
[CSV]compute5,1,NkOpt,4641588,100,0.6,2.2,27.3174,0.0,8333.88,233914567,100.791
[CSV]compute5,1,NkOpt,10000000,100,0.6,2.2,28.9074,0.0,18848.1,520720058,104.144
[CSV]compute5,1,NkOpt,21544346,100,0.6,2.2,30.4901,0.0,38825.8,1071273726,99.4482
[CSV]compute5,1,NkOpt,46415888,100,0.6,2.2,32.0667,0.0,86887.3,2335619871,100.639
[CSV]compute5,1,NkOpt,100000000,100,0.6,2.2,33.6378,0.0,190672,4949801397,98.996
[CSV]compute5,1,NkOpt,21544,1000,0.6,2.2,10.4538,0.0,213.1,9760849,906.132
[CSV]compute5,1,NkOpt,46415,1000,0.6,2.2,12.309,0.0,487.949,22424249,966.25
[CSV]compute5,1,NkOpt,100000,1000,0.6,2.2,14.0941,0.0,1091.9,50033177,1000.66
[CSV]compute5,1,NkOpt,215443,1000,0.6,2.2,15.8305,0.0,2315.17,104950333,974.275
[CSV]compute5,1,NkOpt,464158,1000,0.6,2.2,17.5312,0.0,4982.46,224499389,967.34
[CSV]compute5,1,NkOpt,1000000,1000,0.6,2.2,19.2046,0.0,10703.6,487547222,975.094
[CSV]compute5,1,NkOpt,2154434,1000,0.6,2.2,20.8563,0.0,23103.7,1051927969,976.524
[CSV]compute5,1,NkOpt,4641588,1000,0.6,2.2,22.4907,0.0,50398.8,2289337950,986.446
[CSV]compute5,1,NkOpt,10000000,1000,0.6,2.2,24.1108,0.0,109218,4953146370,990.629
[CSV]compute5,1,NkOpt,10000,10,1,3,15.683,0.0,5.51711,48504,9.7008
[CSV]compute5,1,NkOpt,10000,10,1,3,15.683,0.0,5.25568,47697,9.5394
[CSV]compute5,1,NkOpt,21544,10,1,3,17.2179,0.0,10.8078,110739,10.2803
[CSV]compute5,1,NkOpt,46415,10,1,3,18.7527,0.0,23.6335,228088,9.8282
[CSV]compute5,1,NkOpt,100000,10,1,3,20.2913,0.0,53.7505,492519,9.85038
[CSV]compute5,1,NkOpt,215443,10,1,3,21.8265,0.0,120.48,1089980,10.1185
[CSV]compute5,1,NkOpt,464158,10,1,3,23.3616,0.0,273.554,2309708,9.95225
[CSV]compute5,1,NkOpt,1000000,10,1,3,24.8968,0.0,559.276,4976536,9.95307
[CSV]compute5,1,NkOpt,2154434,10,1,3,26.4319,0.0,1311.82,10783134,10.0102
[CSV]compute5,1,NkOpt,4641588,10,1,3,27.9671,0.0,3128.84,23139481,9.9705
[CSV]compute5,1,NkOpt,10000000,10,1,3,29.5022,0.0,7348.37,50002778,10.0006
[CSV]compute5,1,NkOpt,21544346,10,1,3,31.0374,0.0,15207.4,107724941,10.0003
[CSV]compute5,1,NkOpt,46415888,10,1,3,32.5725,0.0,35156.1,231730349,9.98496
[CSV]compute5,1,NkOpt,100000000,10,1,3,34.1046,0.0,82179.6,500753071,10.0151
[CSV]compute5,1,NkOpt,10000,100,1,3,11.0622,0.0,15.8403,514343,102.869
[CSV]compute5,1,NkOpt,10000,100,1,3,11.0622,0.0,15.1626,501816,100.363
[CSV]compute5,1,NkOpt,21544,100,1,3,12.6063,0.0,32.0798,1083551,100.59
[CSV]compute5,1,NkOpt,46415,100,1,3,14.1455,0.0,66.9912,2240739,96.5524
[CSV]compute5,1,NkOpt,100000,100,1,3,15.683,0.0,150.809,5049696,100.994
[CSV]compute5,1,NkOpt,215443,100,1,3,17.2191,0.0,332.61,10851328,100.735
[CSV]compute5,1,NkOpt,464158,100,1,3,18.7545,0.0,731.743,23183706,99.8958
[CSV]compute5,1,NkOpt,1000000,100,1,3,20.2899,0.0,1522.73,50136096,100.272
[CSV]compute5,1,NkOpt,2154434,100,1,3,21.825,0.0,3308.99,107867998,100.136
[CSV]compute5,1,NkOpt,4641588,100,1,3,23.36,0.0,7425.68,231796456,99.8781
[CSV]compute5,1,NkOpt,10000000,100,1,3,24.8951,0.0,16736.4,500888672,100.178
[CSV]compute5,1,NkOpt,21544346,100,1,3,26.4301,0.0,35199,1079342193,100.197
[CSV]compute5,1,NkOpt,46415888,100,1,3,27.9655,0.0,78017.7,2320144274,99.972
[CSV]compute5,1,NkOpt,100000000,100,1,3,29.5006,0.0,173988,4998555306,99.9711
[CSV]compute5,1,NkOpt,21544,1000,1,3,7.93843,0.0,216.533,10789433,1001.62
[CSV]compute5,1,NkOpt,46415,1000,1,3,9.50959,0.0,450.053,22684613,977.469
[CSV]compute5,1,NkOpt,100000,1000,1,3,11.0624,0.0,1008.49,50855121,1017.1
[CSV]compute5,1,NkOpt,215443,1000,1,3,12.6062,0.0,2155.14,108442941,1006.7
[CSV]compute5,1,NkOpt,464158,1000,1,3,14.1456,0.0,4675.97,232194444,1000.5
[CSV]compute5,1,NkOpt,1000000,1000,1,3,15.6828,0.0,9897.76,501357379,1002.71
[CSV]compute5,1,NkOpt,2154434,1000,1,3,17.2189,0.0,21111.9,1074318566,997.309
[CSV]compute5,1,NkOpt,4641588,1000,1,3,18.7545,0.0,46037.6,2326268669,1002.36
[CSV]compute5,1,NkOpt,10000000,1000,1,3,20.2899,0.0,99924.5,4993602150,998.72
[CSV]compute5,1,NkOpt,21544346,1000,1,3,21.8251,0.0,213647,10780408360,1000.76
[CSV]compute5,2,NkOpt,10000,10,0.6,2.2,19.2056,0.0,6.02071,53666,10.7332
[CSV]compute5,2,NkOpt,10000,10,0.6,2.2,19.2056,0.0,5.63603,46544,9.3088
[CSV]compute5,2,NkOpt,21544,10,0.6,2.2,20.8558,0.0,11.1382,91780,8.52024
[CSV]compute5,2,NkOpt,46415,10,0.6,2.2,22.4896,0.0,25.6545,231798,9.98806
[CSV]compute5,2,NkOpt,100000,10,0.6,2.2,24.112,0.0,58.1567,501357,10.0271
[CSV]compute5,2,NkOpt,215443,10,0.6,2.2,25.7171,0.0,130.36,977982,9.0788
[CSV]compute5,2,NkOpt,464158,10,0.6,2.2,27.3193,0.0,301.978,2435456,10.4941
[CSV]compute5,2,NkOpt,1000000,10,0.6,2.2,28.9054,0.0,628.458,4840506,9.68101
[CSV]compute5,2,NkOpt,2154434,10,0.6,2.2,30.488,0.0,1443.41,10168864,9.43994
[CSV]compute5,2,NkOpt,4641588,10,0.6,2.2,32.0655,0.0,3451.36,22929892,9.88019
[CSV]compute5,2,NkOpt,10000000,10,0.6,2.2,33.6363,0.0,8008.12,50698864,10.1398
[CSV]compute5,2,NkOpt,21544346,10,0.6,2.2,35.2051,0.0,16651.4,107537685,9.98291
[CSV]compute5,2,NkOpt,46415888,10,0.6,2.2,36.7676,0.0,38312.9,223445655,9.62798
[CSV]compute5,2,NkOpt,100000000,10,0.6,2.2,38.3262,0.0,88566.1,483576576,9.67153
[CSV]compute5,2,NkOpt,10000,100,0.6,2.2,14.0942,0.0,17.8513,523622,104.724
[CSV]compute5,2,NkOpt,10000,100,0.6,2.2,14.0942,0.0,17.7705,534988,106.998
[CSV]compute5,2,NkOpt,21544,100,0.6,2.2,15.8307,0.0,34.326,1023115,94.9791
[CSV]compute5,2,NkOpt,46415,100,0.6,2.2,17.531,0.0,75.429,2275802,98.0632
[CSV]compute5,2,NkOpt,100000,100,0.6,2.2,19.2046,0.0,160.334,4687053,93.7411
[CSV]compute5,2,NkOpt,215443,100,0.6,2.2,20.8564,0.0,368.294,10673617,99.0853
[CSV]compute5,2,NkOpt,464158,100,0.6,2.2,22.4907,0.0,831.007,23991213,103.375
[CSV]compute5,2,NkOpt,1000000,100,0.6,2.2,24.1109,0.0,1690.23,49652350,99.3047
[CSV]compute5,2,NkOpt,2154434,100,0.6,2.2,25.7189,0.0,3644.82,103776848,96.3379
[CSV]compute5,2,NkOpt,4641588,100,0.6,2.2,27.3174,0.0,8349.36,232451012,100.16
[CSV]compute5,2,NkOpt,10000000,100,0.6,2.2,28.9074,0.0,18356.2,494379216,98.8758
[CSV]compute5,2,NkOpt,21544346,100,0.6,2.2,30.4901,0.0,39429.3,1094491499,101.604
[CSV]compute5,2,NkOpt,46415888,100,0.6,2.2,32.0667,0.0,85662.1,2262608577,97.4928
[CSV]compute5,2,NkOpt,100000000,100,0.6,2.2,33.6378,0.0,191674,4985682567,99.7137
[CSV]compute5,2,NkOpt,21544,1000,0.6,2.2,10.4538,0.0,210.361,9605590,891.718
[CSV]compute5,2,NkOpt,46415,1000,0.6,2.2,12.309,0.0,481.867,22010252,948.411
[CSV]compute5,2,NkOpt,100000,1000,0.6,2.2,14.0941,0.0,1023.07,46669002,933.38
[CSV]compute5,2,NkOpt,215443,1000,0.6,2.2,15.8305,0.0,2363.75,107809470,1000.82
[CSV]compute5,2,NkOpt,464158,1000,0.6,2.2,17.5312,0.0,4984.74,224760825,968.467
[CSV]compute5,2,NkOpt,1000000,1000,0.6,2.2,19.2046,0.0,10981.3,502024866,1004.05
[CSV]compute5,2,NkOpt,2154434,1000,0.6,2.2,20.8563,0.0,23638.6,1077453989,1000.22
[CSV]compute5,2,NkOpt,4641588,1000,0.6,2.2,22.4907,0.0,50668.5,2305470257,993.397
[CSV]compute5,2,NkOpt,10000000,1000,0.6,2.2,24.1108,0.0,109272,4955246669,991.049
[CSV]compute5,2,NkOpt,10000,10,1,3,15.683,0.0,5.48744,46834,9.3668
[CSV]compute5,2,NkOpt,10000,10,1,3,15.683,0.0,5.40236,51452,10.2904
[CSV]compute5,2,NkOpt,21544,10,1,3,17.2179,0.0,10.7232,106060,9.8459
[CSV]compute5,2,NkOpt,46415,10,1,3,18.7527,0.0,23.9443,232233,10.0068
[CSV]compute5,2,NkOpt,100000,10,1,3,20.2913,0.0,54.2648,502298,10.046
[CSV]compute5,2,NkOpt,215443,10,1,3,21.8265,0.0,120.254,1066250,9.89821
[CSV]compute5,2,NkOpt,464158,10,1,3,23.3616,0.0,274.205,2320719,9.99969
[CSV]compute5,2,NkOpt,1000000,10,1,3,24.8968,0.0,562.591,4998985,9.99797
[CSV]compute5,2,NkOpt,2154434,10,1,3,26.4319,0.0,1300.87,10805040,10.0305
[CSV]compute5,2,NkOpt,4641588,10,1,3,27.9671,0.0,3129.95,23161141,9.97983
[CSV]compute5,2,NkOpt,10000000,10,1,3,29.5022,0.0,7340.18,49912921,9.98258
[CSV]compute5,2,NkOpt,21544346,10,1,3,31.0374,0.0,15216.9,107732171,10.001
[CSV]compute5,2,NkOpt,46415888,10,1,3,32.5725,0.0,35214.2,231965798,9.9951
[CSV]compute5,2,NkOpt,100000000,10,1,3,34.1046,0.0,82169.4,500657208,10.0131
[CSV]compute5,2,NkOpt,10000,100,1,3,11.0622,0.0,15.6751,503750,100.75
[CSV]compute5,2,NkOpt,10000,100,1,3,11.0622,0.0,15.6027,519569,103.914
[CSV]compute5,2,NkOpt,21544,100,1,3,12.6063,0.0,31.7953,1076422,99.9278
[CSV]compute5,2,NkOpt,46415,100,1,3,14.1455,0.0,68.6101,2322615,100.08
[CSV]compute5,2,NkOpt,100000,100,1,3,15.683,0.0,150.08,5014879,100.298
[CSV]compute5,2,NkOpt,215443,100,1,3,17.2191,0.0,330.124,10733555,99.6417
[CSV]compute5,2,NkOpt,464158,100,1,3,18.7545,0.0,735.75,23349745,100.611
[CSV]compute5,2,NkOpt,1000000,100,1,3,20.2899,0.0,1517.13,49840370,99.6807
[CSV]compute5,2,NkOpt,2154434,100,1,3,21.825,0.0,3320.66,107805726,100.078
[CSV]compute5,2,NkOpt,4641588,100,1,3,23.36,0.0,7432.17,231734507,99.8514
[CSV]compute5,2,NkOpt,10000000,100,1,3,24.8951,0.0,16790.2,500846644,100.169
[CSV]compute5,2,NkOpt,21544346,100,1,3,26.4301,0.0,35262,1078778076,100.145
[CSV]compute5,2,NkOpt,46415888,100,1,3,27.9655,0.0,77988.9,2319479442,99.9433
[CSV]compute5,2,NkOpt,100000000,100,1,3,29.5006,0.0,174195,5004536423,100.091
[CSV]compute5,2,NkOpt,21544,1000,1,3,7.93843,0.0,214.73,10713559,994.575
[CSV]compute5,2,NkOpt,46415,1000,1,3,9.50959,0.0,458.765,23101866,995.448
[CSV]compute5,2,NkOpt,100000,1000,1,3,11.0624,0.0,996.74,50380051,1007.6
[CSV]compute5,2,NkOpt,215443,1000,1,3,12.6062,0.0,2144.02,107749404,1000.26
[CSV]compute5,2,NkOpt,464158,1000,1,3,14.1456,0.0,4649.83,230582785,993.553
[CSV]compute5,2,NkOpt,1000000,1000,1,3,15.6828,0.0,9887.01,500128115,1000.26
[CSV]compute5,2,NkOpt,2154434,1000,1,3,17.2189,0.0,21305.3,1081789991,1004.25
[CSV]compute5,2,NkOpt,4641588,1000,1,3,18.7545,0.0,46076.4,2324850370,1001.75
[CSV]compute5,2,NkOpt,10000000,1000,1,3,20.2899,0.0,100361,5010783097,1002.16
[CSV]compute5,3,NkOpt,10000,10,0.6,2.2,19.2056,0.0,6.09076,51927,10.3854
[CSV]compute5,3,NkOpt,10000,10,0.6,2.2,19.2056,0.0,5.85,57754,11.5508
[CSV]compute5,3,NkOpt,21544,10,0.6,2.2,20.8558,0.0,11.9259,119164,11.0624
[CSV]compute5,3,NkOpt,46415,10,0.6,2.2,22.4896,0.0,25.7284,233015,10.0405
[CSV]compute5,3,NkOpt,100000,10,0.6,2.2,24.112,0.0,57.5242,457728,9.15456
[CSV]compute5,3,NkOpt,215443,10,0.6,2.2,25.7171,0.0,131.719,1017392,9.44465
[CSV]compute5,3,NkOpt,464158,10,0.6,2.2,27.3193,0.0,303.918,2328204,10.0319
[CSV]compute5,3,NkOpt,1000000,10,0.6,2.2,28.9054,0.0,633.949,4969287,9.93857
[CSV]compute5,3,NkOpt,2154434,10,0.6,2.2,30.488,0.0,1476.16,11210085,10.4065
[CSV]compute5,3,NkOpt,4641588,10,0.6,2.2,32.0655,0.0,3464.21,23586958,10.1633
[CSV]compute5,3,NkOpt,10000000,10,0.6,2.2,33.6363,0.0,7996.77,48666859,9.73337
[CSV]compute5,3,NkOpt,21544346,10,0.6,2.2,35.2051,0.0,16533.7,102015755,9.4703
[CSV]compute5,3,NkOpt,46415888,10,0.6,2.2,36.7676,0.0,39067.3,262275492,11.3011
[CSV]compute5,3,NkOpt,100000000,10,0.6,2.2,38.3262,0.0,88285.7,484438631,9.68877
[CSV]compute5,3,NkOpt,10000,100,0.6,2.2,14.0942,0.0,17.6319,522164,104.433
[CSV]compute5,3,NkOpt,10000,100,0.6,2.2,14.0942,0.0,17.1225,514744,102.949
[CSV]compute5,3,NkOpt,21544,100,0.6,2.2,15.8307,0.0,35.9477,1118176,103.804
[CSV]compute5,3,NkOpt,46415,100,0.6,2.2,17.531,0.0,73.1632,2204290,94.9818
[CSV]compute5,3,NkOpt,100000,100,0.6,2.2,19.2046,0.0,166.786,5041987,100.84
[CSV]compute5,3,NkOpt,215443,100,0.6,2.2,20.8564,0.0,348.352,10098930,93.7504
[CSV]compute5,3,NkOpt,464158,100,0.6,2.2,22.4907,0.0,801.418,23199293,99.9629
[CSV]compute5,3,NkOpt,1000000,100,0.6,2.2,24.1109,0.0,1656.01,48516548,97.0331
[CSV]compute5,3,NkOpt,2154434,100,0.6,2.2,25.7189,0.0,3684.94,106424120,98.7954
[CSV]compute5,3,NkOpt,4641588,100,0.6,2.2,27.3174,0.0,8334.54,234087723,100.865
[CSV]compute5,3,NkOpt,10000000,100,0.6,2.2,28.9074,0.0,18336.2,492953620,98.5907
[CSV]compute5,3,NkOpt,21544346,100,0.6,2.2,30.4901,0.0,39112.7,1082377822,100.479
[CSV]compute5,3,NkOpt,46415888,100,0.6,2.2,32.0667,0.0,86814.3,2342949268,100.955
[CSV]compute5,3,NkOpt,100000000,100,0.6,2.2,33.6378,0.0,190257,4902935597,98.0587
[CSV]compute5,3,NkOpt,21544,1000,0.6,2.2,10.4538,0.0,214.931,9798902,909.664
[CSV]compute5,3,NkOpt,46415,1000,0.6,2.2,12.309,0.0,464.451,21296132,917.64
[CSV]compute5,3,NkOpt,100000,1000,0.6,2.2,14.0941,0.0,1061.53,48494985,969.9
[CSV]compute5,3,NkOpt,215443,1000,0.6,2.2,15.8305,0.0,2275.72,103419914,960.068
[CSV]compute5,3,NkOpt,464158,1000,0.6,2.2,17.5312,0.0,5049.23,227426575,979.953
[CSV]compute5,3,NkOpt,1000000,1000,0.6,2.2,19.2046,0.0,10613.4,482875800,965.752
[CSV]compute5,3,NkOpt,2154434,1000,0.6,2.2,20.8563,0.0,23087.5,1052348474,976.914
[CSV]compute5,3,NkOpt,4641588,1000,0.6,2.2,22.4907,0.0,49781.6,2256471162,972.284
[CSV]compute5,3,NkOpt,10000000,1000,0.6,2.2,24.1108,0.0,109411,4952761890,990.552
[CSV]compute5,3,NkOpt,10000,10,1,3,15.683,0.0,5.60308,51079,10.2158
[CSV]compute5,3,NkOpt,10000,10,1,3,15.683,0.0,5.28956,50106,10.0212
[CSV]compute5,3,NkOpt,21544,10,1,3,17.2179,0.0,10.7531,107820,10.0093
[CSV]compute5,3,NkOpt,46415,10,1,3,18.7527,0.0,23.7457,229048,9.86957
[CSV]compute5,3,NkOpt,100000,10,1,3,20.2913,0.0,53.5354,492572,9.85144
[CSV]compute5,3,NkOpt,215443,10,1,3,21.8265,0.0,119.956,1075604,9.98504
[CSV]compute5,3,NkOpt,464158,10,1,3,23.3616,0.0,276.114,2310815,9.95702
[CSV]compute5,3,NkOpt,1000000,10,1,3,24.8968,0.0,561.275,4974255,9.94851
[CSV]compute5,3,NkOpt,2154434,10,1,3,26.4319,0.0,1307.58,10790291,10.0168
[CSV]compute5,3,NkOpt,4641588,10,1,3,27.9671,0.0,3138.75,23198435,9.9959
[CSV]compute5,3,NkOpt,10000000,10,1,3,29.5022,0.0,7340.65,50042864,10.0086
[CSV]compute5,3,NkOpt,21544346,10,1,3,31.0374,0.0,15238.8,107773538,10.0048
[CSV]compute5,3,NkOpt,46415888,10,1,3,32.5725,0.0,35165.6,231732895,9.98507
[CSV]compute5,3,NkOpt,100000000,10,1,3,34.1046,0.0,82088.9,500196564,10.0039
[CSV]compute5,3,NkOpt,10000,100,1,3,11.0622,0.0,15.5188,504498,100.9
[CSV]compute5,3,NkOpt,10000,100,1,3,11.0622,0.0,15.4947,517487,103.497
[CSV]compute5,3,NkOpt,21544,100,1,3,12.6063,0.0,31.2377,1055433,97.9793
[CSV]compute5,3,NkOpt,46415,100,1,3,14.1455,0.0,68.5235,2326463,100.246
[CSV]compute5,3,NkOpt,100000,100,1,3,15.683,0.0,149.981,5031633,100.633
[CSV]compute5,3,NkOpt,215443,100,1,3,17.2191,0.0,329.297,10697678,99.3087
[CSV]compute5,3,NkOpt,464158,100,1,3,18.7545,0.0,729.76,23117871,99.6121
[CSV]compute5,3,NkOpt,1000000,100,1,3,20.2899,0.0,1525.45,50244035,100.488
[CSV]compute5,3,NkOpt,2154434,100,1,3,21.825,0.0,3310.76,107732372,100.01
[CSV]compute5,3,NkOpt,4641588,100,1,3,23.36,0.0,7439.99,232220158,100.061
[CSV]compute5,3,NkOpt,10000000,100,1,3,24.8951,0.0,16786.2,501121114,100.224
[CSV]compute5,3,NkOpt,21544346,100,1,3,26.4301,0.0,35237.3,1077808735,100.055
[CSV]compute5,3,NkOpt,46415888,100,1,3,27.9655,0.0,78108.3,2320231436,99.9757
[CSV]compute5,3,NkOpt,100000000,100,1,3,29.5006,0.0,174121,4998995322,99.9799
[CSV]compute5,3,NkOpt,21544,1000,1,3,7.93843,0.0,213.396,10609297,984.896
[CSV]compute5,3,NkOpt,46415,1000,1,3,9.50959,0.0,459.838,23106088,995.63
[CSV]compute5,3,NkOpt,100000,1000,1,3,11.0624,0.0,979.084,49450112,989.002
[CSV]compute5,3,NkOpt,215443,1000,1,3,12.6062,0.0,2144.44,107724891,1000.03
[CSV]compute5,3,NkOpt,464158,1000,1,3,14.1456,0.0,4694.74,232734112,1002.82
[CSV]compute5,3,NkOpt,1000000,1000,1,3,15.6828,0.0,9903.04,501020342,1002.04
[CSV]compute5,3,NkOpt,2154434,1000,1,3,17.2189,0.0,21261.5,1076004495,998.874
[CSV]compute5,3,NkOpt,4641588,1000,1,3,18.7545,0.0,45974.1,2321296032,1000.22
[CSV]compute5,3,NkOpt,10000000,1000,1,3,20.2899,0.0,99978.9,4992715198,998.543
[CSV]compute5,3,NkOpt,21544346,1000,1,3,21.8251,0.0,214064,10794561648,1002.08
[CSV]compute5,4,NkOpt,10000,10,0.6,2.2,19.2056,0.0,5.70187,43205,8.641
[CSV]compute5,4,NkOpt,10000,10,0.6,2.2,19.2056,0.0,5.55961,44364,8.8728
[CSV]compute5,4,NkOpt,21544,10,0.6,2.2,20.8558,0.0,12.0202,121195,11.2509
[CSV]compute5,4,NkOpt,46415,10,0.6,2.2,22.4896,0.0,25.427,215879,9.30212
[CSV]compute5,4,NkOpt,100000,10,0.6,2.2,24.112,0.0,58.6816,502804,10.0561
[CSV]compute5,4,NkOpt,215443,10,0.6,2.2,25.7171,0.0,130.641,1015530,9.42737
[CSV]compute5,4,NkOpt,464158,10,0.6,2.2,27.3193,0.0,299.497,2212862,9.53495
[CSV]compute5,4,NkOpt,1000000,10,0.6,2.2,28.9054,0.0,635.99,5150946,10.3019
[CSV]compute5,4,NkOpt,2154434,10,0.6,2.2,30.488,0.0,1452.27,10467444,9.71712
[CSV]compute5,4,NkOpt,4641588,10,0.6,2.2,32.0655,0.0,3499.51,25163449,10.8426
[CSV]compute5,4,NkOpt,10000000,10,0.6,2.2,33.6363,0.0,7953.56,47359892,9.47198
[CSV]compute5,4,NkOpt,21544346,10,0.6,2.2,35.2051,0.0,16592.2,106669564,9.90233
[CSV]compute5,4,NkOpt,46415888,10,0.6,2.2,36.7676,0.0,38433.2,223678415,9.63801
[CSV]compute5,4,NkOpt,100000000,10,0.6,2.2,38.3262,0.0,88548.4,506608125,10.1322
[CSV]compute5,4,NkOpt,10000,100,0.6,2.2,14.0942,0.0,17.5625,528221,105.644
[CSV]compute5,4,NkOpt,10000,100,0.6,2.2,14.0942,0.0,17.1629,524549,104.91
[CSV]compute5,4,NkOpt,21544,100,0.6,2.2,15.8307,0.0,34.3901,1045716,97.0772
[CSV]compute5,4,NkOpt,46415,100,0.6,2.2,17.531,0.0,75.0159,2285897,98.4982
[CSV]compute5,4,NkOpt,100000,100,0.6,2.2,19.2046,0.0,159.129,4693430,93.8686
[CSV]compute5,4,NkOpt,215443,100,0.6,2.2,20.8564,0.0,361.8,10658581,98.9457
[CSV]compute5,4,NkOpt,464158,100,0.6,2.2,22.4907,0.0,788.636,22735481,97.9644
[CSV]compute5,4,NkOpt,1000000,100,0.6,2.2,24.1109,0.0,1643.04,48088763,96.1775
[CSV]compute5,4,NkOpt,2154434,100,0.6,2.2,25.7189,0.0,3729.84,108815458,101.015
[CSV]compute5,4,NkOpt,4641588,100,0.6,2.2,27.3174,0.0,8297.66,229527974,98.9006
[CSV]compute5,4,NkOpt,10000000,100,0.6,2.2,28.9074,0.0,18478.8,499367177,99.8734
[CSV]compute5,4,NkOpt,21544346,100,0.6,2.2,30.4901,0.0,38652,1054651074,97.9051
[CSV]compute5,4,NkOpt,46415888,100,0.6,2.2,32.0667,0.0,86768.9,2340157879,100.834
[CSV]compute5,4,NkOpt,100000000,100,0.6,2.2,33.6378,0.0,192123,4985193844,99.7039
[CSV]compute5,4,NkOpt,21544,1000,0.6,2.2,10.4538,0.0,210.038,9603330,891.509
[CSV]compute5,4,NkOpt,46415,1000,0.6,2.2,12.309,0.0,481.163,22000530,947.992
[CSV]compute5,4,NkOpt,100000,1000,0.6,2.2,14.0941,0.0,1061.53,48493114,969.862
[CSV]compute5,4,NkOpt,215443,1000,0.6,2.2,15.8305,0.0,2283.16,103882210,964.359
[CSV]compute5,4,NkOpt,464158,1000,0.6,2.2,17.5312,0.0,5077.84,228733583,985.585
[CSV]compute5,4,NkOpt,1000000,1000,0.6,2.2,19.2046,0.0,10885.2,495036754,990.074
[CSV]compute5,4,NkOpt,2154434,1000,0.6,2.2,20.8563,0.0,23305.6,1061844773,985.73
[CSV]compute5,4,NkOpt,4641588,1000,0.6,2.2,22.4907,0.0,50479.4,2289045704,986.32
[CSV]compute5,4,NkOpt,10000000,1000,0.6,2.2,24.1108,0.0,111199,5051274987,1010.25
[CSV]compute5,4,NkOpt,10000,10,1,3,15.683,0.0,5.63092,49510,9.902
[CSV]compute5,4,NkOpt,10000,10,1,3,15.683,0.0,5.33681,49732,9.9464
[CSV]compute5,4,NkOpt,21544,10,1,3,17.2179,0.0,10.8392,109158,10.1335
[CSV]compute5,4,NkOpt,46415,10,1,3,18.7527,0.0,23.6734,226756,9.77081
[CSV]compute5,4,NkOpt,100000,10,1,3,20.2913,0.0,54.24,499383,9.98766
[CSV]compute5,4,NkOpt,215443,10,1,3,21.8265,0.0,119.455,1056590,9.80853
[CSV]compute5,4,NkOpt,464158,10,1,3,23.3616,0.0,274.289,2308220,9.94584
[CSV]compute5,4,NkOpt,1000000,10,1,3,24.8968,0.0,562.422,5005783,10.0116
[CSV]compute5,4,NkOpt,2154434,10,1,3,26.4319,0.0,1300.89,10726444,9.95755
[CSV]compute5,4,NkOpt,4641588,10,1,3,27.9671,0.0,3145.66,23222612,10.0063
[CSV]compute5,4,NkOpt,10000000,10,1,3,29.5022,0.0,7341.45,50039054,10.0078
[CSV]compute5,4,NkOpt,21544346,10,1,3,31.0374,0.0,15226.2,107577362,9.9866
[CSV]compute5,4,NkOpt,46415888,10,1,3,32.5725,0.0,35159.6,232103754,10.001
[CSV]compute5,4,NkOpt,100000000,10,1,3,34.1046,0.0,82235.3,500632878,10.0127
[CSV]compute5,4,NkOpt,10000,100,1,3,11.0622,0.0,15.6297,504776,100.955
[CSV]compute5,4,NkOpt,10000,100,1,3,11.0622,0.0,15.0565,492969,98.5938
[CSV]compute5,4,NkOpt,21544,100,1,3,12.6063,0.0,32.3329,1092241,101.396
[CSV]compute5,4,NkOpt,46415,100,1,3,14.1455,0.0,68.3595,2312076,99.6262
[CSV]compute5,4,NkOpt,100000,100,1,3,15.683,0.0,148.681,4953089,99.0618
[CSV]compute5,4,NkOpt,215443,100,1,3,17.2191,0.0,334.065,10876743,100.971
[CSV]compute5,4,NkOpt,464158,100,1,3,18.7545,0.0,726.987,22948113,98.8806
[CSV]compute5,4,NkOpt,1000000,100,1,3,20.2899,0.0,1525.22,50124156,100.248
[CSV]compute5,4,NkOpt,2154434,100,1,3,21.825,0.0,3310.97,107609790,99.8961
[CSV]compute5,4,NkOpt,4641588,100,1,3,23.36,0.0,7431.75,231577450,99.7837
[CSV]compute5,4,NkOpt,10000000,100,1,3,24.8951,0.0,16770.7,500485118,100.097
[CSV]compute5,4,NkOpt,21544346,100,1,3,26.4301,0.0,35198.7,1077291778,100.007
[CSV]compute5,4,NkOpt,46415888,100,1,3,27.9655,0.0,78153.7,2321647913,100.037
[CSV]compute5,4,NkOpt,100000000,100,1,3,29.5006,0.0,174213,4997228409,99.9446
[CSV]compute5,4,NkOpt,21544,1000,1,3,7.93843,0.0,215.514,10721517,995.313
[CSV]compute5,4,NkOpt,46415,1000,1,3,9.50959,0.0,457.512,23095503,995.174
[CSV]compute5,4,NkOpt,100000,1000,1,3,11.0624,0.0,997.175,50437744,1008.75
[CSV]compute5,4,NkOpt,215443,1000,1,3,12.6062,0.0,2131.67,107011753,993.411
[CSV]compute5,4,NkOpt,464158,1000,1,3,14.1456,0.0,4678.56,232093905,1000.06
[CSV]compute5,4,NkOpt,1000000,1000,1,3,15.6828,0.0,9828.66,497094889,994.19
[CSV]compute5,4,NkOpt,2154434,1000,1,3,17.2189,0.0,21159,1075074937,998.011
[CSV]compute5,4,NkOpt,4641588,1000,1,3,18.7545,0.0,46169.7,2329995810,1003.96
[CSV]compute5,4,NkOpt,10000000,1000,1,3,20.2899,0.0,100098,4999800842,999.96
