algo,host,iter,seed,n,avgDeg,alpha,PLE,T,R,TimeTotal,TimePoints,TimePrepro,TimeEdges,GenNumEdge,GenAvgDeg
hypergirgs,gluten,0,123,10000,10,0.6,2.2,0,19.2056,49.6425,1.35108,41.7719,6.46936,47441,9.4882
hypergirgs,gluten,0,123,21544,10,0.6,2.2,0,20.8558,23.9968,2.75547,15.5152,5.6486,111005,10.305
hypergirgs,gluten,0,123,46415,10,0.6,2.2,0,22.4896,26.2212,4.30387,16.7747,5.0011,202245,8.71464
hypergirgs,gluten,0,123,100000,10,0.6,2.2,0,24.112,42.1349,10.087,21.1245,10.6452,536858,10.7372
hypergirgs,gluten,0,123,215443,10,0.6,2.2,0,25.7171,73.5237,20.6835,35.3094,16.7582,975147,9.05248
hypergirgs,gluten,0,123,464158,10,0.6,2.2,0,27.3193,149.005,52.1692,61.6954,33.6309,2546141,10.971
hypergirgs,gluten,0,123,1000000,10,0.6,2.2,0,28.9054,274.921,93.392,96.5019,79.9326,4683185,9.36637
hypergirgs,gluten,0,123,2154434,10,0.6,2.2,0,30.488,438.898,196.559,112.491,119.724,9920260,9.20916
hypergirgs,gluten,0,123,4641588,10,0.6,2.2,0,32.0655,990.005,428.594,262.401,274.351,22732795,9.79527
hypergirgs,gluten,0,123,10000000,10,0.6,2.2,0,33.6363,2048.19,935.696,524.692,557.975,49185966,9.83719
hypergirgs,gluten,0,123,21544346,10,0.6,2.2,0,35.2051,3877.61,1721.06,983.518,1086.33,102879530,9.55049
hypergirgs,gluten,0,123,46415888,10,0.6,2.2,0,36.7676,8220.84,3545.52,2191.18,2356.45,239735449,10.3299
hypergirgs,gluten,0,123,10000,100,0.6,2.2,0,14.0942,26.5867,0.810948,22.2648,3.28804,510227,102.045
hypergirgs,gluten,0,123,21544,100,0.6,2.2,0,15.8307,33.2912,1.78274,23.208,8.2851,1006061,93.3959
hypergirgs,gluten,0,123,46415,100,0.6,2.2,0,17.531,31.8585,4.32975,16.1963,11.321,2267320,97.6977
hypergirgs,gluten,0,123,100000,100,0.6,2.2,0,19.2046,46.2696,8.63689,21.9893,15.3765,4999075,99.9815
hypergirgs,gluten,0,123,215443,100,0.6,2.2,0,20.8564,77.0436,17.9517,29.8233,29.2593,10244774,95.1043
hypergirgs,gluten,0,123,464158,100,0.6,2.2,0,22.4907,150.518,37.1703,51.0986,59.4785,22234267,95.8047
hypergirgs,gluten,0,123,1000000,100,0.6,2.2,0,24.1109,280.789,88.7629,61.8936,127.424,49790041,99.5801
hypergirgs,gluten,0,123,2154434,100,0.6,2.2,0,25.7189,567.645,187.076,131.816,240.155,108955431,101.145
hypergirgs,gluten,0,123,4641588,100,0.6,2.2,0,27.3174,1131.99,427.804,193.848,496.557,229455842,98.8695
hypergirgs,gluten,0,123,10000000,100,0.6,2.2,0,28.9074,2378.32,920.087,361.923,1052.42,484735327,96.9471
hypergirgs,gluten,0,123,21544346,100,0.6,2.2,0,30.4901,5102.95,1993.5,773.473,2263.04,1080953411,100.347
hypergirgs,gluten,0,123,46415888,100,0.6,2.2,0,32.0667,10909.4,4277.6,1668.27,4818.79,2371825693,102.199
hypergirgs,gluten,0,123,21544,1000,0.6,2.2,0,10.4538,56.3871,1.87405,25.2559,29.2489,10141724,941.489
hypergirgs,gluten,0,123,46415,1000,0.6,2.2,0,12.309,71.6001,4.03697,21.9883,45.5663,22331637,962.259
hypergirgs,gluten,0,123,100000,1000,0.6,2.2,0,14.0941,101.725,8.43004,17.5986,75.6873,47830808,956.616
hypergirgs,gluten,0,123,215443,1000,0.6,2.2,0,15.8305,188.88,17.4928,9.08889,162.28,104814637,973.015
hypergirgs,gluten,0,123,464158,1000,0.6,2.2,0,17.5312,471.171,37.2398,42.134,389.456,229675631,989.644
hypergirgs,gluten,0,123,1000000,1000,0.6,2.2,0,19.2046,960.646,85.9567,74.6632,797.731,496081207,992.162
hypergirgs,gluten,0,123,2154434,1000,0.6,2.2,0,20.8563,1991.56,186.856,114.631,1681.56,1062885590,986.696
hypergirgs,gluten,0,123,4641588,1000,0.6,2.2,0,22.4907,4334.24,425.627,194.195,3700.62,2313869658,997.016
hypergirgs,gluten,0,123,10000000,1000,0.6,2.2,0,24.1108,9371.41,922.144,377.511,8022.66,4973721604,994.744
hypergirgs,gluten,0,123,21544346,1000,0.6,2.2,0,25.719,20131.3,2009.04,707.731,17353.5,10702306939,993.514
hypergirgs,gluten,0,123,46415888,1000,0.6,2.2,0,27.3174,42933.7,4269.72,1462.91,37060.7,23111884437,995.861
hypergirgs,gluten,0,123,10000,10,1,3,0,15.683,30.7779,0.810903,24.8318,5.12684,50982,10.1964
hypergirgs,gluten,0,123,21544,10,1,3,0,17.2179,23.397,2.05681,16.6974,4.63535,106337,9.87161
hypergirgs,gluten,0,123,46415,10,1,3,0,18.7527,25.1569,3.71734,15.8761,5.55518,236030,10.1704
hypergirgs,gluten,0,123,100000,10,1,3,0,20.2913,32.672,8.00645,18.5956,5.94529,502225,10.0445
hypergirgs,gluten,0,123,215443,10,1,3,0,21.8265,52.8261,13.8541,28.3582,10.6051,1081607,10.0408
hypergirgs,gluten,0,123,464158,10,1,3,0,23.3616,106.865,28.9192,57.4033,17.2699,2312647,9.96491
hypergirgs,gluten,0,123,1000000,10,1,3,0,24.8968,192.239,84.6883,71.7022,33.048,4982725,9.96545
hypergirgs,gluten,0,123,2154434,10,1,3,0,26.4319,339.202,156.412,117.653,55.8221,10744025,9.97387
hypergirgs,gluten,0,123,4641588,10,1,3,0,27.9671,712.197,371.71,192.785,132.541,23283549,10.0326
hypergirgs,gluten,0,123,10000000,10,1,3,0,29.5022,1411,736.3,388.763,256.38,49981705,9.99634
hypergirgs,gluten,0,123,21544346,10,1,3,0,31.0374,2945.19,1562.26,795.354,524.273,107654645,9.99377
hypergirgs,gluten,0,123,46415888,10,1,3,0,32.5725,6292.49,3349.83,1848.79,989.839,231557117,9.97749
hypergirgs,gluten,0,123,10000,100,1,3,0,11.0622,5.76996,0.814216,0.841465,4.10595,492909,98.5818
hypergirgs,gluten,0,123,21544,100,1,3,0,12.6063,10.4518,2.09279,1.78593,6.56469,1057800,98.199
hypergirgs,gluten,0,123,46415,100,1,3,0,14.1455,27.4123,4.05729,12.8179,10.5288,2299137,99.0687
hypergirgs,gluten,0,123,100000,100,1,3,0,15.683,37.3852,8.34441,9.48259,19.5473,5062237,101.245
hypergirgs,gluten,0,123,215443,100,1,3,0,17.2191,90.8768,24.6287,33.2008,33.0377,10845824,100.684
hypergirgs,gluten,0,123,464158,100,1,3,0,18.7545,158.332,37.8464,42.2755,74.7611,23349280,100.609
hypergirgs,gluten,0,123,1000000,100,1,3,0,20.2899,310.594,87.8475,77.0868,143.254,49933946,99.8679
hypergirgs,gluten,0,123,2154434,100,1,3,0,21.825,532.959,153.113,123.686,247.442,107503637,99.7976
hypergirgs,gluten,0,123,4641588,100,1,3,0,23.36,1060.86,342.03,187.415,517.53,232372090,100.126
hypergirgs,gluten,0,123,10000000,100,1,3,0,24.8951,2168.64,727.265,363.65,1048.5,500283169,100.057
hypergirgs,gluten,0,123,21544346,100,1,3,0,26.4301,4615.27,1565.07,703.114,2285.76,1077697857,100.045
hypergirgs,gluten,0,123,46415888,100,1,3,0,27.9655,9898.95,3359.55,1489.95,4870.87,2317943284,99.8771
hypergirgs,gluten,0,123,21544,1000,1,3,0,7.93843,42.4057,1.72633,4.73662,35.9352,10633494,987.142
hypergirgs,gluten,0,123,46415,1000,1,3,0,9.50959,79.0732,4.02625,20.9505,54.0871,23153678,997.681
hypergirgs,gluten,0,123,100000,1000,1,3,0,11.0624,107.698,8.27894,8.40562,91.0037,49818573,996.371
hypergirgs,gluten,0,123,215443,1000,1,3,0,12.6062,232.801,17.511,13.7931,201.173,107367938,996.718
hypergirgs,gluten,0,123,464158,1000,1,3,0,14.1456,532.652,37.0956,39.9562,452.368,232167801,1000.38
hypergirgs,gluten,0,123,1000000,1000,1,3,0,15.6828,1104.38,90.7183,77.7209,933.586,498589104,997.178
hypergirgs,gluten,0,123,2154434,1000,1,3,0,17.2189,2327.23,187.001,112.305,2020.16,1075131019,998.064
hypergirgs,gluten,0,123,4641588,1000,1,3,0,18.7545,4764.02,427.975,187.873,4135.81,2323355984,1001.1
hypergirgs,gluten,0,123,10000000,1000,1,3,0,20.2899,10576.7,891.517,362.859,9281.44,5018108387,1003.62
hypergirgs,gluten,0,123,21544346,1000,1,3,0,21.8251,22647.2,1673.45,747.438,20165.2,10754830579,998.39
hypergirgs,gluten,0,123,46415888,1000,1,3,0,23.3602,45299.1,3413.09,1431.48,40313.8,23183936428,998.966
hypergirgs,gluten,0,123,10000,10,0.6,2.2,0.5,20.9825,49.8952,0.83496,38.6735,10.3604,31698,6.3396
hypergirgs,gluten,0,123,21544,10,0.6,2.2,0.5,22.5176,36.3461,2.0483,23.2965,10.9734,66353,6.15977
hypergirgs,gluten,0,123,46415,10,0.6,2.2,0.5,24.0526,69.1366,4.04742,41.5324,23.5319,187517,8.08002
hypergirgs,gluten,0,123,100000,10,0.6,2.2,0.5,25.5877,81.049,7.98034,33.1779,39.8565,403942,8.07884
hypergirgs,gluten,0,123,215443,10,0.6,2.2,0.5,27.1228,133.607,17.3597,48.6195,67.5838,901844,8.372
hypergirgs,gluten,0,123,464158,10,0.6,2.2,0.5,28.6578,306.749,40.5901,80.3026,181.156,1896391,8.17132
hypergirgs,gluten,0,123,1000000,10,0.6,2.2,0.5,30.1929,625.154,135.187,139.738,345.934,4287299,8.5746
hypergirgs,gluten,0,123,2154434,10,0.6,2.2,0.5,31.7279,1134.52,200.698,192.238,730.656,9105909,8.45318
hypergirgs,gluten,0,123,4641588,10,0.6,2.2,0.5,33.263,2303.82,428.637,358.685,1498.5,19269217,8.30286
hypergirgs,gluten,0,123,10000000,10,0.6,2.2,0.5,34.7981,4579.04,817.29,630.422,3095.82,45618516,9.1237
hypergirgs,gluten,0,123,21544346,10,0.6,2.2,0.5,36.3331,9334.67,1652.98,1201.17,6409.86,89912246,8.34671
hypergirgs,gluten,0,123,46415888,10,0.6,2.2,0.5,37.8682,19919.7,3454.14,2448.43,13868.6,198839940,8.56775
hypergirgs,gluten,0,123,10000,100,0.6,2.2,0.5,16.3774,29.1162,0.813734,19.7501,8.53333,245180,49.036
hypergirgs,gluten,0,123,21544,100,0.6,2.2,0.5,17.9124,38.7488,2.04272,21.6996,14.9848,587724,54.5603
hypergirgs,gluten,0,123,46415,100,0.6,2.2,0.5,19.4475,57.0374,4.05186,24.7162,28.2462,1348409,58.1023
hypergirgs,gluten,0,123,100000,100,0.6,2.2,0.5,20.9825,102.83,8.70246,30.5464,63.5241,3189961,63.7992
hypergirgs,gluten,0,123,215443,100,0.6,2.2,0.5,22.5176,196.197,17.3732,49.9302,128.856,7188186,66.7294
hypergirgs,gluten,0,123,464158,100,0.6,2.2,0.5,24.0527,409.158,37.6279,71.0791,300.385,16967496,73.1109
hypergirgs,gluten,0,123,1000000,100,0.6,2.2,0.5,25.5877,816.54,81.2278,78.7136,653.875,36359793,72.7196
hypergirgs,gluten,0,123,2154434,100,0.6,2.2,0.5,27.1228,1858.03,178.388,161.89,1502.04,84338045,78.2925
hypergirgs,gluten,0,123,4641588,100,0.6,2.2,0.5,28.6578,3720.29,463.646,226.958,3015.33,184749259,79.6061
hypergirgs,gluten,0,123,10000000,100,0.6,2.2,0.5,30.1929,8077.21,923.057,412.27,6712.91,411501667,82.3003
hypergirgs,gluten,0,123,21544346,100,0.6,2.2,0.5,31.7279,17747.1,1973.09,865.179,14823.7,879836121,81.6768
hypergirgs,gluten,0,123,46415888,100,0.6,2.2,0.5,33.263,39012.1,4292.57,1786.34,32828.1,1983654264,85.4731
hypergirgs,gluten,0,123,21544,1000,0.6,2.2,0.5,13.3072,86.1313,1.73477,5.83511,78.5442,4301324,399.306
hypergirgs,gluten,0,123,46415,1000,0.6,2.2,0.5,14.8423,161.158,4.26656,19.3235,137.504,10541120,454.212
hypergirgs,gluten,0,123,100000,1000,0.6,2.2,0.5,16.3774,343.628,8.36034,11.4565,323.792,24749384,494.988
hypergirgs,gluten,0,123,215443,1000,0.6,2.2,0.5,17.9124,827.277,17.354,35.1012,774.516,61279928,568.874
hypergirgs,gluten,0,123,464158,1000,0.6,2.2,0.5,19.4475,1969.08,67.3476,58.3344,1843.36,138916079,598.572
hypergirgs,gluten,0,123,1000000,1000,0.6,2.2,0.5,20.9825,4427.6,80.9804,101.769,4242.2,316723605,633.447
hypergirgs,gluten,0,123,2154434,1000,0.6,2.2,0.5,22.5176,10226.5,178.106,131.432,9907.83,727304353,675.17
hypergirgs,gluten,0,123,4641588,1000,0.6,2.2,0.5,24.0527,23614.3,428.556,230.693,22941.1,1662659952,716.419
hypergirgs,gluten,0,123,10000000,1000,0.6,2.2,0.5,25.5877,53042.7,923.385,417.414,51652.6,3681994557,736.399
hypergirgs,gluten,0,123,21544346,1000,0.6,2.2,0.5,27.1228,119598,1994.22,734.414,116774,8302631247,770.748
hypergirgs,gluten,0,123,10000,10,1,3,0.5,16.5881,15.3074,1.10768,9.7813,4.39745,51188,10.2376
hypergirgs,gluten,0,123,21544,10,1,3,0.5,18.1231,23.7511,2.56983,13.1837,7.97792,107791,10.0066
hypergirgs,gluten,0,123,46415,10,1,3,0.5,19.6582,53.4643,4.59106,33.0708,15.7815,228797,9.85875
hypergirgs,gluten,0,123,100000,10,1,3,0.5,21.1933,55.6011,7.79574,29.0885,18.6949,499919,9.99838
hypergirgs,gluten,0,123,215443,10,1,3,0.5,22.7283,97.5355,15.3287,44.6449,37.5363,1080704,10.0324
hypergirgs,gluten,0,123,464158,10,1,3,0.5,24.2634,162.279,28.6024,43.9447,89.7023,2326965,10.0266
hypergirgs,gluten,0,123,1000000,10,1,3,0.5,25.7984,340.533,61.4543,88.5494,186.602,4980731,9.96146
hypergirgs,gluten,0,123,2154434,10,1,3,0.5,27.3335,704.527,183.035,150.706,361.805,10790606,10.0171
hypergirgs,gluten,0,123,4641588,10,1,3,0.5,28.8686,1348.97,337.124,222.296,764.555,23171485,9.98429
hypergirgs,gluten,0,123,10000000,10,1,3,0.5,30.4036,2747.01,758.465,418.913,1518.16,49922095,9.98442
hypergirgs,gluten,0,123,21544346,10,1,3,0.5,31.9387,5726.4,1583.2,922.084,3142.77,107660540,9.99432
hypergirgs,gluten,0,123,46415888,10,1,3,0.5,33.4737,12235.5,3373.6,2041.58,6670.29,232021671,9.99751
hypergirgs,gluten,0,123,10000,100,1,3,0.5,11.9829,35.3045,0.876735,20.6983,13.7161,495872,99.1744
hypergirgs,gluten,0,123,21544,100,1,3,0.5,13.518,33.3298,2.04386,5.41286,25.8587,1083524,100.587
hypergirgs,gluten,0,123,46415,100,1,3,0.5,15.053,64.947,4.05834,16.3212,44.3854,2273906,97.9815
hypergirgs,gluten,0,123,100000,100,1,3,0.5,16.5881,112.384,8.36571,19.1414,84.8154,5016166,100.323
hypergirgs,gluten,0,123,215443,100,1,3,0.5,18.1232,217.52,17.5272,23.4254,176.521,10827945,100.518
hypergirgs,gluten,0,123,464158,100,1,3,0.5,19.6582,490.494,37.3857,64.5778,388.504,23193392,99.9375
hypergirgs,gluten,0,123,1000000,100,1,3,0.5,21.1933,993.722,68.6988,97.3954,824.896,50045509,100.091
hypergirgs,gluten,0,123,2154434,100,1,3,0.5,22.7283,2017.46,141.42,124.77,1741.97,107718220,99.9968
hypergirgs,gluten,0,123,4641588,100,1,3,0.5,24.2634,4407.14,338.264,225.397,3829.41,232989859,100.392
hypergirgs,gluten,0,123,10000000,100,1,3,0.5,25.7984,9207.59,728.277,382.174,8067.93,500451180,100.09
hypergirgs,gluten,0,123,21544346,100,1,3,0.5,27.3335,19846.6,1555.89,728.784,17464.9,1077148181,99.9936
hypergirgs,gluten,0,123,46415888,100,1,3,0.5,28.8686,42275,3373.23,1615.15,37107.8,2321122300,100.014
hypergirgs,gluten,0,123,21544,1000,1,3,0.5,8.91278,181.02,1.78124,15.3704,163.858,10124274,939.869
hypergirgs,gluten,0,123,46415,1000,1,3,0.5,10.4478,352.789,4.03607,16.4283,332.293,22051302,950.18
hypergirgs,gluten,0,123,100000,1000,1,3,0.5,11.9829,776.098,8.30224,10.9084,756.467,48947172,978.943
hypergirgs,gluten,0,123,215443,1000,1,3,0.5,13.518,1724.95,17.2277,35.721,1671.99,106587274,989.471
hypergirgs,gluten,0,123,464158,1000,1,3,0.5,15.053,3784.22,37.5426,56.2749,3689.96,232207600,1000.55
hypergirgs,gluten,0,123,1000000,1000,1,3,0.5,16.5881,8068.39,124.787,82.3965,7856.81,500316527,1000.63
hypergirgs,gluten,0,123,2154434,1000,1,3,0.5,18.1232,17024.6,225.114,129.64,16661.9,1074167606,997.169
hypergirgs,gluten,0,123,4641588,1000,1,3,0.5,19.6582,37450.3,427.794,215.471,36794.7,2320879553,1000.04
hypergirgs,gluten,0,123,10000000,1000,1,3,0.5,21.1933,79243.7,801.334,453.859,77959.2,4997886778,999.577
hypergirgs,gluten,0,123,21544346,1000,1,3,0.5,22.7283,171567,1605.92,777.268,169122,10767890742,999.602
hypergirgs,gluten,0,123,10000,10,0.6,2.2,0.9,24.5068,37.8023,0.811425,21.6516,15.3111,15397,3.0794
hypergirgs,gluten,0,123,21544,10,0.6,2.2,0.9,26.0419,61.9207,2.05497,29.2985,30.5334,46472,4.31415
hypergirgs,gluten,0,123,46415,10,0.6,2.2,0.9,27.5769,114.253,4.0957,42.3028,67.8151,110148,4.74622
hypergirgs,gluten,0,123,100000,10,0.6,2.2,0.9,29.112,197.536,8.33941,64.0144,124.861,219733,4.39466
hypergirgs,gluten,0,123,215443,10,0.6,2.2,0.9,30.6471,320.475,17.4117,80.7734,218.736,529839,4.9186
hypergirgs,gluten,0,123,464158,10,0.6,2.2,0.9,32.1821,613.531,66.4531,130.297,410.983,1174878,5.06241
hypergirgs,gluten,0,123,1000000,10,0.6,2.2,0.9,33.7172,1201.4,115.017,214.928,862.241,2521629,5.04326
hypergirgs,gluten,0,123,2154434,10,0.6,2.2,0.9,35.2522,2230.14,152.831,347.87,1708.39,5916086,5.49201
hypergirgs,gluten,0,123,4641588,10,0.6,2.2,0.9,36.7873,4726.41,354.237,671.513,3658.15,14678247,6.32467
hypergirgs,gluten,0,123,10000000,10,0.6,2.2,0.9,38.3224,9618.12,741.047,1287.89,7505.8,30584581,6.11692
hypergirgs,gluten,0,123,21544346,10,0.6,2.2,0.9,39.8574,24134.4,1559.66,2991.79,19376.3,67752617,6.2896
hypergirgs,gluten,0,123,46415888,10,0.6,2.2,0.9,41.3925,42422.4,3377.69,5091.03,33610.1,172965340,7.45285
hypergirgs,gluten,0,123,10000,100,0.6,2.2,0.9,19.9017,47.1547,0.812943,35.9637,10.3511,122336,24.4672
hypergirgs,gluten,0,123,21544,100,0.6,2.2,0.9,21.4367,32.6465,2.05446,16.2039,14.3619,320970,29.7967
hypergirgs,gluten,0,123,46415,100,0.6,2.2,0.9,22.9717,72.3975,4.04683,35.7093,32.6067,763988,32.9199
hypergirgs,gluten,0,123,100000,100,0.6,2.2,0.9,24.5068,101.04,8.49218,38.8638,53.6539,1694456,33.8891
hypergirgs,gluten,0,123,215443,100,0.6,2.2,0.9,26.0419,192.089,17.3704,51.7721,122.903,4178401,38.7889
hypergirgs,gluten,0,123,464158,100,0.6,2.2,0.9,27.5769,429.181,37.6538,76.1937,315.202,9857791,42.476
hypergirgs,gluten,0,123,1000000,100,0.6,2.2,0.9,29.112,911.143,81.1481,112.618,714.623,22802856,45.6057
hypergirgs,gluten,0,123,2154434,100,0.6,2.2,0.9,30.6471,1904.73,178.414,153.981,1554.5,52108185,48.373
hypergirgs,gluten,0,123,4641588,100,0.6,2.2,0.9,32.1821,4348.11,466.808,309.774,3555.86,123073913,53.031
hypergirgs,gluten,0,123,10000000,100,0.6,2.2,0.9,33.7172,9625.97,901.026,562.651,8108.52,274286832,54.8574
hypergirgs,gluten,0,123,21544346,100,0.6,2.2,0.9,35.2522,20932.5,1744.79,1115.56,17973.7,601757212,55.8622
hypergirgs,gluten,0,123,46415888,100,0.6,2.2,0.9,36.7873,47580.5,3548.24,2190.29,41713.2,1397577064,60.2198
hypergirgs,gluten,0,123,21544,1000,0.6,2.2,0.9,16.8315,96.2582,1.73454,38.6167,55.8813,2107524,195.648
hypergirgs,gluten,0,123,46415,1000,0.6,2.2,0.9,18.3666,133.103,5.48303,29.037,98.559,5383504,231.973
hypergirgs,gluten,0,123,100000,1000,0.6,2.2,0.9,19.9017,263.774,9.01588,17.6144,236.901,12999899,259.998
hypergirgs,gluten,0,123,215443,1000,0.6,2.2,0.9,21.4367,634.22,18.7385,34.9228,580.409,31484016,292.272
hypergirgs,gluten,0,123,464158,1000,0.6,2.2,0.9,22.9718,1536.36,64.0709,77.9276,1394.32,77166682,332.502
hypergirgs,gluten,0,123,1000000,1000,0.6,2.2,0.9,24.5068,3494.81,81.0691,72.73,3338.23,178606879,357.214
hypergirgs,gluten,0,123,2154434,1000,0.6,2.2,0.9,26.0419,8533.77,178.55,138.141,8200.79,414749146,385.019
hypergirgs,gluten,0,123,4641588,1000,0.6,2.2,0.9,27.577,20903.3,466.794,250.241,20172.2,979744947,422.159
hypergirgs,gluten,0,123,10000000,1000,0.6,2.2,0.9,29.112,48497.7,923.111,399.731,47125.2,2282077653,456.416
hypergirgs,gluten,0,123,21544346,1000,0.6,2.2,0.9,30.6471,114148,1995.03,779.034,111311,5151240365,478.199
hypergirgs,gluten,0,123,10000,10,1,3,0.9,20.1124,54.7054,0.818318,43.3464,10.5104,30805,6.161
hypergirgs,gluten,0,123,21544,10,1,3,0.9,21.6474,51.2441,2.95378,36.0505,12.2199,68883,6.39463
hypergirgs,gluten,0,123,46415,10,1,3,0.9,23.1825,57.0046,3.98783,35.442,17.2709,158632,6.83538
hypergirgs,gluten,0,123,100000,10,1,3,0.9,24.7176,80.7636,7.50576,30.5491,42.6815,359104,7.18208
hypergirgs,gluten,0,123,215443,10,1,3,0.9,26.2526,139.829,14.531,55.9453,69.321,800688,7.43295
hypergirgs,gluten,0,123,464158,10,1,3,0.9,27.7877,251.761,30.8004,86.866,133.788,1739622,7.49582
hypergirgs,gluten,0,123,1000000,10,1,3,0.9,29.3227,476.008,66.7643,110.49,296.033,3886107,7.77221
hypergirgs,gluten,0,123,2154434,10,1,3,0.9,30.8578,939.337,136.139,185.699,606.389,8546105,7.9335
hypergirgs,gluten,0,123,4641588,10,1,3,0.9,32.3928,1896.9,337.894,288.903,1254.57,19115048,8.23643
hypergirgs,gluten,0,123,10000000,10,1,3,0.9,33.9279,3881.95,724.016,525.293,2602.15,41312605,8.26252
hypergirgs,gluten,0,123,21544346,10,1,3,0.9,35.463,8347.66,1564.08,1084.6,5635.94,90540924,8.40508
hypergirgs,gluten,0,123,46415888,10,1,3,0.9,36.998,17918.3,3355.14,2161.05,12226.2,197872801,8.52608
hypergirgs,gluten,0,123,10000,100,1,3,0.9,15.5072,18.7844,0.809684,6.38087,11.5759,256789,51.3578
hypergirgs,gluten,0,123,21544,100,1,3,0.9,17.0422,34.1393,2.05753,9.13353,22.9297,602278,55.9114
hypergirgs,gluten,0,123,46415,100,1,3,0.9,18.5773,67.341,4.06347,21.5743,41.6845,1383659,59.6212
hypergirgs,gluten,0,123,100000,100,1,3,0.9,20.1124,113.984,8.28061,30.5687,75.1162,3144614,62.8923
hypergirgs,gluten,0,123,215443,100,1,3,0.9,21.6474,215.754,14.6557,39.0536,162.022,7060903,65.5478
hypergirgs,gluten,0,123,464158,100,1,3,0.9,23.1825,471.159,29.0456,60.4675,381.609,15865464,68.3623
hypergirgs,gluten,0,123,1000000,100,1,3,0.9,24.7176,1032.97,61.5716,101.719,865.205,35618824,71.2376
hypergirgs,gluten,0,123,2154434,100,1,3,0.9,26.2526,2324.37,170.68,148.691,1996.01,78971431,73.3106
hypergirgs,gluten,0,123,4641588,100,1,3,0.9,27.7877,5084.23,337.733,235.481,4485.65,175131960,75.4621
hypergirgs,gluten,0,123,10000000,100,1,3,0.9,29.3227,11294.7,758.489,453.053,10054.5,388408584,77.6817
hypergirgs,gluten,0,123,21544346,100,1,3,0.9,30.8578,25107.8,1550.4,839.601,22621,854278349,79.3042
hypergirgs,gluten,0,123,46415888,100,1,3,0.9,32.3928,56041.4,3373.88,1782.27,50740.3,1879766945,80.9967
hypergirgs,gluten,0,123,21544,1000,1,3,0.9,12.4371,130.152,1.87588,24.1219,104.142,4602126,427.23
hypergirgs,gluten,0,123,46415,1000,1,3,0.9,13.9721,219.654,4.06171,6.55471,209.023,10988718,473.499
hypergirgs,gluten,0,123,100000,1000,1,3,0.9,15.5072,541.551,8.2924,22.3071,510.665,25692082,513.842
hypergirgs,gluten,0,123,215443,1000,1,3,0.9,17.0423,1280.89,17.4319,38.1613,1225.28,60040606,557.369
hypergirgs,gluten,0,123,464158,1000,1,3,0.9,18.5773,2945.33,37.5712,69.4703,2838.26,138076057,594.953
hypergirgs,gluten,0,123,1000000,1000,1,3,0.9,20.1124,6789.65,124.674,87.4733,6575.11,310867778,621.736
hypergirgs,gluten,0,123,2154434,1000,1,3,0.9,21.6474,15618.1,149.981,122.681,15336.3,704930274,654.4
hypergirgs,gluten,0,123,4641588,1000,1,3,0.9,23.1825,36285.2,340.754,224.251,35696.9,1587596249,684.075
hypergirgs,gluten,0,123,10000000,1000,1,3,0.9,24.7176,84380.1,756.145,394.18,83181.4,3548911931,709.782
hypergirgs,gluten,0,123,21544346,1000,1,3,0.9,26.2526,193006,1631.75,761.834,190519,7903398701,733.687
hypergirgs,gluten,1,123,10000,10,0.6,2.2,0,19.2056,21.9535,1.10538,14.8317,6.00346,55615,11.123
hypergirgs,gluten,1,123,21544,10,0.6,2.2,0,20.8558,9.73245,2.54324,2.81543,4.3634,110477,10.2559
hypergirgs,gluten,1,123,46415,10,0.6,2.2,0,22.4896,39.3018,4.85234,25.1849,9.25471,201786,8.69486
hypergirgs,gluten,1,123,100000,10,0.6,2.2,0,24.112,42.3759,8.9469,21.6839,11.7367,489438,9.78876
hypergirgs,gluten,1,123,215443,10,0.6,2.2,0,25.7171,70.0195,18.5505,31.0135,20.4466,1264533,11.7389
hypergirgs,gluten,1,123,464158,10,0.6,2.2,0,27.3193,125.373,40.2321,50.8813,34.1813,2203473,9.4945
hypergirgs,gluten,1,123,1000000,10,0.6,2.2,0,28.9054,258.377,87.0215,88.4281,80.0713,5213093,10.4262
hypergirgs,gluten,1,123,2154434,10,0.6,2.2,0,30.488,483.728,185.935,129.192,157.8,11123162,10.3258
hypergirgs,gluten,1,123,4641588,10,0.6,2.2,0,32.0655,993.078,429.057,254.414,282.822,22576750,9.72803
hypergirgs,gluten,1,123,10000000,10,0.6,2.2,0,33.6363,2043.57,940.579,497.511,558.689,53740944,10.7482
hypergirgs,gluten,1,123,21544346,10,0.6,2.2,0,35.2051,3965.52,1737.35,1037.93,1094.34,106738868,9.90876
hypergirgs,gluten,1,123,46415888,10,0.6,2.2,0,36.7676,8174.14,3547.13,2119.51,2378.54,225148353,9.70135
hypergirgs,gluten,1,123,10000,100,0.6,2.2,0,14.0942,21.639,0.812308,14.938,5.87874,493271,98.6542
hypergirgs,gluten,1,123,21544,100,0.6,2.2,0,15.8307,23.0922,1.75984,13.6253,7.69699,1095294,101.68
hypergirgs,gluten,1,123,46415,100,0.6,2.2,0,17.531,36.0278,3.78559,21.5872,10.6464,2273054,97.9448
hypergirgs,gluten,1,123,100000,100,0.6,2.2,0,19.2046,46.8323,8.28548,20.0712,18.4668,5018260,100.365
hypergirgs,gluten,1,123,215443,100,0.6,2.2,0,20.8564,76.8345,17.2784,29.4066,30.1394,10725032,99.5626
hypergirgs,gluten,1,123,464158,100,0.6,2.2,0,22.4907,149.14,37.169,48.7698,63.1886,22917674,98.7495
hypergirgs,gluten,1,123,1000000,100,0.6,2.2,0,24.1109,267.284,85.9839,52.2492,126.418,50662633,101.325
hypergirgs,gluten,1,123,2154434,100,0.6,2.2,0,25.7189,539.922,179.813,106.684,243.801,114045193,105.87
hypergirgs,gluten,1,123,4641588,100,0.6,2.2,0,27.3174,1193.53,446.475,195.403,528.932,244763223,105.465
hypergirgs,gluten,1,123,10000000,100,0.6,2.2,0,28.9074,2385.43,949.822,362.993,1043.82,489518718,97.9037
hypergirgs,gluten,1,123,21544346,100,0.6,2.2,0,30.4901,5048.87,1978.62,737.227,2236.42,1079564517,100.218
hypergirgs,gluten,1,123,46415888,100,0.6,2.2,0,32.0667,10777.9,4289.28,1727.69,4658.79,2330310489,100.41
hypergirgs,gluten,1,123,21544,1000,0.6,2.2,0,10.4538,51.6342,1.74461,22.4987,27.3829,9972761,925.804
hypergirgs,gluten,1,123,46415,1000,0.6,2.2,0,12.309,62.196,4.39503,17.6622,40.13,22163076,954.996
hypergirgs,gluten,1,123,100000,1000,0.6,2.2,0,14.0941,99.4029,8.30421,16.7037,74.3864,47048691,940.974
hypergirgs,gluten,1,123,215443,1000,0.6,2.2,0,15.8305,206.855,17.4896,25.9578,163.397,103827683,963.853
hypergirgs,gluten,1,123,464158,1000,0.6,2.2,0,17.5312,468.476,37.254,44.301,386.893,226884463,977.617
hypergirgs,gluten,1,123,1000000,1000,0.6,2.2,0,19.2046,953.696,80.6496,49.8186,820.865,488059642,976.119
hypergirgs,gluten,1,123,2154434,1000,0.6,2.2,0,20.8563,1986.84,179.33,104.863,1693.46,1073370094,996.429
hypergirgs,gluten,1,123,4641588,1000,0.6,2.2,0,22.4907,4318.18,425.885,204.205,3674.1,2271119055,978.596
hypergirgs,gluten,1,123,10000000,1000,0.6,2.2,0,24.1108,9382.77,922.461,382.221,8049.18,4972361157,994.472
hypergirgs,gluten,1,123,21544346,1000,0.6,2.2,0,25.719,20050,1991.91,721.594,17275.8,10678418468,991.297
hypergirgs,gluten,1,123,46415888,1000,0.6,2.2,0,27.3174,43162.2,4271.64,1477.43,37272.9,23073148071,994.192
hypergirgs,gluten,1,123,10000,10,1,3,0,15.683,9.37224,0.813041,1.34348,7.20758,60978,12.1956
hypergirgs,gluten,1,123,21544,10,1,3,0,17.2179,33.9023,2.06671,25.8738,5.9529,106721,9.90726
hypergirgs,gluten,1,123,46415,10,1,3,0,18.7527,31.4486,4.05658,21.2711,6.10701,227138,9.78727
hypergirgs,gluten,1,123,100000,10,1,3,0,20.2913,36.0889,8.0104,20.5218,7.53899,503207,10.0641
hypergirgs,gluten,1,123,215443,10,1,3,0,21.8265,56.1633,14.1965,31.3728,10.5855,1079784,10.0238
hypergirgs,gluten,1,123,464158,10,1,3,0,23.3616,96.9225,28.5556,50.2624,18.0939,2307491,9.9427
hypergirgs,gluten,1,123,1000000,10,1,3,0,24.8968,189.944,61.3736,87.1033,39.0582,5024371,10.0487
hypergirgs,gluten,1,123,2154434,10,1,3,0,26.4319,322.763,137.428,107.742,66.326,10772416,10.0002
hypergirgs,gluten,1,123,4641588,10,1,3,0,27.9671,756.324,370.528,231.779,138.77,23238492,10.0132
hypergirgs,gluten,1,123,10000000,10,1,3,0,29.5022,1417.12,789.188,384.317,214.942,49917646,9.98353
hypergirgs,gluten,1,123,21544346,10,1,3,0,31.0374,2876.58,1563.83,756.487,488.894,107705800,9.99852
hypergirgs,gluten,1,123,46415888,10,1,3,0,32.5725,6214.16,3353.51,1755.2,1002.94,231788669,9.98747
hypergirgs,gluten,1,123,10000,100,1,3,0,11.0622,27.1836,0.808383,21.0745,5.29202,509777,101.955
hypergirgs,gluten,1,123,21544,100,1,3,0,12.6063,16.7248,2.06451,9.01022,5.64131,1091969,101.371
hypergirgs,gluten,1,123,46415,100,1,3,0,14.1455,22.8401,4.02454,9.32363,9.46577,2298246,99.0303
hypergirgs,gluten,1,123,100000,100,1,3,0,15.683,46.1271,8.29362,21.9549,15.8707,5042094,100.842
hypergirgs,gluten,1,123,215443,100,1,3,0,17.2191,72.8061,17.5037,23.3591,31.9347,10826191,100.502
hypergirgs,gluten,1,123,464158,100,1,3,0,18.7545,150.052,37.4132,42.2943,70.333,23216341,100.036
hypergirgs,gluten,1,123,1000000,100,1,3,0,20.2899,299.33,84.413,83.7697,128.77,50117147,100.234
hypergirgs,gluten,1,123,2154434,100,1,3,0,21.825,507.989,145.635,99.5418,253.75,107561936,99.8517
hypergirgs,gluten,1,123,4641588,100,1,3,0,23.36,1081.3,342.352,212.686,512.286,231764375,99.8643
hypergirgs,gluten,1,123,10000000,100,1,3,0,24.8951,2150,727.564,347.034,1025.53,499884638,99.9769
hypergirgs,gluten,1,123,21544346,100,1,3,0,26.4301,4668.22,1592.06,699.58,2282.32,1077304011,100.008
hypergirgs,gluten,1,123,46415888,100,1,3,0,27.9655,9903.02,3369.71,1523.53,4869.92,2321962838,100.05
hypergirgs,gluten,1,123,21544,1000,1,3,0,7.93843,64.3283,1.72621,25.8168,36.7729,10491893,973.997
hypergirgs,gluten,1,123,46415,1000,1,3,0,9.50959,79.3196,6.33392,19.5062,53.4712,23141519,997.157
hypergirgs,gluten,1,123,100000,1000,1,3,0,11.0624,114.629,8.96233,15.8564,89.8021,50332282,1006.65
hypergirgs,gluten,1,123,215443,1000,1,3,0,12.6062,238.347,17.4996,20.5305,200.308,107293488,996.027
hypergirgs,gluten,1,123,464158,1000,1,3,0,14.1456,549.649,37.082,44.041,468.51,233380349,1005.61
hypergirgs,gluten,1,123,1000000,1000,1,3,0,15.6828,1087.05,80.6699,75.1768,928.87,499170734,998.341
hypergirgs,gluten,1,123,2154434,1000,1,3,0,17.2189,2336.77,179.562,118.49,2030.66,1075699294,998.591
hypergirgs,gluten,1,123,4641588,1000,1,3,0,18.7545,4761.76,428.481,202.712,4118.26,2321872823,1000.46
hypergirgs,gluten,1,123,10000000,1000,1,3,0,20.2899,10581.4,892.034,377.188,9288.02,5008253037,1001.65
hypergirgs,gluten,1,123,21544346,1000,1,3,0,21.8251,22817.1,1647.41,764.471,20344.1,10782021312,1000.91
hypergirgs,gluten,1,123,46415888,1000,1,3,0,23.3602,45374.4,3410.33,1594.54,40191.5,23212948701,1000.22
hypergirgs,gluten,1,123,10000,10,0.6,2.2,0.5,20.9825,26.7728,0.812131,19.2735,6.66134,33709,6.7418
hypergirgs,gluten,1,123,21544,10,0.6,2.2,0.5,22.5176,37.2559,2.04664,18.683,16.5001,63559,5.90039
hypergirgs,gluten,1,123,46415,10,0.6,2.2,0.5,24.0526,65.6806,3.76858,42.4823,19.3992,163858,7.06056
hypergirgs,gluten,1,123,100000,10,0.6,2.2,0.5,25.5877,103.28,8.31836,43.5811,51.3471,382235,7.6447
hypergirgs,gluten,1,123,215443,10,0.6,2.2,0.5,27.1228,185.327,17.439,68.8505,98.8711,820706,7.61878
hypergirgs,gluten,1,123,464158,10,0.6,2.2,0.5,28.6578,295.753,37.5835,80.1085,178.003,1988334,8.56749
hypergirgs,gluten,1,123,1000000,10,0.6,2.2,0.5,30.1929,562.545,81.0108,125.92,349.287,4994583,9.98917
hypergirgs,gluten,1,123,2154434,10,0.6,2.2,0.5,31.7279,1189.34,211.65,234.189,732.409,8915980,8.27687
hypergirgs,gluten,1,123,4641588,10,0.6,2.2,0.5,33.263,2285.65,428.856,330.971,1507.88,19428270,8.37139
hypergirgs,gluten,1,123,10000000,10,0.6,2.2,0.5,34.7981,5043.9,817.334,635.1,3538.41,48461046,9.69221
hypergirgs,gluten,1,123,21544346,10,0.6,2.2,0.5,36.3331,9438.6,1665.61,1178.26,6489.86,99429790,9.23024
hypergirgs,gluten,1,123,46415888,10,0.6,2.2,0.5,37.8682,20143.6,3460.67,2469.5,14019.3,215562574,9.28831
hypergirgs,gluten,1,123,10000,100,0.6,2.2,0.5,16.3774,41.9515,0.813182,33.0741,8.04499,255090,51.018
hypergirgs,gluten,1,123,21544,100,0.6,2.2,0.5,17.9124,27.7156,2.05077,10.1336,15.5082,615063,57.0983
hypergirgs,gluten,1,123,46415,100,0.6,2.2,0.5,19.4475,64.9865,4.06201,31.722,29.1779,1472387,63.4444
hypergirgs,gluten,1,123,100000,100,0.6,2.2,0.5,20.9825,95.957,8.33706,32.5923,55.0011,3300125,66.0025
hypergirgs,gluten,1,123,215443,100,0.6,2.2,0.5,22.5176,173.685,17.2973,36.2076,120.15,7476755,69.4082
hypergirgs,gluten,1,123,464158,100,0.6,2.2,0.5,24.0527,378.91,37.5234,58.7916,282.504,16722943,72.0571
hypergirgs,gluten,1,123,1000000,100,0.6,2.2,0.5,25.5877,798.387,80.9404,78.634,636.067,37562918,75.1258
hypergirgs,gluten,1,123,2154434,100,0.6,2.2,0.5,27.1228,1769.28,178.177,153.822,1428.26,86971895,80.7376
hypergirgs,gluten,1,123,4641588,100,0.6,2.2,0.5,28.6578,3718.44,428.965,241.7,3033.75,179102630,77.173
hypergirgs,gluten,1,123,10000000,100,0.6,2.2,0.5,30.1929,8110.12,923.8,387.038,6750.48,405422676,81.0845
hypergirgs,gluten,1,123,21544346,100,0.6,2.2,0.5,31.7279,18084.7,1995.77,941.043,15065.8,902493225,83.7801
hypergirgs,gluten,1,123,46415888,100,0.6,2.2,0.5,33.263,39296.1,4290.68,1856.93,33041.6,1967747990,84.7877
hypergirgs,gluten,1,123,21544,1000,0.6,2.2,0.5,13.3072,91.5216,1.76075,16.7588,72.9895,4357192,404.492
hypergirgs,gluten,1,123,46415,1000,0.6,2.2,0.5,14.8423,172.458,3.80231,28.7568,139.881,10311598,444.322
hypergirgs,gluten,1,123,100000,1000,0.6,2.2,0.5,16.3774,362.747,8.34003,23.5879,330.799,26527600,530.552
hypergirgs,gluten,1,123,215443,1000,0.6,2.2,0.5,17.9124,845.036,17.3543,39.6612,787.997,59386020,551.292
hypergirgs,gluten,1,123,464158,1000,0.6,2.2,0.5,19.4475,1902.01,37.4807,46.8312,1817.61,137904717,594.215
hypergirgs,gluten,1,123,1000000,1000,0.6,2.2,0.5,20.9825,4461.46,125.295,77.6798,4253.39,314288303,628.577
hypergirgs,gluten,1,123,2154434,1000,0.6,2.2,0.5,22.5176,10164.3,223.148,139.162,9792.95,727157722,675.034
hypergirgs,gluten,1,123,4641588,1000,0.6,2.2,0.5,24.0527,23538.5,429.074,247.426,22836.4,1653615095,712.521
hypergirgs,gluten,1,123,10000000,1000,0.6,2.2,0.5,25.5877,53211.4,957.706,402.122,51801,3674856817,734.971
hypergirgs,gluten,1,123,21544346,1000,0.6,2.2,0.5,27.1228,120440,1995.41,756.988,117594,8358877739,775.97
hypergirgs,gluten,1,123,10000,10,1,3,0.5,16.5881,33.1158,1.10493,25.4718,6.52349,48868,9.7736
hypergirgs,gluten,1,123,21544,10,1,3,0.5,18.1231,35.1127,2.05831,24.3776,8.42042,107839,10.011
hypergirgs,gluten,1,123,46415,10,1,3,0.5,19.6582,46.5208,6.05908,28.6082,11.8307,232123,10.0021
hypergirgs,gluten,1,123,100000,10,1,3,0.5,21.1933,65.3013,8.19133,34.4872,22.5984,498449,9.96898
hypergirgs,gluten,1,123,215443,10,1,3,0.5,22.7283,100.329,14.8966,44.4513,40.9539,1080191,10.0276
hypergirgs,gluten,1,123,464158,10,1,3,0.5,24.2634,209.115,30.8739,74.9422,103.269,2307399,9.9423
hypergirgs,gluten,1,123,1000000,10,1,3,0.5,25.7984,362.701,97.7188,101.102,161,4981085,9.96217
hypergirgs,gluten,1,123,2154434,10,1,3,0.5,27.3335,662.23,147.342,135.381,369.683,10776975,10.0045
hypergirgs,gluten,1,123,4641588,10,1,3,0.5,28.8686,1386.15,368.198,233.465,759.183,23234046,10.0112
hypergirgs,gluten,1,123,10000000,10,1,3,0.5,30.4036,2847.69,763.988,509.608,1527.36,49922838,9.98457
hypergirgs,gluten,1,123,21544346,10,1,3,0.5,31.9387,5722.72,1577.76,943.413,3150.48,107838676,10.0109
hypergirgs,gluten,1,123,46415888,10,1,3,0.5,33.4737,11915.1,3363.24,1830.52,6573.07,231864117,9.99072
hypergirgs,gluten,1,123,10000,100,1,3,0.5,11.9829,23.2777,0.874551,6.82001,15.5661,491384,98.2768
hypergirgs,gluten,1,123,21544,100,1,3,0.5,13.518,35.8765,2.05751,5.40951,28.394,1078062,100.08
hypergirgs,gluten,1,123,46415,100,1,3,0.5,15.053,70.2802,4.06019,18.9387,47.2655,2289652,98.66
hypergirgs,gluten,1,123,100000,100,1,3,0.5,16.5881,113.878,8.30827,22.0697,83.4819,5031216,100.624
hypergirgs,gluten,1,123,215443,100,1,3,0.5,18.1232,217.399,17.5337,22.5781,177.266,10871883,100.926
hypergirgs,gluten,1,123,464158,100,1,3,0.5,19.6582,492.983,37.3478,68.6733,386.934,23161616,99.8006
hypergirgs,gluten,1,123,1000000,100,1,3,0.5,21.1933,978.377,68.7838,96.475,810.39,50047081,100.094
hypergirgs,gluten,1,123,2154434,100,1,3,0.5,22.7283,2019.82,141.342,124.609,1744.82,107489125,99.7841
hypergirgs,gluten,1,123,4641588,100,1,3,0.5,24.2634,4403.15,338.381,225.819,3825.04,232114391,100.015
hypergirgs,gluten,1,123,10000000,100,1,3,0.5,25.7984,9161.93,728.405,359.655,8044.95,499863243,99.9726
hypergirgs,gluten,1,123,21544346,100,1,3,0.5,27.3335,19750.4,1555.14,750.055,17384,1078275893,100.098
hypergirgs,gluten,1,123,46415888,100,1,3,0.5,28.8686,42244.2,3363.58,1532.43,37207.9,2320738954,99.9976
hypergirgs,gluten,1,123,21544,1000,1,3,0.5,8.91278,187.464,1.74214,17.1932,168.517,9861752,915.499
hypergirgs,gluten,1,123,46415,1000,1,3,0.5,10.4478,346.706,4.03879,5.96019,336.694,22707522,978.456
hypergirgs,gluten,1,123,100000,1000,1,3,0.5,11.9829,790.484,8.42679,9.49459,772.277,48276517,965.53
hypergirgs,gluten,1,123,215443,1000,1,3,0.5,13.518,1779.87,33.1754,48.62,1698.04,107109037,994.314
hypergirgs,gluten,1,123,464158,1000,1,3,0.5,15.053,3801.04,67.6676,61.5216,3671.21,231024135,995.455
hypergirgs,gluten,1,123,1000000,1000,1,3,0.5,16.5881,7929.6,128.314,76.2229,7722.74,496268198,992.536
hypergirgs,gluten,1,123,2154434,1000,1,3,0.5,18.1232,17606.2,179.708,115.64,17302.8,1079030173,1001.68
hypergirgs,gluten,1,123,4641588,1000,1,3,0.5,19.6582,37017,427.704,218.531,36358.3,2317349278,998.516
hypergirgs,gluten,1,123,10000000,1000,1,3,0.5,21.1933,79008.8,801.641,425.373,77732.5,4993274209,998.655
hypergirgs,gluten,1,123,21544346,1000,1,3,0.5,22.7283,170598,1627.52,806.93,168077,10767696531,999.584
hypergirgs,gluten,1,123,10000,10,0.6,2.2,0.9,24.5068,67.6547,1.00116,51.1266,15.4942,24086,4.8172
hypergirgs,gluten,1,123,21544,10,0.6,2.2,0.9,26.0419,84.994,2.21512,51.9177,30.8265,40798,3.78741
hypergirgs,gluten,1,123,46415,10,0.6,2.2,0.9,27.5769,129.368,4.37491,56.5982,68.3583,88242,3.80231
hypergirgs,gluten,1,123,100000,10,0.6,2.2,0.9,29.112,201.387,9.01109,66.4319,125.454,245582,4.91164
hypergirgs,gluten,1,123,215443,10,0.6,2.2,0.9,30.6471,378.997,32.3291,123.455,220.682,489620,4.54524
hypergirgs,gluten,1,123,464158,10,0.6,2.2,0.9,32.1821,601.225,40.6106,132.772,423.575,1167023,5.02856
hypergirgs,gluten,1,123,1000000,10,0.6,2.2,0.9,33.7172,1189.43,85.578,233.155,860.902,2758056,5.51611
hypergirgs,gluten,1,123,2154434,10,0.6,2.2,0.9,35.2522,2232.82,152.853,339.873,1718.55,5887390,5.46537
hypergirgs,gluten,1,123,4641588,10,0.6,2.2,0.9,36.7873,5291.73,354.396,678.326,4190.07,15107328,6.50955
hypergirgs,gluten,1,123,10000000,10,0.6,2.2,0.9,38.3224,9722.83,754.994,1346.51,7536.61,30634471,6.12689
hypergirgs,gluten,1,123,21544346,10,0.6,2.2,0.9,39.8574,24041.6,1562.09,3049.45,19222.7,68362486,6.34621
hypergirgs,gluten,1,123,46415888,10,0.6,2.2,0.9,41.3925,42285,3377.29,5000.03,33521.7,150512158,6.48537
hypergirgs,gluten,1,123,10000,100,0.6,2.2,0.9,19.9017,48.2508,0.823941,36.9085,10.4275,133968,26.7936
hypergirgs,gluten,1,123,21544,100,0.6,2.2,0.9,21.4367,51.489,3.63523,30.4182,17.3839,303439,28.1692
hypergirgs,gluten,1,123,46415,100,0.6,2.2,0.9,22.9717,66.9745,4.02824,36.4238,26.4942,708352,30.5225
hypergirgs,gluten,1,123,100000,100,0.6,2.2,0.9,24.5068,109.067,8.32347,39.8872,60.8244,1751992,35.0398
hypergirgs,gluten,1,123,215443,100,0.6,2.2,0.9,26.0419,198.508,17.3607,53.8837,127.226,4050272,37.5995
hypergirgs,gluten,1,123,464158,100,0.6,2.2,0.9,27.5769,446.224,37.4951,80.1492,328.476,10126043,43.6319
hypergirgs,gluten,1,123,1000000,100,0.6,2.2,0.9,29.112,878.891,80.956,110.009,685.139,22622097,45.2442
hypergirgs,gluten,1,123,2154434,100,0.6,2.2,0.9,30.6471,1906.12,178.402,178.164,1538.87,51540438,47.8459
hypergirgs,gluten,1,123,4641588,100,0.6,2.2,0.9,32.1821,4222.95,428.914,305.231,3461.85,118611733,51.1083
hypergirgs,gluten,1,123,10000000,100,0.6,2.2,0.9,33.7172,9520.56,933.562,556.726,7979.76,272469415,54.4939
hypergirgs,gluten,1,123,21544346,100,0.6,2.2,0.9,35.2522,21136.9,1738.29,1035.91,18301.4,618758816,57.4405
hypergirgs,gluten,1,123,46415888,100,0.6,2.2,0.9,36.7873,47956.7,3536.68,2229.01,42042.3,1403069166,60.4564
hypergirgs,gluten,1,123,21544,1000,0.6,2.2,0.9,16.8315,80.7075,1.72396,25.5498,53.4135,2141175,198.772
hypergirgs,gluten,1,123,46415,1000,0.6,2.2,0.9,18.3666,130.589,4.05229,28.2721,98.2415,5298590,228.314
hypergirgs,gluten,1,123,100000,1000,0.6,2.2,0.9,19.9017,256.353,8.32838,16.4528,231.461,12761595,255.232
hypergirgs,gluten,1,123,215443,1000,0.6,2.2,0.9,21.4367,624.228,17.4149,40.3927,566.06,31313682,290.691
hypergirgs,gluten,1,123,464158,1000,0.6,2.2,0.9,22.9718,1502.63,60.3802,75.7871,1366.42,73388169,316.221
hypergirgs,gluten,1,123,1000000,1000,0.6,2.2,0.9,24.5068,3520.86,81.0504,87.0918,3347.83,177489977,354.98
hypergirgs,gluten,1,123,2154434,1000,0.6,2.2,0.9,26.0419,8421.46,217.97,118.909,8071.1,411340110,381.854
hypergirgs,gluten,1,123,4641588,1000,0.6,2.2,0.9,27.577,20751.4,469.701,228.66,20027.4,999857206,430.825
hypergirgs,gluten,1,123,10000000,1000,0.6,2.2,0.9,29.112,48606.9,973.456,443.53,47160.6,2278968492,455.794
hypergirgs,gluten,1,123,21544346,1000,0.6,2.2,0.9,30.6471,114631,1974.28,782.673,111811,5193671604,482.138
hypergirgs,gluten,1,123,10000,10,1,3,0.9,20.1124,34.4114,0.821286,26.1151,7.3034,30739,6.1478
hypergirgs,gluten,1,123,21544,10,1,3,0.9,21.6474,46.9526,1.44359,33.626,11.865,69377,6.44049
hypergirgs,gluten,1,123,46415,10,1,3,0.9,23.1825,53.3892,3.32926,33.0047,17.0344,156773,6.75527
hypergirgs,gluten,1,123,100000,10,1,3,0.9,24.7176,75.3908,6.53496,39.4722,29.358,355816,7.11632
hypergirgs,gluten,1,123,215443,10,1,3,0.9,26.2526,127.742,13.4105,44.0559,70.2467,796974,7.39847
hypergirgs,gluten,1,123,464158,10,1,3,0.9,27.7877,264.283,28.5408,79.9845,155.718,1743565,7.51281
hypergirgs,gluten,1,123,1000000,10,1,3,0.9,29.3227,462.397,61.3622,105.101,293.063,3887070,7.77414
hypergirgs,gluten,1,123,2154434,10,1,3,0.9,30.8578,911.374,147.073,151.243,602.066,8559141,7.94561
hypergirgs,gluten,1,123,4641588,10,1,3,0.9,32.3928,1899.09,337.988,300.801,1244.66,18811380,8.10558
hypergirgs,gluten,1,123,10000000,10,1,3,0.9,33.9279,3908.84,723.999,555.293,2598.73,41315929,8.26319
hypergirgs,gluten,1,123,21544346,10,1,3,0.9,35.463,8381.95,1564.15,1112.54,5641.75,90611491,8.41163
hypergirgs,gluten,1,123,46415888,10,1,3,0.9,36.998,18004.8,3354.61,2225.11,12255,197852359,8.5252
hypergirgs,gluten,1,123,10000,100,1,3,0.9,15.5072,45.7484,0.808502,31.941,12.9823,267527,53.5054
hypergirgs,gluten,1,123,21544,100,1,3,0.9,17.0422,29.9847,2.06974,8.1893,19.7076,605178,56.1807
hypergirgs,gluten,1,123,46415,100,1,3,0.9,18.5773,61.5131,4.16769,20.4712,36.8517,1381324,59.5206
hypergirgs,gluten,1,123,100000,100,1,3,0.9,20.1124,107.713,8.40284,26.6859,72.605,3150193,63.0039
hypergirgs,gluten,1,123,215443,100,1,3,0.9,21.6474,216.956,14.6869,39.876,162.233,7033215,65.2907
hypergirgs,gluten,1,123,464158,100,1,3,0.9,23.1825,456.126,28.9107,52.3644,374.819,15834710,68.2298
hypergirgs,gluten,1,123,1000000,100,1,3,0.9,24.7176,990.648,61.6832,81.9975,844.218,35423891,70.8478
hypergirgs,gluten,1,123,2154434,100,1,3,0.9,26.2526,2291.86,137.558,135.323,2003.82,78905810,73.2497
hypergirgs,gluten,1,123,4641588,100,1,3,0.9,27.7877,5144.07,377.299,248.586,4504.19,175641426,75.6816
hypergirgs,gluten,1,123,10000000,100,1,3,0.9,29.3227,11314.2,726.298,451.625,10087.1,388181789,77.6364
hypergirgs,gluten,1,123,21544346,100,1,3,0.9,30.8578,25013.3,1574.44,804.802,22570.2,854287591,79.305
hypergirgs,gluten,1,123,46415888,100,1,3,0.9,32.3928,56211.7,3367.38,1821.37,50919.2,1880051307,81.009
hypergirgs,gluten,1,123,21544,1000,1,3,0.9,12.4371,136.597,1.74746,23.1717,111.662,4649052,431.587
hypergirgs,gluten,1,123,46415,1000,1,3,0.9,13.9721,240.563,4.69817,17.9525,217.848,10930884,471.007
hypergirgs,gluten,1,123,100000,1000,1,3,0.9,15.5072,560.262,8.96151,23.0706,527.947,25800279,516.006
hypergirgs,gluten,1,123,215443,1000,1,3,0.9,17.0423,1282.82,31.7908,48.38,1202.62,59530789,552.636
hypergirgs,gluten,1,123,464158,1000,1,3,0.9,18.5773,2921.49,37.607,70.0681,2813.78,136322882,587.399
hypergirgs,gluten,1,123,1000000,1000,1,3,0.9,20.1124,6783.33,115.182,96.042,6567.52,311764842,623.53
hypergirgs,gluten,1,123,2154434,1000,1,3,0.9,21.6474,15597.6,196.245,120.915,15271.6,706816141,656.15
hypergirgs,gluten,1,123,4641588,1000,1,3,0.9,23.1825,36259.3,340.904,219.008,35674.4,1587985377,684.242
hypergirgs,gluten,1,123,10000000,1000,1,3,0.9,24.7176,84323.6,761.926,424.823,83107.6,3546728160,709.346
hypergirgs,gluten,1,123,21544346,1000,1,3,0.9,26.2526,193234,1563.79,785.353,190790,7907557458,734.073
hypergirgs,gluten,2,123,10000,10,0.6,2.2,0,19.2056,25.5299,1.10216,19.6826,4.72797,46154,9.2308
hypergirgs,gluten,2,123,21544,10,0.6,2.2,0,20.8558,36.475,3.87607,24.652,7.9343,94879,8.80793
hypergirgs,gluten,2,123,46415,10,0.6,2.2,0,22.4896,16.9454,6.10164,4.66385,6.16764,209889,9.04402
hypergirgs,gluten,2,123,100000,10,0.6,2.2,0,24.112,47.2235,11.471,25.3748,10.3663,462189,9.24378
hypergirgs,gluten,2,123,215443,10,0.6,2.2,0,25.7171,82.2299,21.5005,40.2184,20.5,1030449,9.56586
hypergirgs,gluten,2,123,464158,10,0.6,2.2,0,27.3193,126.292,40.5653,50.2261,35.4862,2091582,9.01237
hypergirgs,gluten,2,123,1000000,10,0.6,2.2,0,28.9054,248.478,97.2211,75.4743,72.9634,5264670,10.5293
hypergirgs,gluten,2,123,2154434,10,0.6,2.2,0,30.488,501.929,193.302,133.299,157.16,12155747,11.2844
hypergirgs,gluten,2,123,4641588,10,0.6,2.2,0,32.0655,1061.25,497.437,269.11,278.03,22543738,9.7138
hypergirgs,gluten,2,123,10000000,10,0.6,2.2,0,33.6363,2039.72,945.118,489.17,554.504,47381638,9.47633
hypergirgs,gluten,2,123,21544346,10,0.6,2.2,0,35.2051,3896.76,1745.84,978.862,1080.49,100850493,9.36213
hypergirgs,gluten,2,123,46415888,10,0.6,2.2,0,36.7676,8171.39,3546.11,2085.98,2410.34,250584601,10.7974
hypergirgs,gluten,2,123,10000,100,0.6,2.2,0,14.0942,38.4638,0.812181,26.9886,10.649,505616,101.123
hypergirgs,gluten,2,123,21544,100,0.6,2.2,0,15.8307,37.9387,3.78962,23.6149,10.5226,1080908,100.344
hypergirgs,gluten,2,123,46415,100,0.6,2.2,0,17.531,21.9482,6.11116,6.86893,8.95721,2339164,100.793
hypergirgs,gluten,2,123,100000,100,0.6,2.2,0,19.2046,53.5874,11.1169,25.0016,17.4042,4999060,99.9812
hypergirgs,gluten,2,123,215443,100,0.6,2.2,0,20.8564,77.3633,18.6001,29.094,29.6611,10965972,101.799
hypergirgs,gluten,2,123,464158,100,0.6,2.2,0,22.4907,144.025,36.9141,43.4885,63.5994,22787201,98.1873
hypergirgs,gluten,2,123,1000000,100,0.6,2.2,0,24.1109,284.171,80.8211,81.8251,118.734,50810464,101.621
hypergirgs,gluten,2,123,2154434,100,0.6,2.2,0,25.7189,547.511,194.136,102.411,241.125,103738274,96.3021
hypergirgs,gluten,2,123,4641588,100,0.6,2.2,0,27.3174,1176.03,466.77,188.709,505.804,238143887,102.613
hypergirgs,gluten,2,123,10000000,100,0.6,2.2,0,28.9074,2445.4,931.633,396.256,1088.54,516650572,103.33
hypergirgs,gluten,2,123,21544346,100,0.6,2.2,0,30.4901,5159.9,1979.49,758.21,2325.78,1105214800,102.599
hypergirgs,gluten,2,123,46415888,100,0.6,2.2,0,32.0667,10787.1,4289.26,1752.04,4606.5,2274410354,98.0014
hypergirgs,gluten,2,123,21544,1000,0.6,2.2,0,10.4538,53.7987,1.88178,23.2565,28.6515,10220720,948.823
hypergirgs,gluten,2,123,46415,1000,0.6,2.2,0,12.309,68.2774,4.04303,20.4318,43.7935,22124036,953.314
hypergirgs,gluten,2,123,100000,1000,0.6,2.2,0,14.0941,101.373,8.30843,15.9673,77.0893,49174463,983.489
hypergirgs,gluten,2,123,215443,1000,0.6,2.2,0,15.8305,192.596,17.4972,13.0448,161.747,103955219,965.037
hypergirgs,gluten,2,123,464158,1000,0.6,2.2,0,17.5312,472.357,37.2431,49.1184,385.984,230579093,993.537
hypergirgs,gluten,2,123,1000000,1000,0.6,2.2,0,19.2046,948.606,87.2477,66.4078,792.61,492125757,984.252
hypergirgs,gluten,2,123,2154434,1000,0.6,2.2,0,20.8563,1991.53,179.304,105.715,1697.53,1072087680,995.238
hypergirgs,gluten,2,123,4641588,1000,0.6,2.2,0,22.4907,4424.5,426.025,201.034,3772.96,2344505762,1010.22
hypergirgs,gluten,2,123,10000000,1000,0.6,2.2,0,24.1108,9379.81,956.463,377.654,7996.77,4955727432,991.145
hypergirgs,gluten,2,123,21544346,1000,0.6,2.2,0,25.719,20473.9,2010.04,743.998,17658.6,10689237397,992.301
hypergirgs,gluten,2,123,46415888,1000,0.6,2.2,0,27.3174,42917.3,4272.54,1517.16,36986.4,23055005075,993.41
hypergirgs,gluten,2,123,10000,10,1,3,0,15.683,34.84,0.811941,26.0709,7.94386,51343,10.2686
hypergirgs,gluten,2,123,21544,10,1,3,0,17.2179,30.9214,4.08787,22.4468,4.37474,109026,10.1212
hypergirgs,gluten,2,123,46415,10,1,3,0,18.7527,24.1699,6.34478,13.2935,4.29357,230705,9.94097
hypergirgs,gluten,2,123,100000,10,1,3,0,20.2913,36.9329,7.75646,20.1812,8.98439,500023,10.0005
hypergirgs,gluten,2,123,215443,10,1,3,0,21.8265,61.5507,13.8778,36.6504,11.015,1125126,10.4448
hypergirgs,gluten,2,123,464158,10,1,3,0,23.3616,101.923,28.5471,56.4377,16.929,2333593,10.0552
hypergirgs,gluten,2,123,1000000,10,1,3,0,24.8968,168.625,61.2027,73.4717,31.1411,5008801,10.0176
hypergirgs,gluten,2,123,2154434,10,1,3,0,26.4319,303.115,137.341,103.306,53.4997,10756122,9.9851
hypergirgs,gluten,2,123,4641588,10,1,3,0,27.9671,693.067,337.01,209.885,131.32,23146486,9.97352
hypergirgs,gluten,2,123,10000000,10,1,3,0,29.5022,1470.75,766.836,393.391,258.781,49944034,9.98881
hypergirgs,gluten,2,123,21544346,10,1,3,0,31.0374,3042.1,1656.34,811.36,504.231,107678036,9.99594
hypergirgs,gluten,2,123,46415888,10,1,3,0,32.5725,6267.05,3384.86,1727.99,1008.41,231779921,9.98709
hypergirgs,gluten,2,123,10000,100,1,3,0,11.0622,20.9024,0.876087,16.1152,3.90298,489873,97.9746
hypergirgs,gluten,2,123,21544,100,1,3,0,12.6063,9.87688,2.06169,1.73761,6.06888,1096209,101.765
hypergirgs,gluten,2,123,46415,100,1,3,0,14.1455,34.9646,4.03061,19.9316,10.9908,2333841,100.564
hypergirgs,gluten,2,123,100000,100,1,3,0,15.683,48.8683,11.4337,21.2735,16.1412,5000309,100.006
hypergirgs,gluten,2,123,215443,100,1,3,0,17.2191,76.8702,18.8674,26.4512,31.5418,10857549,100.793
hypergirgs,gluten,2,123,464158,100,1,3,0,18.7545,160.745,37.4092,48.309,75.0175,23229168,100.092
hypergirgs,gluten,2,123,1000000,100,1,3,0,20.2899,268.236,77.7949,53.6578,134.387,50227017,100.454
hypergirgs,gluten,2,123,2154434,100,1,3,0,21.825,533.134,145.645,128.19,249.842,107766831,100.042
hypergirgs,gluten,2,123,4641588,100,1,3,0,23.36,1117.25,369.452,222.596,510.414,231929761,99.9355
hypergirgs,gluten,2,123,10000000,100,1,3,0,24.8951,2199.71,744.615,366.433,1059.6,500250767,100.05
hypergirgs,gluten,2,123,21544346,100,1,3,0,26.4301,4663.67,1565.08,752.951,2284.43,1078256492,100.096
hypergirgs,gluten,2,123,46415888,100,1,3,0,27.9655,9918.53,3359,1498.84,4882.02,2322382512,100.068
hypergirgs,gluten,2,123,21544,1000,1,3,0,7.93843,49.1458,1.72579,8.36717,39.0461,10705592,993.835
hypergirgs,gluten,2,123,46415,1000,1,3,0,9.50959,76.4422,3.78207,21.519,51.1327,22568248,972.455
hypergirgs,gluten,2,123,100000,1000,1,3,0,11.0624,116.913,8.45895,17.9672,90.4706,50426054,1008.52
hypergirgs,gluten,2,123,215443,1000,1,3,0,12.6062,245.346,17.2514,13.9421,213.956,108300747,1005.38
hypergirgs,gluten,2,123,464158,1000,1,3,0,14.1456,551.169,37.033,44.0994,470.008,232055356,999.898
hypergirgs,gluten,2,123,1000000,1000,1,3,0,15.6828,1104.95,80.6078,75.5727,946.396,500113742,1000.23
hypergirgs,gluten,2,123,2154434,1000,1,3,0,17.2189,2324.12,179.627,110.028,2026.38,1076685621,999.507
hypergirgs,gluten,2,123,4641588,1000,1,3,0,18.7545,4801.31,428.57,216.32,4144.1,2317559952,998.606
hypergirgs,gluten,2,123,10000000,1000,1,3,0,20.2899,10691.6,892.122,438.379,9321.03,4991547052,998.309
hypergirgs,gluten,2,123,21544346,1000,1,3,0,21.8251,22773.3,1674.11,854.585,20183.7,10762478050,999.1
hypergirgs,gluten,2,123,46415888,1000,1,3,0,23.3602,45641.9,3412.63,1516.4,40550.8,23210246437,1000.1
hypergirgs,gluten,2,123,10000,10,0.6,2.2,0.5,20.9825,29.9755,0.834638,22.039,7.07513,32802,6.5604
hypergirgs,gluten,2,123,21544,10,0.6,2.2,0.5,22.5176,33.3715,2.05216,19.0552,12.2364,73145,6.79029
hypergirgs,gluten,2,123,46415,10,0.6,2.2,0.5,24.0526,49.9918,4.04985,24.2771,21.6343,168547,7.26261
hypergirgs,gluten,2,123,100000,10,0.6,2.2,0.5,25.5877,93.8981,8.3192,47.3974,38.1545,411331,8.22662
hypergirgs,gluten,2,123,215443,10,0.6,2.2,0.5,27.1228,138.136,17.0383,55.5716,65.4861,781716,7.25682
hypergirgs,gluten,2,123,464158,10,0.6,2.2,0.5,28.6578,298.223,37.5743,83.5188,176.856,1732480,7.46504
hypergirgs,gluten,2,123,1000000,10,0.6,2.2,0.5,30.1929,576.022,83.834,142.213,343.365,4387644,8.77529
hypergirgs,gluten,2,123,2154434,10,0.6,2.2,0.5,31.7279,1149.57,213.398,190.85,734.239,9051849,8.40299
hypergirgs,gluten,2,123,4641588,10,0.6,2.2,0.5,33.263,2286.96,428.92,347.529,1492.49,19922922,8.58453
hypergirgs,gluten,2,123,10000000,10,0.6,2.2,0.5,34.7981,4637.58,818.119,660.876,3106.4,49141634,9.82833
hypergirgs,gluten,2,123,21544346,10,0.6,2.2,0.5,36.3331,9342.44,1664.09,1192.57,6415.3,93536652,8.68317
hypergirgs,gluten,2,123,46415888,10,0.6,2.2,0.5,37.8682,20088.1,3455.34,2469.26,13964.3,212506077,9.15661
hypergirgs,gluten,2,123,10000,100,0.6,2.2,0.5,16.3774,31.6174,0.820035,22.1267,8.65065,248275,49.655
hypergirgs,gluten,2,123,21544,100,0.6,2.2,0.5,17.9124,28.4855,2.04939,10.3186,16.0967,551420,51.1901
hypergirgs,gluten,2,123,46415,100,0.6,2.2,0.5,19.4475,59.3263,4.0604,24.4544,30.7861,1429436,61.5937
hypergirgs,gluten,2,123,100000,100,0.6,2.2,0.5,20.9825,95.6554,8.3365,32.0904,55.2018,3119159,62.3832
hypergirgs,gluten,2,123,215443,100,0.6,2.2,0.5,22.5176,177.014,17.2952,41.5179,118.172,7369856,68.4158
hypergirgs,gluten,2,123,464158,100,0.6,2.2,0.5,24.0527,375.82,37.4198,56.2087,282.15,16223578,69.9054
hypergirgs,gluten,2,123,1000000,100,0.6,2.2,0.5,25.5877,789.843,80.9691,75.6043,630.594,38426387,76.8528
hypergirgs,gluten,2,123,2154434,100,0.6,2.2,0.5,27.1228,1731.09,177.742,149.934,1394.48,81745591,75.8859
hypergirgs,gluten,2,123,4641588,100,0.6,2.2,0.5,28.6578,3646.59,428.889,239.295,2964.51,173071339,74.5742
hypergirgs,gluten,2,123,10000000,100,0.6,2.2,0.5,30.1929,8133.58,923.211,423.016,6758.39,405580691,81.1161
hypergirgs,gluten,2,123,21544346,100,0.6,2.2,0.5,31.7279,17670.1,1972.43,870.204,14745,871484097,80.9014
hypergirgs,gluten,2,123,46415888,100,0.6,2.2,0.5,33.263,39011.6,4291.96,1845.67,32769.3,1930209762,83.1702
hypergirgs,gluten,2,123,21544,1000,0.6,2.2,0.5,13.3072,86.0879,1.72276,9.03142,75.3184,4312094,400.306
hypergirgs,gluten,2,123,46415,1000,0.6,2.2,0.5,14.8423,150.573,4.05466,7.80344,138.698,10465722,450.963
hypergirgs,gluten,2,123,100000,1000,0.6,2.2,0.5,16.3774,356.844,8.32787,21.0268,327.465,25867391,517.348
hypergirgs,gluten,2,123,215443,1000,0.6,2.2,0.5,17.9124,802.63,17.4785,25.4129,759.715,58608687,544.076
hypergirgs,gluten,2,123,464158,1000,0.6,2.2,0.5,19.4475,1917.42,37.5089,62.1457,1817.57,138814856,598.136
hypergirgs,gluten,2,123,1000000,1000,0.6,2.2,0.5,20.9825,4507.46,125.445,104.852,4274.48,315096002,630.192
hypergirgs,gluten,2,123,2154434,1000,0.6,2.2,0.5,22.5176,10454,177.641,138.189,10129.2,734034112,681.417
hypergirgs,gluten,2,123,4641588,1000,0.6,2.2,0.5,24.0527,23155.6,429.12,222.833,22478.5,1619913282,698
hypergirgs,gluten,2,123,10000000,1000,0.6,2.2,0.5,25.5877,52751.1,957.076,387.547,51358.7,3692196435,738.439
hypergirgs,gluten,2,123,21544346,1000,0.6,2.2,0.5,27.1228,119306,1996.32,795.656,116453,8195732725,760.824
hypergirgs,gluten,2,123,10000,10,1,3,0.5,16.5881,22.0773,0.808547,17.0987,4.10425,49382,9.8764
hypergirgs,gluten,2,123,21544,10,1,3,0.5,18.1231,21.6068,2.03225,9.17899,10.3812,105120,9.75863
hypergirgs,gluten,2,123,46415,10,1,3,0.5,19.6582,48.1083,3.71482,31.8932,12.4812,231060,9.95626
hypergirgs,gluten,2,123,100000,10,1,3,0.5,21.1933,63.9771,7.19977,34.8301,21.928,499126,9.98252
hypergirgs,gluten,2,123,215443,10,1,3,0.5,22.7283,97.6498,13.7647,45.7509,38.0555,1068954,9.92331
hypergirgs,gluten,2,123,464158,10,1,3,0.5,24.2634,216.325,30.9163,79.8016,105.574,2308841,9.94851
hypergirgs,gluten,2,123,1000000,10,1,3,0.5,25.7984,336.423,66.3851,106.382,160.662,5004733,10.0095
hypergirgs,gluten,2,123,2154434,10,1,3,0.5,27.3335,674.428,147.005,156.401,361.434,10741391,9.97143
hypergirgs,gluten,2,123,4641588,10,1,3,0.5,28.8686,1394.77,363.931,261.241,755.726,23251844,10.0189
hypergirgs,gluten,2,123,10000000,10,1,3,0.5,30.4036,2734.68,725.812,460.565,1517.57,50021804,10.0044
hypergirgs,gluten,2,123,21544346,10,1,3,0.5,31.9387,5707.68,1561.52,951.752,3143.47,107540801,9.9832
hypergirgs,gluten,2,123,46415888,10,1,3,0.5,33.4737,11949.9,3365.74,1872.23,6564.4,232309137,10.0099
hypergirgs,gluten,2,123,10000,100,1,3,0.5,11.9829,32.8216,0.87896,18.1107,13.8176,492765,98.553
hypergirgs,gluten,2,123,21544,100,1,3,0.5,13.518,33.6545,2.04719,5.25658,26.3356,1060884,98.4853
hypergirgs,gluten,2,123,46415,100,1,3,0.5,15.053,74.9201,4.06585,24.0544,46.7832,2365774,101.94
hypergirgs,gluten,2,123,100000,100,1,3,0.5,16.5881,115.442,8.29507,23.803,83.0868,5007016,100.14
hypergirgs,gluten,2,123,215443,100,1,3,0.5,18.1232,215.117,17.5395,23.2508,174.248,10720555,99.521
hypergirgs,gluten,2,123,464158,100,1,3,0.5,19.6582,493.575,37.4502,71.2119,384.868,23077618,99.4386
hypergirgs,gluten,2,123,1000000,100,1,3,0.5,21.1933,990.248,68.8521,94.8376,823.907,50204407,100.409
hypergirgs,gluten,2,123,2154434,100,1,3,0.5,22.7283,2006.04,140.942,120.225,1735.88,107601576,99.8885
hypergirgs,gluten,2,123,4641588,100,1,3,0.5,24.2634,4334.27,338.109,218.136,3764.09,232781358,100.302
hypergirgs,gluten,2,123,10000000,100,1,3,0.5,25.7984,9246.61,728.317,380.995,8108.26,499044349,99.8089
hypergirgs,gluten,2,123,21544346,100,1,3,0.5,27.3335,19843.4,1554.87,758.085,17469.3,1077588600,100.034
hypergirgs,gluten,2,123,46415888,100,1,3,0.5,28.8686,42764.6,3367.8,1561.1,37656.8,2317380798,99.8529
hypergirgs,gluten,2,123,21544,1000,1,3,0.5,8.91278,196.063,1.73769,28.4201,165.892,10218708,948.636
hypergirgs,gluten,2,123,46415,1000,1,3,0.5,10.4478,345.339,4.03701,12.652,328.364,22196810,956.45
hypergirgs,gluten,2,123,100000,1000,1,3,0.5,11.9829,788.344,8.33098,19.3496,760.648,48660732,973.215
hypergirgs,gluten,2,123,215443,1000,1,3,0.5,13.518,1750.04,17.4119,45.7297,1686.88,107106978,994.295
hypergirgs,gluten,2,123,464158,1000,1,3,0.5,15.053,3780.13,37.8752,51.3761,3690.55,230423227,992.865
hypergirgs,gluten,2,123,1000000,1000,1,3,0.5,16.5881,7876.45,125.19,82.5013,7664.72,493788887,987.578
hypergirgs,gluten,2,123,2154434,1000,1,3,0.5,18.1232,17155.3,216.766,122.299,16801.1,1074879304,997.83
hypergirgs,gluten,2,123,4641588,1000,1,3,0.5,19.6582,37016.1,466.787,234.897,36292.5,2322536671,1000.75
hypergirgs,gluten,2,123,10000000,1000,1,3,0.5,21.1933,79540.9,836.582,410.868,78264.4,5000089310,1000.02
hypergirgs,gluten,2,123,21544346,1000,1,3,0.5,22.7283,171419,1604.48,844.005,168910,10767653552,999.58
hypergirgs,gluten,2,123,10000,10,0.6,2.2,0.9,24.5068,75.0183,0.820926,57.2767,16.8826,16784,3.3568
hypergirgs,gluten,2,123,21544,10,0.6,2.2,0.9,26.0419,66.3436,2.70834,34.0175,29.5855,39840,3.69848
hypergirgs,gluten,2,123,46415,10,0.6,2.2,0.9,27.5769,112.976,4.37308,40.0464,68.4511,106545,4.59097
hypergirgs,gluten,2,123,100000,10,0.6,2.2,0.9,29.112,198.744,8.98444,65.1763,124.526,241957,4.83914
hypergirgs,gluten,2,123,215443,10,0.6,2.2,0.9,30.6471,328.488,18.9176,80.9071,225.885,508423,4.71979
hypergirgs,gluten,2,123,464158,10,0.6,2.2,0.9,32.1821,606.407,57.278,132.747,412.432,1155746,4.97997
hypergirgs,gluten,2,123,1000000,10,0.6,2.2,0.9,33.7172,1170.49,78.5684,224.252,857.941,2680987,5.36197
hypergirgs,gluten,2,123,2154434,10,0.6,2.2,0.9,35.2522,2253.54,152.395,365.882,1713.76,5823597,5.40615
hypergirgs,gluten,2,123,4641588,10,0.6,2.2,0.9,36.7873,4741.33,354.607,656.72,3687.04,14748621,6.35499
hypergirgs,gluten,2,123,10000000,10,0.6,2.2,0.9,38.3224,9653.35,741.465,1337.27,7490.58,30001013,6.0002
hypergirgs,gluten,2,123,21544346,10,0.6,2.2,0.9,39.8574,24071.3,1561.62,3046.29,19208.3,69258333,6.42937
hypergirgs,gluten,2,123,46415888,10,0.6,2.2,0.9,41.3925,42365.3,3376.95,5099.94,33496.9,154507376,6.65752
hypergirgs,gluten,2,123,10000,100,0.6,2.2,0.9,19.9017,43.5351,0.820138,29.6902,12.9994,122046,24.4092
hypergirgs,gluten,2,123,21544,100,0.6,2.2,0.9,21.4367,62.0499,2.06455,40.9327,18.962,334225,31.0272
hypergirgs,gluten,2,123,46415,100,0.6,2.2,0.9,22.9717,75.3599,4.97758,34.6919,35.6594,783415,33.757
hypergirgs,gluten,2,123,100000,100,0.6,2.2,0.9,24.5068,112.342,8.32658,42.4825,61.4997,1728606,34.5721
hypergirgs,gluten,2,123,215443,100,0.6,2.2,0.9,26.0419,193.079,17.3531,49.3306,126.355,4337832,40.269
hypergirgs,gluten,2,123,464158,100,0.6,2.2,0.9,27.5769,457.406,37.3855,90.6356,329.264,10141533,43.6986
hypergirgs,gluten,2,123,1000000,100,0.6,2.2,0.9,29.112,928.136,87.4941,124.675,713.21,23031802,46.0636
hypergirgs,gluten,2,123,2154434,100,0.6,2.2,0.9,30.6471,1903.89,177.893,185.688,1522.56,50461558,46.8444
hypergirgs,gluten,2,123,4641588,100,0.6,2.2,0.9,32.1821,4312.52,467.184,287.093,3532.17,122692057,52.8664
hypergirgs,gluten,2,123,10000000,100,0.6,2.2,0.9,33.7172,9500.48,934.388,559.474,7975.97,266913221,53.3826
hypergirgs,gluten,2,123,21544346,100,0.6,2.2,0.9,35.2522,20946.9,1720.06,1038.09,18127.1,608795122,56.5155
hypergirgs,gluten,2,123,46415888,100,0.6,2.2,0.9,36.7873,47160.8,3539.02,2207.75,41233.5,1357615000,58.4979
hypergirgs,gluten,2,123,21544,1000,0.6,2.2,0.9,16.8315,90.0385,1.73091,35.2442,53.0421,2101972,195.133
hypergirgs,gluten,2,123,46415,1000,0.6,2.2,0.9,18.3666,120.889,4.38153,19.0692,97.415,5424061,233.72
hypergirgs,gluten,2,123,100000,1000,0.6,2.2,0.9,19.9017,275.659,8.65199,27.9955,238.661,13122147,262.443
hypergirgs,gluten,2,123,215443,1000,0.6,2.2,0.9,21.4367,627.908,17.4111,41.7754,568.69,31674621,294.042
hypergirgs,gluten,2,123,464158,1000,0.6,2.2,0.9,22.9718,1539.17,37.4656,89.8675,1411.8,75342533,324.642
hypergirgs,gluten,2,123,1000000,1000,0.6,2.2,0.9,24.5068,3506.16,81.0376,93.4818,3328.9,177870051,355.74
hypergirgs,gluten,2,123,2154434,1000,0.6,2.2,0.9,26.0419,8558.72,178.269,148.665,8215.52,417097745,387.199
hypergirgs,gluten,2,123,4641588,1000,0.6,2.2,0.9,27.577,20767.9,467.243,248.738,20027.8,1003644456,432.457
hypergirgs,gluten,2,123,10000000,1000,0.6,2.2,0.9,29.112,48740.6,951.711,406.239,47332.4,2305569333,461.114
hypergirgs,gluten,2,123,21544346,1000,0.6,2.2,0.9,30.6471,114274,1995.69,780.658,111403,5197967000,482.537
hypergirgs,gluten,2,123,10000,10,1,3,0.9,20.1124,43.5471,1.05564,33.0462,9.4275,30477,6.0954
hypergirgs,gluten,2,123,21544,10,1,3,0.9,21.6474,27.3067,1.98815,16.0588,9.24146,71627,6.64937
hypergirgs,gluten,2,123,46415,10,1,3,0.9,23.1825,54.914,3.61246,33.475,17.8085,158443,6.82723
hypergirgs,gluten,2,123,100000,10,1,3,0.9,24.7176,92.0848,7.06437,39.8541,45.1482,357680,7.1536
hypergirgs,gluten,2,123,215443,10,1,3,0.9,26.2526,126.725,12.9351,49.7986,63.96,783365,7.27213
hypergirgs,gluten,2,123,464158,10,1,3,0.9,27.7877,256.924,28.5347,72.1227,156.168,1757700,7.57371
hypergirgs,gluten,2,123,1000000,10,1,3,0.9,29.3227,450.856,61.3415,97.2634,289.567,3862114,7.72423
hypergirgs,gluten,2,123,2154434,10,1,3,0.9,30.8578,926.031,135.648,172.266,607.077,8549064,7.93625
hypergirgs,gluten,2,123,4641588,10,1,3,0.9,32.3928,1913.64,337.737,312.556,1247.62,18802260,8.10165
hypergirgs,gluten,2,123,10000000,10,1,3,0.9,33.9279,3887.24,724.013,529.894,2602.47,41240441,8.24809
hypergirgs,gluten,2,123,21544346,10,1,3,0.9,35.463,8476.76,1564.47,1168.64,5643.36,90397196,8.39173
hypergirgs,gluten,2,123,46415888,10,1,3,0.9,36.998,18022.5,3362.3,2251.78,12238.5,198067911,8.53449
hypergirgs,gluten,2,123,10000,100,1,3,0.9,15.5072,46.8994,0.808058,30.2354,15.8396,257506,51.5012
hypergirgs,gluten,2,123,21544,100,1,3,0.9,17.0422,50.7326,2.0542,27.6974,20.964,598083,55.522
hypergirgs,gluten,2,123,46415,100,1,3,0.9,18.5773,54.0643,4.05916,12.859,37.129,1369600,59.0154
hypergirgs,gluten,2,123,100000,100,1,3,0.9,20.1124,106.628,8.2791,25.9822,72.3155,3115546,62.3109
hypergirgs,gluten,2,123,215443,100,1,3,0.9,21.6474,204.996,14.8389,27.4817,162.394,7064884,65.5847
hypergirgs,gluten,2,123,464158,100,1,3,0.9,23.1825,480.696,28.5595,70.1745,381.909,15735489,67.8023
hypergirgs,gluten,2,123,1000000,100,1,3,0.9,24.7176,1027.45,61.5353,91.062,872.123,35579032,71.1581
hypergirgs,gluten,2,123,2154434,100,1,3,0.9,26.2526,2279.97,136.99,143.551,1990.3,79007902,73.3445
hypergirgs,gluten,2,123,4641588,100,1,3,0.9,27.7877,5077.16,337.726,228.445,4496.98,174991691,75.4016
hypergirgs,gluten,2,123,10000000,100,1,3,0.9,29.3227,11267,726.583,407.131,10104.4,387148349,77.4297
hypergirgs,gluten,2,123,21544346,100,1,3,0.9,30.8578,25290.4,1552.63,1010.48,22663.7,854267850,79.3032
hypergirgs,gluten,2,123,46415888,100,1,3,0.9,32.3928,55641.4,3366.46,1819.83,50310.4,1878955233,80.9617
hypergirgs,gluten,2,123,21544,1000,1,3,0.9,12.4371,140.573,1.87863,30.5177,108.162,4534390,420.942
hypergirgs,gluten,2,123,46415,1000,1,3,0.9,13.9721,230.063,4.05528,19.3769,206.609,10975541,472.931
hypergirgs,gluten,2,123,100000,1000,1,3,0.9,15.5072,528.988,8.40044,10.1203,510.171,25802822,516.056
hypergirgs,gluten,2,123,215443,1000,1,3,0.9,17.0423,1283.96,17.4027,46.5139,1219.72,60040239,557.365
hypergirgs,gluten,2,123,464158,1000,1,3,0.9,18.5773,2975.85,37.4863,72.9386,2865.39,137511097,592.518
hypergirgs,gluten,2,123,1000000,1000,1,3,0.9,20.1124,6657.17,80.5597,78.0897,6496.03,311714500,623.429
hypergirgs,gluten,2,123,2154434,1000,1,3,0.9,21.6474,15589.8,149.441,135.373,15288.5,705137525,654.592
hypergirgs,gluten,2,123,4641588,1000,1,3,0.9,23.1825,36352.7,380.282,223.435,35725.1,1586114923,683.436
hypergirgs,gluten,2,123,10000000,1000,1,3,0.9,24.7176,85123.2,757.208,417.806,83898.2,3546311152,709.262
hypergirgs,gluten,2,123,21544346,1000,1,3,0.9,26.2526,193402,1584.45,758.765,190997,7902070218,733.563
hypergirgs,gluten,3,123,10000,10,0.6,2.2,0,19.2056,25.3605,0.815672,20.419,4.11683,45170,9.034
hypergirgs,gluten,3,123,21544,10,0.6,2.2,0,20.8558,8.66787,2.05513,2.39391,4.21059,126580,11.7508
hypergirgs,gluten,3,123,46415,10,0.6,2.2,0,22.4896,34.9357,4.00138,21.1937,9.72537,269328,11.6052
hypergirgs,gluten,3,123,100000,10,0.6,2.2,0,24.112,45.9006,12.644,22.8101,10.4346,476975,9.5395
hypergirgs,gluten,3,123,215443,10,0.6,2.2,0,25.7171,65.9985,22.5318,28.5552,14.9025,1004754,9.32733
hypergirgs,gluten,3,123,464158,10,0.6,2.2,0,27.3193,124.24,40.0949,48.7803,35.3512,2437499,10.5029
hypergirgs,gluten,3,123,1000000,10,0.6,2.2,0,28.9054,236.342,87.7605,70.512,75.1278,4889291,9.77858
hypergirgs,gluten,3,123,2154434,10,0.6,2.2,0,30.488,463.141,193.886,126.215,132.311,9630446,8.94012
hypergirgs,gluten,3,123,4641588,10,0.6,2.2,0,32.0655,993.314,428.891,260.611,279.206,22500174,9.69503
hypergirgs,gluten,3,123,10000000,10,0.6,2.2,0,33.6363,2023,936.319,494.897,561.302,48568364,9.71367
hypergirgs,gluten,3,123,21544346,10,0.6,2.2,0,35.2051,3948.55,1721.95,1066.05,1099.77,105319114,9.77696
hypergirgs,gluten,3,123,46415888,10,0.6,2.2,0,36.7676,8145.68,3537.09,2168.02,2311.78,227948172,9.82199
hypergirgs,gluten,3,123,10000,100,0.6,2.2,0,14.0942,6.06262,0.811746,0.932774,4.3097,551679,110.336
hypergirgs,gluten,3,123,21544,100,0.6,2.2,0,15.8307,10.4929,2.07752,2.56096,5.84606,996727,92.5294
hypergirgs,gluten,3,123,46415,100,0.6,2.2,0,17.531,44.5493,4.0724,25.6663,14.7995,2195061,94.5841
hypergirgs,gluten,3,123,100000,100,0.6,2.2,0,19.2046,46.8582,8.39981,20.4989,17.8791,5443591,108.872
hypergirgs,gluten,3,123,215443,100,0.6,2.2,0,20.8564,62.1049,17.4551,19.0751,25.5649,11267037,104.594
hypergirgs,gluten,3,123,464158,100,0.6,2.2,0,22.4907,132.389,37.4103,39.814,55.1035,22069798,95.0961
hypergirgs,gluten,3,123,1000000,100,0.6,2.2,0,24.1109,278.84,80.9944,73.4759,121.749,48253237,96.5065
hypergirgs,gluten,3,123,2154434,100,0.6,2.2,0,25.7189,530.555,179.178,101.432,240.932,106259826,98.6429
hypergirgs,gluten,3,123,4641588,100,0.6,2.2,0,27.3174,1140.99,428.31,173.425,516.648,231770210,99.8668
hypergirgs,gluten,3,123,10000000,100,0.6,2.2,0,28.9074,2444.88,944.739,369.498,1081.87,496339352,99.2679
hypergirgs,gluten,3,123,21544346,100,0.6,2.2,0,30.4901,5143.22,2002.87,765.852,2310.37,1060956212,98.4905
hypergirgs,gluten,3,123,46415888,100,0.6,2.2,0,32.0667,10703.1,4280.73,1728.06,4590.68,2266398751,97.6562
hypergirgs,gluten,3,123,21544,1000,0.6,2.2,0,10.4538,41.6923,1.73774,11.549,28.3973,9873342,916.575
hypergirgs,gluten,3,123,46415,1000,0.6,2.2,0,12.309,50.3974,4.03813,3.19398,43.1576,21984674,947.309
hypergirgs,gluten,3,123,100000,1000,0.6,2.2,0,14.0941,107.248,8.29899,19.7673,78.9618,48717693,974.354
hypergirgs,gluten,3,123,215443,1000,0.6,2.2,0,15.8305,207.457,17.2361,19.8659,170.347,105639238,980.67
hypergirgs,gluten,3,123,464158,1000,0.6,2.2,0,17.5312,484.239,37.1956,46.5225,400.508,228233450,983.43
hypergirgs,gluten,3,123,1000000,1000,0.6,2.2,0,19.2046,962.535,80.7457,65.4758,813.812,506259090,1012.52
hypergirgs,gluten,3,123,2154434,1000,0.6,2.2,0,20.8563,1997.62,178.902,118.886,1690.72,1069070758,992.438
hypergirgs,gluten,3,123,4641588,1000,0.6,2.2,0,22.4907,4453.3,425.985,227.398,3785.83,2332224550,1004.93
hypergirgs,gluten,3,123,10000000,1000,0.6,2.2,0,24.1108,9396.47,924.513,375.015,8046.66,4960479108,992.096
hypergirgs,gluten,3,123,21544346,1000,0.6,2.2,0,25.719,20053.4,2013.99,781.794,17196.4,10672146631,990.714
hypergirgs,gluten,3,123,46415888,1000,0.6,2.2,0,27.3174,42669.3,4271.34,1434.89,36784.9,22937132200,988.331
hypergirgs,gluten,3,123,10000,10,1,3,0,15.683,30.8333,0.811313,23.3009,6.40135,50399,10.0798
hypergirgs,gluten,3,123,21544,10,1,3,0,17.2179,26.0481,1.77663,20.2277,4.03094,108161,10.0409
hypergirgs,gluten,3,123,46415,10,1,3,0,18.7527,31.646,6.14936,15.8245,9.66361,236563,10.1934
hypergirgs,gluten,3,123,100000,10,1,3,0,20.2913,38.7652,10.0252,23.3276,5.40201,503442,10.0688
hypergirgs,gluten,3,123,215443,10,1,3,0,21.8265,55.055,15.8159,30.5268,8.70164,1075863,9.98745
hypergirgs,gluten,3,123,464158,10,1,3,0,23.3616,109.129,31.1831,60.5638,17.3721,2306553,9.93865
hypergirgs,gluten,3,123,1000000,10,1,3,0,24.8968,192.631,66.357,89.8446,33.1527,4986553,9.97311
hypergirgs,gluten,3,123,2154434,10,1,3,0,26.4319,341.356,149.957,125.329,56.2766,10715131,9.94705
hypergirgs,gluten,3,123,4641588,10,1,3,0,27.9671,731.396,367.664,206.949,141.278,23203463,9.99807
hypergirgs,gluten,3,123,10000000,10,1,3,0,29.5022,1413.12,745.56,391.429,247.059,49867903,9.97358
hypergirgs,gluten,3,123,21544346,10,1,3,0,31.0374,2881.3,1563.86,740.897,513.146,107769779,10.0045
hypergirgs,gluten,3,123,46415888,10,1,3,0,32.5725,6329.67,3350.45,1838.32,994.986,231694622,9.98342
hypergirgs,gluten,3,123,10000,100,1,3,0,11.0622,27.9918,0.883015,22.8419,4.25666,512147,102.429
hypergirgs,gluten,3,123,21544,100,1,3,0,12.6063,9.96449,2.0543,1.88142,6.02152,1062534,98.6385
hypergirgs,gluten,3,123,46415,100,1,3,0,14.1455,38.8168,4.03271,21.706,13.0705,2311016,99.5806
hypergirgs,gluten,3,123,100000,100,1,3,0,15.683,47.3223,8.31888,19.8542,19.1427,5059852,101.197
hypergirgs,gluten,3,123,215443,100,1,3,0,17.2191,77.1527,17.1978,28.4467,31.4991,10692586,99.2614
hypergirgs,gluten,3,123,464158,100,1,3,0,18.7545,149.393,37.3505,44.6838,67.0719,23245412,100.162
hypergirgs,gluten,3,123,1000000,100,1,3,0,20.2899,284.398,77.7512,77.8459,126.393,49873848,99.7477
hypergirgs,gluten,3,123,2154434,100,1,3,0,21.825,537.453,145.168,114.224,269.045,107943425,100.206
hypergirgs,gluten,3,123,4641588,100,1,3,0,23.36,1084.55,342.309,202.692,524.62,231990832,99.9618
hypergirgs,gluten,3,123,10000000,100,1,3,0,24.8951,2206.52,748.246,369.502,1059.72,499523761,99.9048
hypergirgs,gluten,3,123,21544346,100,1,3,0,26.4301,4610.57,1566.18,697.638,2285.55,1077625850,100.038
hypergirgs,gluten,3,123,46415888,100,1,3,0,27.9655,10033,3361.45,1568.5,4961.61,2320813048,100.001
hypergirgs,gluten,3,123,21544,1000,1,3,0,7.93843,58.0793,1.72856,23.5112,32.8316,10563115,980.609
hypergirgs,gluten,3,123,46415,1000,1,3,0,9.50959,60.7887,4.37463,9.18877,47.2167,22949050,988.864
hypergirgs,gluten,3,123,100000,1000,1,3,0,11.0624,105.576,8.27467,8.85575,88.4286,49328737,986.575
hypergirgs,gluten,3,123,215443,1000,1,3,0,12.6062,235.17,17.2381,15.2332,202.348,109252389,1014.21
hypergirgs,gluten,3,123,464158,1000,1,3,0,14.1456,556.406,37.0149,48.4541,470.922,233732205,1007.12
hypergirgs,gluten,3,123,1000000,1000,1,3,0,15.6828,1113.17,80.6443,80.5515,949.613,503432326,1006.86
hypergirgs,gluten,3,123,2154434,1000,1,3,0,17.2189,2313.57,179.164,100.94,2025.38,1078122511,1000.84
hypergirgs,gluten,3,123,4641588,1000,1,3,0,18.7545,4777.19,428.546,211.731,4124.56,2321584521,1000.34
hypergirgs,gluten,3,123,10000000,1000,1,3,0,20.2899,10632.8,891.914,397.153,9319.13,4998740705,999.748
hypergirgs,gluten,3,123,21544346,1000,1,3,0,21.8251,22961.2,1648.75,825.969,20392.3,10773949139,1000.16
hypergirgs,gluten,3,123,46415888,1000,1,3,0,23.3602,45175.8,3423.32,1503.79,40108.1,23208492237,1000.02
hypergirgs,gluten,3,123,10000,10,0.6,2.2,0.5,20.9825,52.4382,0.819736,41.0692,10.528,35345,7.069
hypergirgs,gluten,3,123,21544,10,0.6,2.2,0.5,22.5176,46.5525,1.71313,33.7188,11.0928,80738,7.49517
hypergirgs,gluten,3,123,46415,10,0.6,2.2,0.5,24.0526,48.4876,4.04685,25.9719,18.4393,148261,6.3885
hypergirgs,gluten,3,123,100000,10,0.6,2.2,0.5,25.5877,77.1777,8.31361,36.3239,32.5097,341729,6.83458
hypergirgs,gluten,3,123,215443,10,0.6,2.2,0.5,27.1228,137.675,17.3575,48.9272,71.3503,755117,7.0099
hypergirgs,gluten,3,123,464158,10,0.6,2.2,0.5,28.6578,311.364,37.428,97.4595,176.394,1878039,8.09224
hypergirgs,gluten,3,123,1000000,10,0.6,2.2,0.5,30.1929,556.397,87.4842,125.928,336.455,3910951,7.8219
hypergirgs,gluten,3,123,2154434,10,0.6,2.2,0.5,31.7279,1157.9,199.707,222.068,725.078,9081657,8.43067
hypergirgs,gluten,3,123,4641588,10,0.6,2.2,0.5,33.263,2268.27,428.813,339.491,1481.94,19519972,8.4109
hypergirgs,gluten,3,123,10000000,10,0.6,2.2,0.5,34.7981,4619.75,817.015,689.693,3060.85,46775147,9.35503
hypergirgs,gluten,3,123,21544346,10,0.6,2.2,0.5,36.3331,9347.68,1664.18,1181.01,6431.98,95157529,8.83364
hypergirgs,gluten,3,123,46415888,10,0.6,2.2,0.5,37.8682,19820.3,3456.67,2413.75,13756,201764617,8.69377
hypergirgs,gluten,3,123,10000,100,0.6,2.2,0.5,16.3774,32.4107,0.823965,22.1414,9.35045,261343,52.2686
hypergirgs,gluten,3,123,21544,100,0.6,2.2,0.5,17.9124,34.6077,2.95729,16.1771,15.4484,576609,53.5285
hypergirgs,gluten,3,123,46415,100,0.6,2.2,0.5,19.4475,71.4884,5.01306,34.1724,32.2752,1409817,60.7483
hypergirgs,gluten,3,123,100000,100,0.6,2.2,0.5,20.9825,94.6888,9.48452,30.6949,54.4832,3227326,64.5465
hypergirgs,gluten,3,123,215443,100,0.6,2.2,0.5,22.5176,168.182,17.2927,37.1754,113.684,6799189,63.1182
hypergirgs,gluten,3,123,464158,100,0.6,2.2,0.5,24.0527,419.699,37.5132,79.8792,302.265,16314685,70.298
hypergirgs,gluten,3,123,1000000,100,0.6,2.2,0.5,25.5877,824.379,80.9935,78.1668,662.453,38887516,77.775
hypergirgs,gluten,3,123,2154434,100,0.6,2.2,0.5,27.1228,1680.02,177.858,119.138,1374,81021986,75.2142
hypergirgs,gluten,3,123,4641588,100,0.6,2.2,0.5,28.6578,3790.81,429.045,234.831,3101.73,183899375,79.2399
hypergirgs,gluten,3,123,10000000,100,0.6,2.2,0.5,30.1929,8100.56,956.192,404.931,6689.91,395130217,79.026
hypergirgs,gluten,3,123,21544346,100,0.6,2.2,0.5,31.7279,18267.6,1994.65,962.59,15259.5,914060108,84.8538
hypergirgs,gluten,3,123,46415888,100,0.6,2.2,0.5,33.263,39536.7,4279.24,1827.74,33324.8,1952776763,84.1426
hypergirgs,gluten,3,123,21544,1000,0.6,2.2,0.5,13.3072,78.3049,1.72258,16.7718,59.7981,4385313,407.103
hypergirgs,gluten,3,123,46415,1000,0.6,2.2,0.5,14.8423,141.368,3.715,7.61118,130.023,10793793,465.099
hypergirgs,gluten,3,123,100000,1000,0.6,2.2,0.5,16.3774,348.539,8.44149,14.3672,325.658,26033439,520.669
hypergirgs,gluten,3,123,215443,1000,0.6,2.2,0.5,17.9124,817.855,17.3334,33.1437,767.349,59385184,551.284
hypergirgs,gluten,3,123,464158,1000,0.6,2.2,0.5,19.4475,1937.97,37.5868,67.9102,1832.39,139277048,600.128
hypergirgs,gluten,3,123,1000000,1000,0.6,2.2,0.5,20.9825,4447.43,125.255,94.0321,4224.47,314844333,629.689
hypergirgs,gluten,3,123,2154434,1000,0.6,2.2,0.5,22.5176,10059.9,230.142,140.54,9680.12,711611436,660.602
hypergirgs,gluten,3,123,4641588,1000,0.6,2.2,0.5,24.0527,23386,429.084,230.102,22712.7,1655372595,713.279
hypergirgs,gluten,3,123,10000000,1000,0.6,2.2,0.5,25.5877,52752.6,923.686,385.073,51394.1,3702879781,740.576
hypergirgs,gluten,3,123,21544346,1000,0.6,2.2,0.5,27.1228,119516,1996.16,781.202,116646,8252611115,766.105
hypergirgs,gluten,3,123,10000,10,1,3,0.5,16.5881,36.8964,1.05423,30.2021,5.61323,50798,10.1596
hypergirgs,gluten,3,123,21544,10,1,3,0.5,18.1231,30.1693,3.80818,18.9019,7.43287,107892,10.016
hypergirgs,gluten,3,123,46415,10,1,3,0.5,19.6582,58.485,6.21432,35.6428,16.6103,225655,9.72337
hypergirgs,gluten,3,123,100000,10,1,3,0.5,21.1933,64.2506,8.76036,34.8318,20.6368,493378,9.86756
hypergirgs,gluten,3,123,215443,10,1,3,0.5,22.7283,104.611,14.8992,49.2007,40.4815,1078856,10.0152
hypergirgs,gluten,3,123,464158,10,1,3,0.5,24.2634,185.63,31.0665,63.9837,90.4389,2296487,9.89528
hypergirgs,gluten,3,123,1000000,10,1,3,0.5,25.7984,363.908,66.3895,102.062,190.41,5024278,10.0486
hypergirgs,gluten,3,123,2154434,10,1,3,0.5,27.3335,692.707,184.098,135.452,363.402,10799423,10.0253
hypergirgs,gluten,3,123,4641588,10,1,3,0.5,28.8686,1391.85,348.404,254.71,763.488,23200314,9.99671
hypergirgs,gluten,3,123,10000000,10,1,3,0.5,30.4036,2792.48,758.426,465.714,1516.73,49952438,9.99049
hypergirgs,gluten,3,123,21544346,10,1,3,0.5,31.9387,5777.34,1582.91,924.069,3188.95,107695297,9.99755
hypergirgs,gluten,3,123,46415888,10,1,3,0.5,33.4737,11950.2,3376.18,1876.65,6592.48,231701763,9.98373
hypergirgs,gluten,3,123,10000,100,1,3,0.5,11.9829,23.1481,0.817852,3.64178,18.3794,493008,98.6016
hypergirgs,gluten,3,123,21544,100,1,3,0.5,13.518,37.3402,2.03299,6.4689,28.6044,1041301,96.6674
hypergirgs,gluten,3,123,46415,100,1,3,0.5,15.053,78.9004,4.10611,27.6851,47.0368,2304274,99.2901
hypergirgs,gluten,3,123,100000,100,1,3,0.5,16.5881,105.06,9.39821,12.1384,83.5043,5020453,100.409
hypergirgs,gluten,3,123,215443,100,1,3,0.5,18.1232,215.156,17.5244,21.2137,176.099,10789525,100.161
hypergirgs,gluten,3,123,464158,100,1,3,0.5,19.6582,481.366,37.2641,56.329,387.717,23102199,99.5445
hypergirgs,gluten,3,123,1000000,100,1,3,0.5,21.1933,978.91,68.7499,81.1525,826.37,49856768,99.7135
hypergirgs,gluten,3,123,2154434,100,1,3,0.5,22.7283,2076.77,140.943,138.826,1787.97,107764256,100.04
hypergirgs,gluten,3,123,4641588,100,1,3,0.5,24.2634,4393.23,338.798,251.884,3788.6,231329480,99.6769
hypergirgs,gluten,3,123,10000000,100,1,3,0.5,25.7984,9193.27,728.356,391.473,8044.57,499642959,99.9286
hypergirgs,gluten,3,123,21544346,100,1,3,0.5,27.3335,19688.4,1555.21,747.567,17291.8,1075911047,99.8787
hypergirgs,gluten,3,123,46415888,100,1,3,0.5,28.8686,42702.9,3372.26,1734.42,37454.8,2318899062,99.9183
hypergirgs,gluten,3,123,21544,1000,1,3,0.5,8.91278,180.492,1.74237,2.88842,175.85,10042254,932.255
hypergirgs,gluten,3,123,46415,1000,1,3,0.5,10.4478,362.266,4.03843,16.3438,341.577,22687752,977.604
hypergirgs,gluten,3,123,100000,1000,1,3,0.5,11.9829,790.428,8.99135,12.2062,769.209,48890180,977.804
hypergirgs,gluten,3,123,215443,1000,1,3,0.5,13.518,1704.13,17.3854,26.7853,1659.95,106015485,984.163
hypergirgs,gluten,3,123,464158,1000,1,3,0.5,15.053,3724.34,37.5107,63.795,3622.7,231271801,996.522
hypergirgs,gluten,3,123,1000000,1000,1,3,0.5,16.5881,7973.32,124.751,83.5858,7761.96,497687254,995.375
hypergirgs,gluten,3,123,2154434,1000,1,3,0.5,18.1232,17219.1,225.846,114.991,16870.4,1076350571,999.196
hypergirgs,gluten,3,123,4641588,1000,1,3,0.5,19.6582,37020.5,427.939,242.21,36328.4,2316435896,998.122
hypergirgs,gluten,3,123,10000000,1000,1,3,0.5,21.1933,79787.1,835.551,411.259,78490.3,5006874032,1001.37
hypergirgs,gluten,3,123,21544346,1000,1,3,0.5,22.7283,171812,1632.07,798.09,169288,10775252272,1000.29
hypergirgs,gluten,3,123,10000,10,0.6,2.2,0.9,24.5068,63.5716,1.10268,47.566,14.8645,17215,3.443
hypergirgs,gluten,3,123,21544,10,0.6,2.2,0.9,26.0419,63.2531,2.20899,29.29,31.4413,43253,4.01532
hypergirgs,gluten,3,123,46415,10,0.6,2.2,0.9,27.5769,132.826,4.39521,57.3353,70.7932,93098,4.01155
hypergirgs,gluten,3,123,100000,10,0.6,2.2,0.9,29.112,187.493,9.09417,51.4255,126.634,200346,4.00692
hypergirgs,gluten,3,123,215443,10,0.6,2.2,0.9,30.6471,319.024,19.0628,78.675,218.939,517684,4.80576
hypergirgs,gluten,3,123,464158,10,0.6,2.2,0.9,32.1821,594.98,37.212,131.033,422.76,1147308,4.94361
hypergirgs,gluten,3,123,1000000,10,0.6,2.2,0.9,33.7172,1182.84,78.4555,221.9,872.73,2762909,5.52582
hypergirgs,gluten,3,123,2154434,10,0.6,2.2,0.9,35.2522,2265.07,152.47,348.589,1742.45,5902763,5.47964
hypergirgs,gluten,3,123,4641588,10,0.6,2.2,0.9,36.7873,4771.83,354.425,674.671,3699.81,13962928,6.01644
hypergirgs,gluten,3,123,10000000,10,0.6,2.2,0.9,38.3224,9766.18,741.736,1335.9,7604.51,35177836,7.03557
hypergirgs,gluten,3,123,21544346,10,0.6,2.2,0.9,39.8574,24245.1,1561.11,3010.88,19464.3,70528397,6.54728
hypergirgs,gluten,3,123,46415888,10,0.6,2.2,0.9,41.3925,42554.3,3383.73,5012.48,33814.5,151270979,6.51807
hypergirgs,gluten,3,123,10000,100,0.6,2.2,0.9,19.9017,34.9784,0.836023,25.699,8.42018,124629,24.9258
hypergirgs,gluten,3,123,21544,100,0.6,2.2,0.9,21.4367,34.9175,2.05935,16.5539,16.2776,325952,30.2592
hypergirgs,gluten,3,123,46415,100,0.6,2.2,0.9,22.9717,54.3221,4.05278,20.7462,29.4945,681087,29.3477
hypergirgs,gluten,3,123,100000,100,0.6,2.2,0.9,24.5068,104.362,8.32736,40.9389,55.0636,1750406,35.0081
hypergirgs,gluten,3,123,215443,100,0.6,2.2,0.9,26.0419,192.381,17.3477,49.746,125.248,4388732,40.7415
hypergirgs,gluten,3,123,464158,100,0.6,2.2,0.9,27.5769,449.569,37.4623,84.326,327.655,10106974,43.5497
hypergirgs,gluten,3,123,1000000,100,0.6,2.2,0.9,29.112,895.028,81.227,112.307,698.679,22353742,44.7075
hypergirgs,gluten,3,123,2154434,100,0.6,2.2,0.9,30.6471,1937.68,178.079,166.824,1582.1,54782440,50.8555
hypergirgs,gluten,3,123,4641588,100,0.6,2.2,0.9,32.1821,4484.8,429.535,323.599,3705.72,114954286,49.5323
hypergirgs,gluten,3,123,10000000,100,0.6,2.2,0.9,33.7172,9611.48,934.523,644.09,8001.58,269594366,53.9189
hypergirgs,gluten,3,123,21544346,100,0.6,2.2,0.9,35.2522,21272.8,1720.33,1072.21,18419.4,626389785,58.1489
hypergirgs,gluten,3,123,46415888,100,0.6,2.2,0.9,36.7873,47008.3,3536.81,2162.82,41179.4,1364456428,58.7926
hypergirgs,gluten,3,123,21544,1000,0.6,2.2,0.9,16.8315,70.1524,1.73142,19.8002,48.5993,2112584,196.118
hypergirgs,gluten,3,123,46415,1000,0.6,2.2,0.9,18.3666,129.738,4.05283,26.1385,99.5247,5291019,227.987
hypergirgs,gluten,3,123,100000,1000,0.6,2.2,0.9,19.9017,270.495,8.31943,25.3097,236.838,13008678,260.174
hypergirgs,gluten,3,123,215443,1000,0.6,2.2,0.9,21.4367,625.537,17.5437,38.3336,569.632,31222950,289.849
hypergirgs,gluten,3,123,464158,1000,0.6,2.2,0.9,22.9718,1517.49,37.3984,66.6763,1413.37,77190190,332.603
hypergirgs,gluten,3,123,1000000,1000,0.6,2.2,0.9,24.5068,3540.28,81.0291,101.069,3353.87,178421438,356.843
hypergirgs,gluten,3,123,2154434,1000,0.6,2.2,0.9,26.0419,8472.9,212.222,141.798,8109.67,411915190,382.388
hypergirgs,gluten,3,123,4641588,1000,0.6,2.2,0.9,27.577,20384.3,428.887,254.211,19681.2,973305740,419.385
hypergirgs,gluten,3,123,10000000,1000,0.6,2.2,0.9,29.112,48930.4,933.66,443.923,47523.9,2278729592,455.746
hypergirgs,gluten,3,123,21544346,1000,0.6,2.2,0.9,30.6471,114073,1973.15,844.786,111192,5201605249,482.874
hypergirgs,gluten,3,123,10000,10,1,3,0.9,20.1124,20.3173,0.809497,9.57051,9.90638,30357,6.0714
hypergirgs,gluten,3,123,21544,10,1,3,0.9,21.6474,58.9853,3.6429,42.2273,13.0894,72413,6.72234
hypergirgs,gluten,3,123,46415,10,1,3,0.9,23.1825,59.3452,4.80561,36.7301,17.7864,159264,6.86261
hypergirgs,gluten,3,123,100000,10,1,3,0.9,24.7176,93.3174,7.07677,42.5056,43.7084,358707,7.17414
hypergirgs,gluten,3,123,215443,10,1,3,0.9,26.2526,136.641,14.509,57.315,64.7903,793292,7.36429
hypergirgs,gluten,3,123,464158,10,1,3,0.9,27.7877,272.596,30.7338,86.2243,155.565,1750512,7.54274
hypergirgs,gluten,3,123,1000000,10,1,3,0.9,29.3227,472.504,66.7058,104.182,298.904,3889385,7.77877
hypergirgs,gluten,3,123,2154434,10,1,3,0.9,30.8578,916.725,136.006,163.357,606.343,8549992,7.93711
hypergirgs,gluten,3,123,4641588,10,1,3,0.9,32.3928,1900.64,337.856,297.464,1249.68,18844897,8.12002
hypergirgs,gluten,3,123,10000000,10,1,3,0.9,33.9279,3958.69,724.364,585.133,2618.32,41336258,8.26725
hypergirgs,gluten,3,123,21544346,10,1,3,0.9,35.463,8394.9,1564.85,1125.94,5640.54,90602332,8.41078
hypergirgs,gluten,3,123,46415888,10,1,3,0.9,36.998,18256.6,3355.15,2282.99,12440.7,198143619,8.53775
hypergirgs,gluten,3,123,10000,100,1,3,0.9,15.5072,18.1367,0.812009,5.93784,11.371,257696,51.5392
hypergirgs,gluten,3,123,21544,100,1,3,0.9,17.0422,33.0623,2.05793,8.81436,22.1724,595594,55.2909
hypergirgs,gluten,3,123,46415,100,1,3,0.9,18.5773,57.3032,4.0612,11.4614,41.7623,1355703,58.4166
hypergirgs,gluten,3,123,100000,100,1,3,0.9,20.1124,114.024,8.2814,30.9577,74.7643,3151935,63.0387
hypergirgs,gluten,3,123,215443,100,1,3,0.9,21.6474,216.406,14.6527,39.0871,162.643,7039005,65.3445
hypergirgs,gluten,3,123,464158,100,1,3,0.9,23.1825,469.808,28.7741,57.0886,383.916,15860135,68.3394
hypergirgs,gluten,3,123,1000000,100,1,3,0.9,24.7176,1023.11,61.5226,89.6303,869.206,35337430,70.6749
hypergirgs,gluten,3,123,2154434,100,1,3,0.9,26.2526,2251.26,136.951,144.254,1955.09,78981283,73.3198
hypergirgs,gluten,3,123,4641588,100,1,3,0.9,27.7877,5082.38,371.555,213.683,4482.92,175456789,75.6021
hypergirgs,gluten,3,123,10000000,100,1,3,0.9,29.3227,11254.7,726.061,440.787,10058.5,387090183,77.418
hypergirgs,gluten,3,123,21544346,100,1,3,0.9,30.8578,25049.3,1551.79,799.965,22600.5,854788030,79.3515
hypergirgs,gluten,3,123,46415888,100,1,3,0.9,32.3928,55777.5,3377.43,1853.09,50399.9,1881184119,81.0578
hypergirgs,gluten,3,123,21544,1000,1,3,0.9,12.4371,139.906,1.87888,28.4027,109.61,4550626,422.449
hypergirgs,gluten,3,123,46415,1000,1,3,0.9,13.9721,224.58,4.05712,6.66214,213.844,10881267,468.869
hypergirgs,gluten,3,123,100000,1000,1,3,0.9,15.5072,545.831,8.30163,21.4038,516.102,26076454,521.529
hypergirgs,gluten,3,123,215443,1000,1,3,0.9,17.0423,1244.1,17.4484,31.4333,1195.18,60268349,559.483
hypergirgs,gluten,3,123,464158,1000,1,3,0.9,18.5773,3010.54,67.7411,78.4378,2864.02,137971475,594.502
hypergirgs,gluten,3,123,1000000,1000,1,3,0.9,20.1124,6686.21,80.5458,90.5825,6512.63,311129659,622.259
hypergirgs,gluten,3,123,2154434,1000,1,3,0.9,21.6474,15626.3,149.637,146.631,15320.8,705754697,655.165
hypergirgs,gluten,3,123,4641588,1000,1,3,0.9,23.1825,36724.1,341.024,221.512,36147.6,1589751714,685.003
hypergirgs,gluten,3,123,10000000,1000,1,3,0.9,24.7176,83836.6,728.566,407.35,82672.1,3549206982,709.841
