[CSV]host,iter,algo,n,avgDeg,alpha,T,TimeTotal,GenNumEdge,GenAvgDeg
[CSV]gluten,0,HyperGen,10000,10,0.6,0.0,33.5386,47573,9.5146
[CSV]gluten,0,HyperGen,10000,10,0.6,0.0,26.1245,55932,11.1864
[CSV]gluten,0,HyperGen,21544,10,0.6,0.0,27.7144,115879,10.7574
[CSV]gluten,0,HyperGen,46415,10,0.6,0.0,29.103,254205,10.9536
[CSV]gluten,0,HyperGen,100000,10,0.6,0.0,39.8934,582699,11.654
[CSV]gluten,0,HyperGen,215443,10,0.6,0.0,37.4494,1215353,11.2824
[CSV]gluten,0,HyperGen,464158,10,0.6,0.0,77.9059,2377784,10.2456
[CSV]gluten,0,HyperGen,1000000,10,0.6,0.0,187.519,5584915,11.1698
[CSV]gluten,0,HyperGen,2154434,10,0.6,0.0,397.672,10979923,10.1929
[CSV]gluten,0,HyperGen,4641588,10,0.6,0.0,784.475,24773026,10.6744
[CSV]gluten,0,HyperGen,10000000,10,0.6,0.0,1436.26,53240096,10.648
[CSV]gluten,0,HyperGen,21544346,10,0.6,0.0,3056.73,105423380,9.78664
[CSV]gluten,0,HyperGen,46415888,10,0.6,0.0,6423.1,225945388,9.73569
[CSV]gluten,0,HyperGen,100000000,10,0.6,0.0,14048.3,477750624,9.55501
[CSV]gluten,0,HyperGen,10000,100,0.6,0.0,14.3044,509945,101.989
[CSV]gluten,0,HyperGen,10000,100,0.6,0.0,8.2195,524818,104.964
[CSV]gluten,0,HyperGen,21544,100,0.6,0.0,13.1876,1083351,100.571
[CSV]gluten,0,HyperGen,46415,100,0.6,0.0,22.8373,2332662,100.513
[CSV]gluten,0,HyperGen,100000,100,0.6,0.0,39.0224,5229731,104.595
[CSV]gluten,0,HyperGen,215443,100,0.6,0.0,63.1099,11421805,106.031
[CSV]gluten,0,HyperGen,464158,100,0.6,0.0,123.02,24293455,104.678
[CSV]gluten,0,HyperGen,1000000,100,0.6,0.0,263.211,51178184,102.356
[CSV]gluten,0,HyperGen,2154434,100,0.6,0.0,511.573,110188649,102.29
[CSV]gluten,0,HyperGen,4641588,100,0.6,0.0,1047.82,242330382,104.417
[CSV]gluten,0,HyperGen,10000000,100,0.6,0.0,2241,517998045,103.6
[CSV]gluten,0,HyperGen,21544346,100,0.6,0.0,4825.04,1099802403,102.097
[CSV]gluten,0,HyperGen,46415888,100,0.6,0.0,10470,2363644393,101.846
[CSV]gluten,0,HyperGen,100000000,100,0.6,0.0,20909.9,4980693548,99.6139
[CSV]gluten,0,HyperGen,21544,1000,0.6,0.0,63.3447,9737767,903.989
[CSV]gluten,0,HyperGen,46415,1000,0.6,0.0,65.5372,21838735,941.021
[CSV]gluten,0,HyperGen,100000,1000,0.6,0.0,71.8297,50783577,1015.67
[CSV]gluten,0,HyperGen,215443,1000,0.6,0.0,152.637,111222922,1032.5
[CSV]gluten,0,HyperGen,464158,1000,0.6,0.0,306.226,241631149,1041.16
[CSV]gluten,0,HyperGen,1000000,1000,0.6,0.0,700.575,521938135,1043.88
[CSV]gluten,0,HyperGen,2154434,1000,0.6,0.0,1423.04,1126430799,1045.69
[CSV]gluten,0,HyperGen,4641588,1000,0.6,0.0,2765.76,2404786068,1036.19
[CSV]gluten,0,HyperGen,10000000,1000,0.6,0.0,6009.98,5233522982,1046.7
[CSV]gluten,0,HyperGen,21544346,1000,0.6,0.0,12563.7,11199521095,1039.67
[CSV]gluten,0,HyperGen,46415888,1000,0.6,0.0,26340,24093883179,1038.17
[CSV]gluten,0,HyperGen,100000000,1000,0.6,0.0,56825.7,51927658694,1038.55
[CSV]gluten,0,HyperGen,10000,10,1,0.0,23.6131,50528,10.1056
[CSV]gluten,0,HyperGen,10000,10,1,0.0,20.0007,53645,10.729
[CSV]gluten,0,HyperGen,21544,10,1,0.0,20.9683,110399,10.2487
[CSV]gluten,0,HyperGen,46415,10,1,0.0,11.2823,239490,10.3195
[CSV]gluten,0,HyperGen,100000,10,1,0.0,22.9235,510961,10.2192
[CSV]gluten,0,HyperGen,215443,10,1,0.0,38.2966,1071403,9.94605
[CSV]gluten,0,HyperGen,464158,10,1,0.0,83.0728,2324975,10.018
[CSV]gluten,0,HyperGen,1000000,10,1,0.0,134.755,5012234,10.0245
[CSV]gluten,0,HyperGen,2154434,10,1,0.0,319.08,10829198,10.0529
[CSV]gluten,0,HyperGen,4641588,10,1,0.0,662.379,23227516,10.0084
[CSV]gluten,0,HyperGen,10000000,10,1,0.0,1432.97,49927230,9.98545
[CSV]gluten,0,HyperGen,21544346,10,1,0.0,3064.06,106934037,9.92688
[CSV]gluten,0,HyperGen,46415888,10,1,0.0,5890.47,224312319,9.66532
[CSV]gluten,0,HyperGen,100000000,10,1,0.0,12529.6,458245440,9.16491
[CSV]gluten,0,HyperGen,10000,100,1,0.0,19.491,524246,104.849
[CSV]gluten,0,HyperGen,10000,100,1,0.0,18.7736,502220,100.444
[CSV]gluten,0,HyperGen,21544,100,1,0.0,23.2328,1106525,102.722
[CSV]gluten,0,HyperGen,46415,100,1,0.0,31.7313,2401529,103.481
[CSV]gluten,0,HyperGen,100000,100,1,0.0,40.994,5206087,104.122
[CSV]gluten,0,HyperGen,215443,100,1,0.0,61.4577,11088337,102.935
[CSV]gluten,0,HyperGen,464158,100,1,0.0,117.73,23557082,101.505
[CSV]gluten,0,HyperGen,1000000,100,1,0.0,230.277,50445444,100.891
[CSV]gluten,0,HyperGen,2154434,100,1,0.0,462.179,108136640,100.385
[CSV]gluten,0,HyperGen,4641588,100,1,0.0,930.497,233709553,100.702
[CSV]gluten,0,HyperGen,10000000,100,1,0.0,1970.38,501473280,100.295
[CSV]gluten,0,HyperGen,21544346,100,1,0.0,4413.2,1079929163,100.252
[CSV]gluten,0,HyperGen,46415888,100,1,0.0,9415.54,2322110532,100.057
[CSV]gluten,0,HyperGen,100000000,100,1,0.0,19999.9,4996609389,99.9322
[CSV]gluten,0,HyperGen,21544,1000,1,0.0,50.9252,10921812,1013.91
[CSV]gluten,0,HyperGen,46415,1000,1,0.0,69.5566,23887459,1029.3
[CSV]gluten,0,HyperGen,100000,1000,1,0.0,79.473,53099881,1062
[CSV]gluten,0,HyperGen,215443,1000,1,0.0,144.676,112680355,1046.03
[CSV]gluten,0,HyperGen,464158,1000,1,0.0,293.117,239470907,1031.85
[CSV]gluten,0,HyperGen,1000000,1000,1,0.0,593.265,517176208,1034.35
[CSV]gluten,0,HyperGen,2154434,1000,1,0.0,1203.77,1101734903,1022.76
[CSV]gluten,0,HyperGen,4641588,1000,1,0.0,2554.47,2350796076,1012.93
[CSV]gluten,0,HyperGen,10000000,1000,1,0.0,5407.73,5042963591,1008.59
[CSV]gluten,0,HyperGen,21544346,1000,1,0.0,11595.8,10852780111,1007.48
[CSV]gluten,0,HyperGen,46415888,1000,1,0.0,24742.4,23338103129,1005.61
[CSV]gluten,0,HyperGen,100000000,1000,1,0.0,53479.6,50162221600,1003.24
[CSV]gluten,1,HyperGen,10000,10,0.6,0.0,31.5264,51208,10.2416
[CSV]gluten,1,HyperGen,10000,10,0.6,0.0,20.6988,44462,8.8924
[CSV]gluten,1,HyperGen,21544,10,0.6,0.0,8.54193,108673,10.0885
[CSV]gluten,1,HyperGen,46415,10,0.6,0.0,13.9075,224245,9.66261
[CSV]gluten,1,HyperGen,100000,10,0.6,0.0,24.0052,534337,10.6867
[CSV]gluten,1,HyperGen,215443,10,0.6,0.0,43.2858,1137811,10.5625
[CSV]gluten,1,HyperGen,464158,10,0.6,0.0,96.847,2349345,10.123
[CSV]gluten,1,HyperGen,1000000,10,0.6,0.0,173.944,5020016,10.04
[CSV]gluten,1,HyperGen,2154434,10,0.6,0.0,355.285,10574593,9.81659
[CSV]gluten,1,HyperGen,4641588,10,0.6,0.0,744.203,24655409,10.6237
[CSV]gluten,1,HyperGen,10000000,10,0.6,0.0,1494.39,49678621,9.93572
[CSV]gluten,1,HyperGen,21544346,10,0.6,0.0,3111.81,111396128,10.3411
[CSV]gluten,1,HyperGen,46415888,10,0.6,0.0,6532.43,227612311,9.80752
[CSV]gluten,1,HyperGen,100000000,10,0.6,0.0,13889.5,472234890,9.4447
[CSV]gluten,1,HyperGen,10000,100,0.6,0.0,16.6776,501635,100.327
[CSV]gluten,1,HyperGen,10000,100,0.6,0.0,11.9247,503098,100.62
[CSV]gluten,1,HyperGen,21544,100,0.6,0.0,17.7442,1094502,101.606
[CSV]gluten,1,HyperGen,46415,100,0.6,0.0,21.1577,2400667,103.444
[CSV]gluten,1,HyperGen,100000,100,0.6,0.0,36.7802,5201112,104.022
[CSV]gluten,1,HyperGen,215443,100,0.6,0.0,73.1558,10436983,96.8886
[CSV]gluten,1,HyperGen,464158,100,0.6,0.0,123.256,23978621,103.321
[CSV]gluten,1,HyperGen,1000000,100,0.6,0.0,259.308,52263622,104.527
[CSV]gluten,1,HyperGen,2154434,100,0.6,0.0,499.241,112203390,104.16
[CSV]gluten,1,HyperGen,4641588,100,0.6,0.0,1070.13,241649351,104.124
[CSV]gluten,1,HyperGen,10000000,100,0.6,0.0,2224.51,515290731,103.058
[CSV]gluten,1,HyperGen,21544346,100,0.6,0.0,4828.14,1090111698,101.197
[CSV]gluten,1,HyperGen,46415888,100,0.6,0.0,10663,2342432370,100.932
[CSV]gluten,1,HyperGen,100000000,100,0.6,0.0,21035.3,5041821652,100.836
[CSV]gluten,1,HyperGen,21544,1000,0.6,0.0,70.1517,9722209,902.544
[CSV]gluten,1,HyperGen,46415,1000,0.6,0.0,71.8001,22463533,967.943
[CSV]gluten,1,HyperGen,100000,1000,0.6,0.0,94.1303,51183553,1023.67
[CSV]gluten,1,HyperGen,215443,1000,0.6,0.0,157.446,110336886,1024.28
[CSV]gluten,1,HyperGen,464158,1000,0.6,0.0,316.749,243561314,1049.48
[CSV]gluten,1,HyperGen,1000000,1000,0.6,0.0,595.22,505355158,1010.71
[CSV]gluten,1,HyperGen,2154434,1000,0.6,0.0,1257.62,1103912067,1024.78
[CSV]gluten,1,HyperGen,4641588,1000,0.6,0.0,2805.15,2436430549,1049.83
[CSV]gluten,1,HyperGen,10000000,1000,0.6,0.0,5868.5,5146595786,1029.32
[CSV]gluten,1,HyperGen,21544346,1000,0.6,0.0,12066.2,11190639035,1038.85
[CSV]gluten,1,HyperGen,46415888,1000,0.6,0.0,25863.8,23948674234,1031.92
[CSV]gluten,1,HyperGen,100000000,1000,0.6,0.0,56510.8,51609922857,1032.2
[CSV]gluten,1,HyperGen,10000,10,1,0.0,23.5118,49268,9.8536
[CSV]gluten,1,HyperGen,10000,10,1,0.0,18.8354,54708,10.9416
[CSV]gluten,1,HyperGen,21544,10,1,0.0,15.7071,117729,10.9292
[CSV]gluten,1,HyperGen,46415,10,1,0.0,11.1134,234915,10.1224
[CSV]gluten,1,HyperGen,100000,10,1,0.0,20.3109,494909,9.89818
[CSV]gluten,1,HyperGen,215443,10,1,0.0,38.9199,1096299,10.1772
[CSV]gluten,1,HyperGen,464158,10,1,0.0,66.8217,2320818,10.0001
[CSV]gluten,1,HyperGen,1000000,10,1,0.0,145.079,5028065,10.0561
[CSV]gluten,1,HyperGen,2154434,10,1,0.0,339.164,10780216,10.0075
[CSV]gluten,1,HyperGen,4641588,10,1,0.0,740.784,23220037,10.0052
[CSV]gluten,1,HyperGen,10000000,10,1,0.0,1336.35,49999132,9.99983
[CSV]gluten,1,HyperGen,21544346,10,1,0.0,3004.38,106916576,9.92526
[CSV]gluten,1,HyperGen,46415888,10,1,0.0,6266.92,224610492,9.67817
[CSV]gluten,1,HyperGen,100000000,10,1,0.0,12706.6,458707543,9.17415
[CSV]gluten,1,HyperGen,10000,100,1,0.0,23.4419,539463,107.893
[CSV]gluten,1,HyperGen,10000,100,1,0.0,7.40876,521768,104.354
[CSV]gluten,1,HyperGen,21544,100,1,0.0,11.8048,1101508,102.257
[CSV]gluten,1,HyperGen,46415,100,1,0.0,19.302,2418168,104.198
[CSV]gluten,1,HyperGen,100000,100,1,0.0,32.2791,5143069,102.861
[CSV]gluten,1,HyperGen,215443,100,1,0.0,56.8407,10996214,102.08
[CSV]gluten,1,HyperGen,464158,100,1,0.0,101.315,23654031,101.922
[CSV]gluten,1,HyperGen,1000000,100,1,0.0,213.309,50832380,101.665
[CSV]gluten,1,HyperGen,2154434,100,1,0.0,448.778,108662478,100.873
[CSV]gluten,1,HyperGen,4641588,100,1,0.0,915.45,233697558,100.697
[CSV]gluten,1,HyperGen,10000000,100,1,0.0,1916.83,501968635,100.394
[CSV]gluten,1,HyperGen,21544346,100,1,0.0,4364.52,1079150474,100.179
[CSV]gluten,1,HyperGen,46415888,100,1,0.0,9495.96,2324712210,100.169
[CSV]gluten,1,HyperGen,100000000,100,1,0.0,19987.6,4998048137,99.961
[CSV]gluten,1,HyperGen,21544,1000,1,0.0,38.0622,10767995,999.628
[CSV]gluten,1,HyperGen,46415,1000,1,0.0,56.3271,23402025,1008.38
[CSV]gluten,1,HyperGen,100000,1000,1,0.0,82.8791,52148352,1042.97
[CSV]gluten,1,HyperGen,215443,1000,1,0.0,145.077,113614180,1054.7
[CSV]gluten,1,HyperGen,464158,1000,1,0.0,297.666,240256174,1035.23
[CSV]gluten,1,HyperGen,1000000,1000,1,0.0,584.649,514924817,1029.85
[CSV]gluten,1,HyperGen,2154434,1000,1,0.0,1207.24,1098797533,1020.03
[CSV]gluten,1,HyperGen,4641588,1000,1,0.0,2558.31,2355640741,1015.02
[CSV]gluten,1,HyperGen,10000000,1000,1,0.0,5440.32,5056300386,1011.26
[CSV]gluten,1,HyperGen,21544346,1000,1,0.0,11594.3,10850224323,1007.25
[CSV]gluten,1,HyperGen,46415888,1000,1,0.0,24900.9,23306025216,1004.23
[CSV]gluten,1,HyperGen,100000000,1000,1,0.0,53814.8,50188406178,1003.77
[CSV]gluten,2,HyperGen,10000,10,0.6,0.0,35.2647,51147,10.2294
[CSV]gluten,2,HyperGen,10000,10,0.6,0.0,25.204,47161,9.4322
[CSV]gluten,2,HyperGen,21544,10,0.6,0.0,22.628,147542,13.6968
[CSV]gluten,2,HyperGen,46415,10,0.6,0.0,36.1538,219536,9.4597
[CSV]gluten,2,HyperGen,100000,10,0.6,0.0,37.6201,519908,10.3982
[CSV]gluten,2,HyperGen,215443,10,0.6,0.0,55.7463,1118579,10.384
[CSV]gluten,2,HyperGen,464158,10,0.6,0.0,78.1996,2322935,10.0092
[CSV]gluten,2,HyperGen,1000000,10,0.6,0.0,170.767,5014667,10.0293
[CSV]gluten,2,HyperGen,2154434,10,0.6,0.0,346.341,10756986,9.9859
[CSV]gluten,2,HyperGen,4641588,10,0.6,0.0,733.213,24686449,10.6371
[CSV]gluten,2,HyperGen,10000000,10,0.6,0.0,1477.16,50146485,10.0293
[CSV]gluten,2,HyperGen,21544346,10,0.6,0.0,3074.04,109288244,10.1454
[CSV]gluten,2,HyperGen,46415888,10,0.6,0.0,7326.5,223136125,9.61464
[CSV]gluten,2,HyperGen,100000000,10,0.6,0.0,14157,475998800,9.51998
[CSV]gluten,2,HyperGen,10000,100,0.6,0.0,8.17037,513578,102.716
[CSV]gluten,2,HyperGen,10000,100,0.6,0.0,9.44379,549033,109.807
[CSV]gluten,2,HyperGen,21544,100,0.6,0.0,13.9898,1148730,106.64
[CSV]gluten,2,HyperGen,46415,100,0.6,0.0,23.0856,2385375,102.785
[CSV]gluten,2,HyperGen,100000,100,0.6,0.0,38.4128,5111934,102.239
[CSV]gluten,2,HyperGen,215443,100,0.6,0.0,79.485,11703307,108.644
[CSV]gluten,2,HyperGen,464158,100,0.6,0.0,120.821,24197532,104.264
[CSV]gluten,2,HyperGen,1000000,100,0.6,0.0,260.74,52939234,105.878
[CSV]gluten,2,HyperGen,2154434,100,0.6,0.0,501.568,112214079,104.17
[CSV]gluten,2,HyperGen,4641588,100,0.6,0.0,1053.75,245450026,105.761
[CSV]gluten,2,HyperGen,10000000,100,0.6,0.0,2216.29,507337214,101.467
[CSV]gluten,2,HyperGen,21544346,100,0.6,0.0,4808.26,1117440900,103.734
[CSV]gluten,2,HyperGen,46415888,100,0.6,0.0,10544.6,2415004283,104.059
[CSV]gluten,2,HyperGen,100000000,100,0.6,0.0,20826.2,5048715820,100.974
[CSV]gluten,2,HyperGen,21544,1000,0.6,0.0,60.8242,9974977,926.01
[CSV]gluten,2,HyperGen,46415,1000,0.6,0.0,64.1879,22401327,965.262
[CSV]gluten,2,HyperGen,100000,1000,0.6,0.0,94.3179,50779002,1015.58
[CSV]gluten,2,HyperGen,215443,1000,0.6,0.0,160.42,110452876,1025.36
[CSV]gluten,2,HyperGen,464158,1000,0.6,0.0,297.678,244183878,1052.16
[CSV]gluten,2,HyperGen,1000000,1000,0.6,0.0,605.236,517617621,1035.24
[CSV]gluten,2,HyperGen,2154434,1000,0.6,0.0,1284.04,1110736507,1031.12
[CSV]gluten,2,HyperGen,4641588,1000,0.6,0.0,2712.16,2386131120,1028.15
[CSV]gluten,2,HyperGen,10000000,1000,0.6,0.0,5977.18,5227064966,1045.41
[CSV]gluten,2,HyperGen,21544346,1000,0.6,0.0,12042,11094619196,1029.93
[CSV]gluten,2,HyperGen,46415888,1000,0.6,0.0,26088,23911597652,1030.32
[CSV]gluten,2,HyperGen,100000000,1000,0.6,0.0,56955.8,51704322618,1034.09
[CSV]gluten,2,HyperGen,10000,10,1,0.0,32.1985,53951,10.7902
[CSV]gluten,2,HyperGen,10000,10,1,0.0,27.2422,50622,10.1244
[CSV]gluten,2,HyperGen,21544,10,1,0.0,9.16485,111891,10.3872
[CSV]gluten,2,HyperGen,46415,10,1,0.0,34.0619,235326,10.1401
[CSV]gluten,2,HyperGen,100000,10,1,0.0,20.1949,510429,10.2086
[CSV]gluten,2,HyperGen,215443,10,1,0.0,37.3227,1099730,10.209
[CSV]gluten,2,HyperGen,464158,10,1,0.0,87.5958,2339177,10.0792
[CSV]gluten,2,HyperGen,1000000,10,1,0.0,145.312,4983017,9.96603
[CSV]gluten,2,HyperGen,2154434,10,1,0.0,331.596,10810474,10.0356
[CSV]gluten,2,HyperGen,4641588,10,1,0.0,743.184,23231915,10.0103
[CSV]gluten,2,HyperGen,10000000,10,1,0.0,1365.17,49875207,9.97504
[CSV]gluten,2,HyperGen,21544346,10,1,0.0,2880.58,106990843,9.93215
[CSV]gluten,2,HyperGen,46415888,10,1,0.0,6362.02,224418225,9.66989
[CSV]gluten,2,HyperGen,100000000,10,1,0.0,12505.2,458552741,9.17105
[CSV]gluten,2,HyperGen,10000,100,1,0.0,8.92152,534724,106.945
[CSV]gluten,2,HyperGen,10000,100,1,0.0,8.19625,517723,103.545
[CSV]gluten,2,HyperGen,21544,100,1,0.0,12.6662,1119355,103.913
[CSV]gluten,2,HyperGen,46415,100,1,0.0,22.6702,2403038,103.546
[CSV]gluten,2,HyperGen,100000,100,1,0.0,35.6601,5281962,105.639
[CSV]gluten,2,HyperGen,215443,100,1,0.0,54.9387,11058230,102.656
[CSV]gluten,2,HyperGen,464158,100,1,0.0,102.182,23598629,101.684
[CSV]gluten,2,HyperGen,1000000,100,1,0.0,209.949,50526806,101.054
[CSV]gluten,2,HyperGen,2154434,100,1,0.0,448.271,108894167,101.088
[CSV]gluten,2,HyperGen,4641588,100,1,0.0,893.657,233844101,100.76
[CSV]gluten,2,HyperGen,10000000,100,1,0.0,1909.65,502351863,100.47
[CSV]gluten,2,HyperGen,21544346,100,1,0.0,4437.21,1077621263,100.038
[CSV]gluten,2,HyperGen,46415888,100,1,0.0,9342.18,2325205609,100.19
[CSV]gluten,2,HyperGen,100000000,100,1,0.0,19886.7,4996037175,99.9207
[CSV]gluten,2,HyperGen,21544,1000,1,0.0,49.6008,10604699,984.469
[CSV]gluten,2,HyperGen,46415,1000,1,0.0,65.2112,23790382,1025.12
[CSV]gluten,2,HyperGen,100000,1000,1,0.0,78.4004,52333159,1046.66
[CSV]gluten,2,HyperGen,215443,1000,1,0.0,156.937,111610756,1036.1
[CSV]gluten,2,HyperGen,464158,1000,1,0.0,295.817,241311410,1039.78
[CSV]gluten,2,HyperGen,1000000,1000,1,0.0,585.172,518043787,1036.09
[CSV]gluten,2,HyperGen,2154434,1000,1,0.0,1227.16,1096875335,1018.25
[CSV]gluten,2,HyperGen,4641588,1000,1,0.0,2561.99,2363292043,1018.31
[CSV]gluten,2,HyperGen,10000000,1000,1,0.0,5431.95,5045770911,1009.15
[CSV]gluten,2,HyperGen,21544346,1000,1,0.0,11602.4,10869491303,1009.03
[CSV]gluten,2,HyperGen,46415888,1000,1,0.0,24746.2,23315170929,1004.62
[CSV]gluten,2,HyperGen,100000000,1000,1,0.0,53051.7,50192594061,1003.85
[CSV]gluten,3,HyperGen,10000,10,0.6,0.0,16.2844,43880,8.776
[CSV]gluten,3,HyperGen,10000,10,0.6,0.0,6.9149,43761,8.7522
[CSV]gluten,3,HyperGen,21544,10,0.6,0.0,9.50248,115193,10.6937
[CSV]gluten,3,HyperGen,46415,10,0.6,0.0,17.971,246144,10.6062
[CSV]gluten,3,HyperGen,100000,10,0.6,0.0,26.3807,551556,11.0311
[CSV]gluten,3,HyperGen,215443,10,0.6,0.0,44.2123,1081342,10.0383
[CSV]gluten,3,HyperGen,464158,10,0.6,0.0,85.0029,2413127,10.3979
[CSV]gluten,3,HyperGen,1000000,10,0.6,0.0,174.56,5153925,10.3079
[CSV]gluten,3,HyperGen,2154434,10,0.6,0.0,360.456,11599827,10.7683
[CSV]gluten,3,HyperGen,4641588,10,0.6,0.0,771.802,22965349,9.89547
[CSV]gluten,3,HyperGen,10000000,10,0.6,0.0,1467.75,49367700,9.87354
[CSV]gluten,3,HyperGen,21544346,10,0.6,0.0,3077.06,106643274,9.89989
[CSV]gluten,3,HyperGen,46415888,10,0.6,0.0,6536.66,224261518,9.66314
[CSV]gluten,3,HyperGen,100000000,10,0.6,0.0,14065.9,509712557,10.1943
[CSV]gluten,3,HyperGen,10000,100,0.6,0.0,37.6796,525305,105.061
[CSV]gluten,3,HyperGen,10000,100,0.6,0.0,29.0184,523013,104.603
[CSV]gluten,3,HyperGen,21544,100,0.6,0.0,23.307,1055516,97.987
[CSV]gluten,3,HyperGen,46415,100,0.6,0.0,36.4471,2444182,105.319
[CSV]gluten,3,HyperGen,100000,100,0.6,0.0,48.6449,5300142,106.003
[CSV]gluten,3,HyperGen,215443,100,0.6,0.0,64.6621,10928178,101.448
[CSV]gluten,3,HyperGen,464158,100,0.6,0.0,128.424,23593039,101.66
[CSV]gluten,3,HyperGen,1000000,100,0.6,0.0,257.406,51683796,103.368
[CSV]gluten,3,HyperGen,2154434,100,0.6,0.0,492.976,111291780,103.314
[CSV]gluten,3,HyperGen,4641588,100,0.6,0.0,1036.39,236122945,101.742
[CSV]gluten,3,HyperGen,10000000,100,0.6,0.0,2244.08,514395922,102.879
[CSV]gluten,3,HyperGen,21544346,100,0.6,0.0,4823.6,1115932364,103.594
[CSV]gluten,3,HyperGen,46415888,100,0.6,0.0,10531.9,2444206126,105.318
[CSV]gluten,3,HyperGen,100000000,100,0.6,0.0,21025.9,4927807947,98.5562
[CSV]gluten,3,HyperGen,21544,1000,0.6,0.0,64.0728,9945729,923.295
[CSV]gluten,3,HyperGen,46415,1000,0.6,0.0,56.2476,22080255,951.428
[CSV]gluten,3,HyperGen,100000,1000,0.6,0.0,78.6014,50897453,1017.95
[CSV]gluten,3,HyperGen,215443,1000,0.6,0.0,166.57,109957105,1020.75
[CSV]gluten,3,HyperGen,464158,1000,0.6,0.0,313.681,233795427,1007.4
[CSV]gluten,3,HyperGen,1000000,1000,0.6,0.0,702.62,522111636,1044.22
[CSV]gluten,3,HyperGen,2154434,1000,0.6,0.0,1371.78,1104889169,1025.69
[CSV]gluten,3,HyperGen,4641588,1000,0.6,0.0,2812.15,2443730606,1052.97
[CSV]gluten,3,HyperGen,10000000,1000,0.6,0.0,5922.86,5202648282,1040.53
[CSV]gluten,3,HyperGen,21544346,1000,0.6,0.0,12152.4,11170706100,1037
[CSV]gluten,3,HyperGen,46415888,1000,0.6,0.0,26581.2,24329484664,1048.33
[CSV]gluten,3,HyperGen,100000000,1000,0.6,0.0,56939.6,51715016184,1034.3
[CSV]gluten,3,HyperGen,10000,10,1,0.0,32.5258,53044,10.6088
[CSV]gluten,3,HyperGen,10000,10,1,0.0,8.85767,52444,10.4888
[CSV]gluten,3,HyperGen,21544,10,1,0.0,11.4366,116582,10.8227
[CSV]gluten,3,HyperGen,46415,10,1,0.0,15.9259,234997,10.1259
[CSV]gluten,3,HyperGen,100000,10,1,0.0,45.6386,504170,10.0834
[CSV]gluten,3,HyperGen,215443,10,1,0.0,47.5779,1086094,10.0824
[CSV]gluten,3,HyperGen,464158,10,1,0.0,75.9844,2365528,10.1928
[CSV]gluten,3,HyperGen,1000000,10,1,0.0,141.652,5008311,10.0166
[CSV]gluten,3,HyperGen,2154434,10,1,0.0,335.453,10764200,9.9926
[CSV]gluten,3,HyperGen,4641588,10,1,0.0,708.832,23215538,10.0033
[CSV]gluten,3,HyperGen,10000000,10,1,0.0,1484.82,49915417,9.98308
[CSV]gluten,3,HyperGen,21544346,10,1,0.0,2980.6,106817030,9.91602
[CSV]gluten,3,HyperGen,46415888,10,1,0.0,6152.56,224503317,9.67355
[CSV]gluten,3,HyperGen,100000000,10,1,0.0,13087.4,459218833,9.18438
[CSV]gluten,3,HyperGen,10000,100,1,0.0,10.7745,532454,106.491
[CSV]gluten,3,HyperGen,10000,100,1,0.0,12.4074,534390,106.878
[CSV]gluten,3,HyperGen,21544,100,1,0.0,31.5347,1102765,102.373
[CSV]gluten,3,HyperGen,46415,100,1,0.0,25.3836,2382952,102.68
[CSV]gluten,3,HyperGen,100000,100,1,0.0,29.8281,5157542,103.151
[CSV]gluten,3,HyperGen,215443,100,1,0.0,54.0492,11186016,103.842
[CSV]gluten,3,HyperGen,464158,100,1,0.0,111.949,23514409,101.321
[CSV]gluten,3,HyperGen,1000000,100,1,0.0,225.532,50469599,100.939
[CSV]gluten,3,HyperGen,2154434,100,1,0.0,478.207,108363981,100.596
[CSV]gluten,3,HyperGen,4641588,100,1,0.0,927.809,233678556,100.689
[CSV]gluten,3,HyperGen,10000000,100,1,0.0,1885.51,502149194,100.43
[CSV]gluten,3,HyperGen,21544346,100,1,0.0,4474.28,1079362992,100.199
[CSV]gluten,3,HyperGen,46415888,100,1,0.0,9165.94,2322055546,100.054
[CSV]gluten,3,HyperGen,100000000,100,1,0.0,19526.3,4996875870,99.9375
[CSV]gluten,3,HyperGen,21544,1000,1,0.0,66.4242,10673665,990.871
[CSV]gluten,3,HyperGen,46415,1000,1,0.0,73.6586,23997465,1034.04
[CSV]gluten,3,HyperGen,100000,1000,1,0.0,82.4859,53035242,1060.7
[CSV]gluten,3,HyperGen,215443,1000,1,0.0,147.485,113438642,1053.07
[CSV]gluten,3,HyperGen,464158,1000,1,0.0,294.554,240394233,1035.83
[CSV]gluten,3,HyperGen,1000000,1000,1,0.0,609.946,515761525,1031.52
[CSV]gluten,3,HyperGen,2154434,1000,1,0.0,1234.48,1098848728,1020.08
[CSV]gluten,3,HyperGen,4641588,1000,1,0.0,2573.27,2358782900,1016.37
[CSV]gluten,3,HyperGen,10000000,1000,1,0.0,5424.26,5067388277,1013.48
[CSV]gluten,3,HyperGen,21544346,1000,1,0.0,11651.2,10860797863,1008.23
[CSV]gluten,3,HyperGen,46415888,1000,1,0.0,24919.6,23309680080,1004.38
[CSV]gluten,3,HyperGen,100000000,1000,1,0.0,52924.1,50182521559,1003.65
[CSV]gluten,4,HyperGen,10000,10,0.6,0.0,30.6631,48965,9.793
[CSV]gluten,4,HyperGen,10000,10,0.6,0.0,19.0133,53561,10.7122
[CSV]gluten,4,HyperGen,21544,10,0.6,0.0,25.8659,119407,11.0849
[CSV]gluten,4,HyperGen,46415,10,0.6,0.0,21.1757,230106,9.91516
[CSV]gluten,4,HyperGen,100000,10,0.6,0.0,27.1023,638865,12.7773
[CSV]gluten,4,HyperGen,215443,10,0.6,0.0,49.439,1232604,11.4425
[CSV]gluten,4,HyperGen,464158,10,0.6,0.0,85.0241,2527243,10.8896
[CSV]gluten,4,HyperGen,1000000,10,0.6,0.0,178.165,6474900,12.9498
[CSV]gluten,4,HyperGen,2154434,10,0.6,0.0,359.188,10685546,9.91959
[CSV]gluten,4,HyperGen,4641588,10,0.6,0.0,760.911,24821035,10.6951
[CSV]gluten,4,HyperGen,10000000,10,0.6,0.0,1471.9,54880550,10.9761
[CSV]gluten,4,HyperGen,21544346,10,0.6,0.0,3105.29,108478391,10.0702
[CSV]gluten,4,HyperGen,46415888,10,0.6,0.0,6627.6,240516238,10.3635
[CSV]gluten,4,HyperGen,100000000,10,0.6,0.0,14266.4,501859874,10.0372
[CSV]gluten,4,HyperGen,10000,100,0.6,0.0,9.46203,465327,93.0654
[CSV]gluten,4,HyperGen,10000,100,0.6,0.0,8.64111,486474,97.2948
[CSV]gluten,4,HyperGen,21544,100,0.6,0.0,13.0807,1042548,96.7831
[CSV]gluten,4,HyperGen,46415,100,0.6,0.0,23.8582,2493429,107.441
[CSV]gluten,4,HyperGen,100000,100,0.6,0.0,38.1721,5412260,108.245
[CSV]gluten,4,HyperGen,215443,100,0.6,0.0,63.8161,11434395,106.148
[CSV]gluten,4,HyperGen,464158,100,0.6,0.0,140.436,24340732,104.881
[CSV]gluten,4,HyperGen,1000000,100,0.6,0.0,262.531,53885706,107.771
[CSV]gluten,4,HyperGen,2154434,100,0.6,0.0,487.62,111399573,103.414
[CSV]gluten,4,HyperGen,4641588,100,0.6,0.0,1035.82,237016011,102.127
[CSV]gluten,4,HyperGen,10000000,100,0.6,0.0,2213.57,505036141,101.007
[CSV]gluten,4,HyperGen,21544346,100,0.6,0.0,4850.19,1105821878,102.655
[CSV]gluten,4,HyperGen,46415888,100,0.6,0.0,10544.2,2367705395,102.021
[CSV]gluten,4,HyperGen,100000000,100,0.6,0.0,20833.3,5035937065,100.719
[CSV]gluten,4,HyperGen,21544,1000,0.6,0.0,49.0493,9913934,920.343
[CSV]gluten,4,HyperGen,46415,1000,0.6,0.0,56.0418,22442359,967.03
[CSV]gluten,4,HyperGen,100000,1000,0.6,0.0,70.6614,49440762,988.815
[CSV]gluten,4,HyperGen,215443,1000,0.6,0.0,139.156,111302373,1033.24
[CSV]gluten,4,HyperGen,464158,1000,0.6,0.0,289.734,240276476,1035.32
[CSV]gluten,4,HyperGen,1000000,1000,0.6,0.0,598.129,524620718,1049.24
[CSV]gluten,4,HyperGen,2154434,1000,0.6,0.0,1275.43,1123934062,1043.37
[CSV]gluten,4,HyperGen,4641588,1000,0.6,0.0,2752.82,2418816786,1042.24
[CSV]gluten,4,HyperGen,10000000,1000,0.6,0.0,5952.17,5206802293,1041.36
[CSV]gluten,4,HyperGen,21544346,1000,0.6,0.0,12612.8,11227905925,1042.31
[CSV]gluten,4,HyperGen,46415888,1000,0.6,0.0,26344.8,24239975520,1044.47
[CSV]gluten,4,HyperGen,100000000,1000,0.6,0.0,56686.1,51859072149,1037.18
[CSV]gluten,4,HyperGen,10000,10,1,0.0,23.1234,51095,10.219
[CSV]gluten,4,HyperGen,10000,10,1,0.0,22.6873,53925,10.785
[CSV]gluten,4,HyperGen,21544,10,1,0.0,9.27889,111479,10.349
[CSV]gluten,4,HyperGen,46415,10,1,0.0,13.8703,238307,10.2685
[CSV]gluten,4,HyperGen,100000,10,1,0.0,38.9873,514179,10.2836
[CSV]gluten,4,HyperGen,215443,10,1,0.0,34.1993,1086154,10.083
[CSV]gluten,4,HyperGen,464158,10,1,0.0,68.7394,2322236,10.0062
[CSV]gluten,4,HyperGen,1000000,10,1,0.0,152.284,5031334,10.0627
[CSV]gluten,4,HyperGen,2154434,10,1,0.0,335.69,10773104,10.0009
[CSV]gluten,4,HyperGen,4641588,10,1,0.0,703.504,23231835,10.0103
[CSV]gluten,4,HyperGen,10000000,10,1,0.0,1418.14,49992957,9.99859
[CSV]gluten,4,HyperGen,21544346,10,1,0.0,3015.62,107047320,9.93739
[CSV]gluten,4,HyperGen,46415888,10,1,0.0,6133.64,224386289,9.66851
[CSV]gluten,4,HyperGen,100000000,10,1,0.0,12988.6,458592310,9.17185
[CSV]gluten,4,HyperGen,10000,100,1,0.0,33.5679,550900,110.18
[CSV]gluten,4,HyperGen,10000,100,1,0.0,15.1995,514526,102.905
[CSV]gluten,4,HyperGen,21544,100,1,0.0,13.6015,1144749,106.271
[CSV]gluten,4,HyperGen,46415,100,1,0.0,20.6452,2409787,103.837
[CSV]gluten,4,HyperGen,100000,100,1,0.0,32.2285,5042532,100.851
[CSV]gluten,4,HyperGen,215443,100,1,0.0,52.4902,10962278,101.765
[CSV]gluten,4,HyperGen,464158,100,1,0.0,109.471,23681606,102.041
[CSV]gluten,4,HyperGen,1000000,100,1,0.0,218.65,50433299,100.867
[CSV]gluten,4,HyperGen,2154434,100,1,0.0,462.991,108413819,100.643
[CSV]gluten,4,HyperGen,4641588,100,1,0.0,943.184,233070685,100.427
[CSV]gluten,4,HyperGen,10000000,100,1,0.0,1931.29,501002097,100.2
[CSV]gluten,4,HyperGen,21544346,100,1,0.0,4357.54,1079585820,100.22
[CSV]gluten,4,HyperGen,46415888,100,1,0.0,9520.97,2323928049,100.135
[CSV]gluten,4,HyperGen,100000000,100,1,0.0,20776,4993606761,99.8721
[CSV]gluten,4,HyperGen,21544,1000,1,0.0,69.2935,10830792,1005.46
[CSV]gluten,4,HyperGen,46415,1000,1,0.0,74.583,23342050,1005.8
[CSV]gluten,4,HyperGen,100000,1000,1,0.0,89.7908,52602358,1052.05
[CSV]gluten,4,HyperGen,215443,1000,1,0.0,148.805,112201746,1041.59
[CSV]gluten,4,HyperGen,464158,1000,1,0.0,294.796,239165588,1030.54
[CSV]gluten,4,HyperGen,1000000,1000,1,0.0,572.682,515746218,1031.49
[CSV]gluten,4,HyperGen,2154434,1000,1,0.0,1193.3,1098594049,1019.84
[CSV]gluten,4,HyperGen,4641588,1000,1,0.0,2550.18,2355397940,1014.91
[CSV]gluten,4,HyperGen,10000000,1000,1,0.0,5482.27,5046812877,1009.36
[CSV]gluten,4,HyperGen,21544346,1000,1,0.0,11576.3,10841950600,1006.48
[CSV]gluten,4,HyperGen,46415888,1000,1,0.0,24893.7,23352489394,1006.23
[CSV]gluten,4,HyperGen,100000000,1000,1,0.0,52817.2,50149839482,1003
