host,algo,iter,T,PLE,n,deg,time,edges,samplingTime,preprocessTime,totalTime
gluten,nkgen,0,0.0,2.2,2154,10,0,10711,40,27,72
gluten,nkgen,0,0.0,2.2,4641,10,0,21817,23,19,44
gluten,nkgen,0,0.0,2.2,10000,10,0,49214,2,0,6
gluten,nkgen,0,0.0,2.2,21544,10,0,94225,4,1,11
gluten,nkgen,0,0.0,2.2,46415,10,0,220610,9,2,22
gluten,nkgen,0,0.0,2.2,100000,10,0,462003,19,5,43
gluten,nkgen,0,0.0,2.2,215443,10,0,944831,41,19,123
gluten,nkgen,0,0.0,2.2,464158,10,0,2617155,97,36,251
gluten,nkgen,0,0.0,2.2,1000000,10,0,5344749,207,82,492
gluten,nkgen,0,0.0,2.2,2154434,10,0,10590397,457,121,1005
gluten,nkgen,0,0.0,2.2,4641588,10,0,23533599,987,289,2189
gluten,nkgen,0,0.0,2.2,10000000,10,0,51742733,2027,600,4606
gluten,nkgen,0,0.0,2.2,21544346,10,0,107288046,4220,1323,9283
gluten,nkgen,0,0.0,2.2,46415888,10,0,227730485,9046,2561,19875
gluten,nkgen,0,0.0,2.2,100000000,10,0,543048531,19827,5680,49548
gluten,nkgen,0,0.0,2.2,2154,100,0,97957,0,0,4
gluten,nkgen,0,0.0,2.2,4641,100,0,239877,1,0,10
gluten,nkgen,0,0.0,2.2,10000,100,0,523114,2,0,18
gluten,nkgen,0,0.0,2.2,21544,100,0,1045153,4,1,31
gluten,nkgen,0,0.0,2.2,46415,100,0,2251079,8,2,57
gluten,nkgen,0,0.0,2.2,100000,100,0,5031972,16,3,109
gluten,nkgen,0,0.0,2.2,215443,100,0,9990936,38,13,252
gluten,nkgen,0,0.0,2.2,464158,100,0,22127128,81,25,512
gluten,nkgen,0,0.0,2.2,1000000,100,0,52651092,182,69,1110
gluten,nkgen,0,0.0,2.2,2154434,100,0,104324102,421,119,2185
gluten,nkgen,0,0.0,2.2,4641588,100,0,232128013,988,257,4856
gluten,nkgen,0,0.0,2.2,10000000,100,0,507145879,2087,551,10145
gluten,nkgen,0,0.0,2.2,21544346,100,0,1043560143,4475,1229,20488
gluten,nkgen,0,0.0,2.2,46415888,100,0,2294920240,9940,2494,47588
gluten,nkgen,0,0.0,2.2,100000000,100,0,4837806662,21430,5597,98172
gluten,nkgen,0,0.0,2.2,4641,1000,0,2040976,0,0,45
gluten,nkgen,0,0.0,2.2,10000,1000,0,4588354,2,0,78
gluten,nkgen,0,0.0,2.2,21544,1000,0,10297784,4,0,147
gluten,nkgen,0,0.0,2.2,46415,1000,0,22069198,8,1,304
gluten,nkgen,0,0.0,2.2,100000,1000,0,47950515,16,3,637
gluten,nkgen,0,0.0,2.2,215443,1000,0,104859850,35,10,1415
gluten,nkgen,0,0.0,2.2,464158,1000,0,225454596,121,24,3090
gluten,nkgen,0,0.0,2.2,1000000,1000,0,490513865,181,55,6969
gluten,nkgen,0,0.0,2.2,2154434,1000,0,1079335263,480,146,14704
gluten,nkgen,0,0.0,2.2,4641588,1000,0,2316842127,989,276,31401
gluten,nkgen,0,0.0,2.2,10000000,1000,0,4991819452,2091,613,65017
gluten,nkgen,0,0.0,2.2,21544346,1000,0,10804325445,4483,1267,136713
gluten,nkgen,0,0.0,2.2,46415888,1000,0,22951948929,9769,2494,285856
gluten,nkgen,0,0.0,2.2,100000000,1000,0,49814379626,21527,5396,618501
gluten,nkgen,0,0.0,3.0,2154,10,0,11291,0,0,1
gluten,nkgen,0,0.0,3.0,4641,10,0,22318,1,0,3
gluten,nkgen,0,0.0,3.0,10000,10,0,48472,2,0,6
gluten,nkgen,0,0.0,3.0,21544,10,0,104981,4,1,12
gluten,nkgen,0,0.0,3.0,46415,10,0,229054,8,2,23
gluten,nkgen,0,0.0,3.0,100000,10,0,504472,16,5,45
gluten,nkgen,0,0.0,3.0,215443,10,0,1069130,34,14,106
gluten,nkgen,0,0.0,3.0,464158,10,0,2313234,73,21,196
gluten,nkgen,0,0.0,3.0,1000000,10,0,5045732,162,70,418
gluten,nkgen,0,0.0,3.0,2154434,10,0,10741411,380,115,874
gluten,nkgen,0,0.0,3.0,4641588,10,0,23249755,856,293,1994
gluten,nkgen,0,0.0,3.0,10000000,10,0,49889671,1811,624,4248
gluten,nkgen,0,0.0,3.0,21544346,10,0,107740606,3984,1440,8830
gluten,nkgen,0,0.0,3.0,46415888,10,0,232028975,8693,2745,18986
gluten,nkgen,0,0.0,3.0,100000000,10,0,500443351,19272,6544,42868
gluten,nkgen,0,0.0,3.0,2154,100,0,102262,0,0,3
gluten,nkgen,0,0.0,3.0,4641,100,0,235026,1,0,7
gluten,nkgen,0,0.0,3.0,10000,100,0,500801,2,0,15
gluten,nkgen,0,0.0,3.0,21544,100,0,1062653,4,1,29
gluten,nkgen,0,0.0,3.0,46415,100,0,2377666,8,2,59
gluten,nkgen,0,0.0,3.0,100000,100,0,4984222,16,4,102
gluten,nkgen,0,0.0,3.0,215443,100,0,10873694,36,14,259
gluten,nkgen,0,0.0,3.0,464158,100,0,23355795,82,27,538
gluten,nkgen,0,0.0,3.0,1000000,100,0,49856598,177,67,1067
gluten,nkgen,0,0.0,3.0,2154434,100,0,107513774,385,132,2239
gluten,nkgen,0,0.0,3.0,4641588,100,0,232013943,861,290,4428
gluten,nkgen,0,0.0,3.0,10000000,100,0,499956917,1841,677,9330
gluten,nkgen,0,0.0,3.0,21544346,100,0,1077461052,3985,1395,19243
gluten,nkgen,0,0.0,3.0,46415888,100,0,2321966032,8678,2651,40946
gluten,nkgen,0,0.0,3.0,100000000,100,0,4996064848,19250,6336,90041
gluten,nkgen,0,0.0,3.0,4641,1000,0,2221324,0,0,45
gluten,nkgen,0,0.0,3.0,10000,1000,0,4913722,2,0,80
gluten,nkgen,0,0.0,3.0,21544,1000,0,10496253,4,0,142
gluten,nkgen,0,0.0,3.0,46415,1000,0,23094256,7,1,309
gluten,nkgen,0,0.0,3.0,100000,1000,0,49916302,16,3,631
gluten,nkgen,0,0.0,3.0,215443,1000,0,108020374,35,13,1384
gluten,nkgen,0,0.0,3.0,464158,1000,0,233498495,78,26,3034
gluten,nkgen,0,0.0,3.0,1000000,1000,0,498539999,178,69,6438
gluten,nkgen,0,0.0,3.0,2154434,1000,0,1080334142,420,113,13735
gluten,nkgen,0,0.0,3.0,4641588,1000,0,2321439026,945,285,29667
gluten,nkgen,0,0.0,3.0,10000000,1000,0,5001118998,1975,587,64528
gluten,nkgen,0,0.0,3.0,21544346,1000,0,10775315543,4064,1227,137728
gluten,nkgen,0,0.0,3.0,46415888,1000,0,23173494341,8747,2720,259118
gluten,nkgen,0,0.0,3.0,100000000,1000,0,50011076769,19275,5760,535857
gluten,nkgen,0,0.5,2.2,2154,10,0,5158,4,2,55
gluten,nkgen,0,0.5,2.2,4641,10,0,16442,1,5,108
gluten,nkgen,0,0.5,2.2,10000,10,0,28325,2,7,290
gluten,nkgen,0,0.5,2.2,21544,10,0,82304,3,14,892
gluten,nkgen,0,0.5,2.2,46415,10,0,157293,15,61,2571
gluten,nkgen,0,0.5,2.2,100000,10,0,337108,32,100,8099
gluten,nkgen,0,0.5,2.2,215443,10,0,890411,64,191,26854
gluten,nkgen,0,0.5,2.2,464158,10,0,1879970,84,381,78142
gluten,nkgen,0,0.5,2.2,1000000,10,0,3902266,195,966,251488
gluten,nkgen,0,0.5,2.2,2154434,10,0,8613929,421,1990,790841
gluten,nkgen,0,0.5,2.2,4641588,10,0,-1,-1,-1,-1
gluten,nkgen,0,0.5,2.2,10000000,10,0,-1,-1,-1,-1
gluten,nkgen,0,0.5,2.2,21544346,10,0,-1,-1,-1,-1
gluten,nkgen,0,0.5,2.2,46415888,10,0,-1,-1,-1,-1
gluten,nkgen,0,0.5,2.2,100000000,10,0,-1,-1,-1,-1
gluten,nkgen,0,0.5,2.2,2154,100,0,42747,17,2,66
gluten,nkgen,0,0.5,2.2,4641,100,0,105815,1,4,108
gluten,nkgen,0,0.5,2.2,10000,100,0,245879,1,8,299
gluten,nkgen,0,0.5,2.2,21544,100,0,578173,4,14,897
gluten,nkgen,0,0.5,2.2,46415,100,0,1375712,8,35,2854
gluten,nkgen,0,0.5,2.2,100000,100,0,3212933,17,69,8476
gluten,nkgen,0,0.5,2.2,215443,100,0,6962304,66,216,28655
gluten,nkgen,0,0.5,2.2,464158,100,0,17125224,120,361,83291
gluten,nkgen,0,0.5,2.2,1000000,100,0,35550659,188,927,257957
gluten,nkgen,0,0.5,2.2,2154434,100,0,-1,-1,-1,-1
gluten,nkgen,0,0.5,2.2,4641588,100,0,-1,-1,-1,-1
gluten,nkgen,0,0.5,2.2,10000000,100,0,-1,-1,-1,-1
gluten,nkgen,0,0.5,2.2,21544346,100,0,-1,-1,-1,-1
gluten,nkgen,0,0.5,2.2,46415888,100,0,-1,-1,-1,-1
gluten,nkgen,0,0.5,2.2,100000000,100,0,-1,-1,-1,-1
gluten,nkgen,0,0.5,2.2,4641,1000,0,684208,21,4,201
gluten,nkgen,0,0.5,2.2,10000,1000,0,1758063,2,7,530
gluten,nkgen,0,0.5,2.2,21544,1000,0,4234850,4,14,1418
gluten,nkgen,0,0.5,2.2,46415,1000,0,10463998,8,35,4290
gluten,nkgen,0,0.5,2.2,100000,1000,0,24740854,17,69,11422
gluten,nkgen,0,0.5,2.2,215443,1000,0,60176266,55,224,33644
gluten,nkgen,0,0.5,2.2,464158,1000,0,137852094,99,388,97750
gluten,nkgen,0,0.5,2.2,1000000,1000,0,324760061,184,899,308582
gluten,nkgen,0,0.5,2.2,2154434,1000,0,-1,-1,-1,-1
gluten,nkgen,0,0.5,2.2,4641588,1000,0,-1,-1,-1,-1
gluten,nkgen,0,0.5,2.2,10000000,1000,0,-1,-1,-1,-1
gluten,nkgen,0,0.5,2.2,21544346,1000,0,-1,-1,-1,-1
gluten,nkgen,0,0.5,2.2,46415888,1000,0,-1,-1,-1,-1
gluten,nkgen,0,0.5,2.2,100000000,1000,0,-1,-1,-1,-1
gluten,nkgen,0,0.5,3.0,2154,10,0,11648,30,1,81
gluten,nkgen,0,0.5,3.0,4641,10,0,23681,1,5,108
gluten,nkgen,0,0.5,3.0,10000,10,0,48921,2,7,328
gluten,nkgen,0,0.5,3.0,21544,10,0,108675,3,14,967
gluten,nkgen,0,0.5,3.0,46415,10,0,226137,8,35,3192
gluten,nkgen,0,0.5,3.0,100000,10,0,497458,16,68,8649
gluten,nkgen,0,0.5,3.0,215443,10,0,1073153,55,180,26393
gluten,nkgen,0,0.5,3.0,464158,10,0,2314251,105,367,79721
gluten,nkgen,0,0.5,3.0,1000000,10,0,5011934,190,875,247661
gluten,nkgen,0,0.5,3.0,2154434,10,0,10723537,349,1952,775173
gluten,nkgen,0,0.5,3.0,4641588,10,0,-1,-1,-1,-1
gluten,nkgen,0,0.5,3.0,10000000,10,0,-1,-1,-1,-1
gluten,nkgen,0,0.5,3.0,21544346,10,0,-1,-1,-1,-1
gluten,nkgen,0,0.5,3.0,46415888,10,0,-1,-1,-1,-1
gluten,nkgen,0,0.5,3.0,100000000,10,0,-1,-1,-1,-1
gluten,nkgen,0,0.5,3.0,2154,100,0,103559,28,1,92
gluten,nkgen,0,0.5,3.0,4641,100,0,213433,17,6,178
gluten,nkgen,0,0.5,3.0,10000,100,0,491997,2,22,391
gluten,nkgen,0,0.5,3.0,21544,100,0,1069003,31,14,1078
gluten,nkgen,0,0.5,3.0,46415,100,0,2322252,8,34,3308
gluten,nkgen,0,0.5,3.0,100000,100,0,5005122,17,69,9000
gluten,nkgen,0,0.5,3.0,215443,100,0,10758080,42,183,29700
gluten,nkgen,0,0.5,3.0,464158,100,0,23071531,82,367,85652
gluten,nkgen,0,0.5,3.0,1000000,100,0,50009342,182,879,275911
gluten,nkgen,0,0.5,3.0,2154434,100,0,-1,-1,-1,-1
gluten,nkgen,0,0.5,3.0,4641588,100,0,-1,-1,-1,-1
gluten,nkgen,0,0.5,3.0,10000000,100,0,-1,-1,-1,-1
gluten,nkgen,0,0.5,3.0,21544346,100,0,-1,-1,-1,-1
gluten,nkgen,0,0.5,3.0,46415888,100,0,-1,-1,-1,-1
gluten,nkgen,0,0.5,3.0,100000000,100,0,-1,-1,-1,-1
gluten,nkgen,0,0.5,3.0,4641,1000,0,1845173,30,3,391
gluten,nkgen,0,0.5,3.0,10000,1000,0,4472430,2,7,1058
gluten,nkgen,0,0.5,3.0,21544,1000,0,9973551,4,14,2459
gluten,nkgen,0,0.5,3.0,46415,1000,0,22836927,20,35,6673
gluten,nkgen,0,0.5,3.0,100000,1000,0,49533600,17,69,15998
gluten,nkgen,0,0.5,3.0,215443,1000,0,107998187,40,181,42788
gluten,nkgen,0,0.5,3.0,464158,1000,0,231104843,117,365,117768
gluten,nkgen,0,0.5,3.0,1000000,1000,0,499482619,210,898,341445
gluten,nkgen,0,0.5,3.0,2154434,1000,0,-1,-1,-1,-1
gluten,nkgen,0,0.5,3.0,4641588,1000,0,-1,-1,-1,-1
gluten,nkgen,0,0.5,3.0,10000000,1000,0,-1,-1,-1,-1
gluten,nkgen,0,0.5,3.0,21544346,1000,0,-1,-1,-1,-1
gluten,nkgen,0,0.5,3.0,46415888,1000,0,-1,-1,-1,-1
gluten,nkgen,0,0.5,3.0,100000000,1000,0,-1,-1,-1,-1
gluten,nkgen,0,0.9,2.2,2154,10,0,2791,28,1,81
gluten,nkgen,0,0.9,2.2,4641,10,0,9081,7,5,110
gluten,nkgen,0,0.9,2.2,10000,10,0,19549,2,7,292
gluten,nkgen,0,0.9,2.2,21544,10,0,45025,4,14,891
gluten,nkgen,0,0.9,2.2,46415,10,0,101481,19,35,2924
gluten,nkgen,0,0.9,2.2,100000,10,0,216274,17,69,8510
gluten,nkgen,0,0.9,2.2,215443,10,0,506776,67,183,24599
gluten,nkgen,0,0.9,2.2,464158,10,0,1153341,109,365,76463
gluten,nkgen,0,0.9,2.2,1000000,10,0,2667360,182,898,249883
gluten,nkgen,0,0.9,2.2,2154434,10,0,6484321,374,1961,761112
gluten,nkgen,0,0.9,2.2,4641588,10,0,-1,-1,-1,-1
gluten,nkgen,0,0.9,2.2,10000000,10,0,-1,-1,-1,-1
gluten,nkgen,0,0.9,2.2,21544346,10,0,-1,-1,-1,-1
gluten,nkgen,0,0.9,2.2,46415888,10,0,-1,-1,-1,-1
gluten,nkgen,0,0.9,2.2,100000000,10,0,-1,-1,-1,-1
gluten,nkgen,0,0.9,2.2,2154,100,0,19962,26,1,84
gluten,nkgen,0,0.9,2.2,4641,100,0,49899,1,6,108
gluten,nkgen,0,0.9,2.2,10000,100,0,130538,2,7,316
gluten,nkgen,0,0.9,2.2,21544,100,0,309274,33,26,1032
gluten,nkgen,0,0.9,2.2,46415,100,0,740569,8,50,3029
gluten,nkgen,0,0.9,2.2,100000,100,0,1948145,46,69,9014
gluten,nkgen,0,0.9,2.2,215443,100,0,4311258,38,183,26929
gluten,nkgen,0,0.9,2.2,464158,100,0,9584429,92,414,80751
gluten,nkgen,0,0.9,2.2,1000000,100,0,23625893,184,898,253446
gluten,nkgen,0,0.9,2.2,2154434,100,0,-1,-1,-1,-1
gluten,nkgen,0,0.9,2.2,4641588,100,0,-1,-1,-1,-1
gluten,nkgen,0,0.9,2.2,10000000,100,0,-1,-1,-1,-1
gluten,nkgen,0,0.9,2.2,21544346,100,0,-1,-1,-1,-1
gluten,nkgen,0,0.9,2.2,46415888,100,0,-1,-1,-1,-1
gluten,nkgen,0,0.9,2.2,100000000,100,0,-1,-1,-1,-1
gluten,nkgen,0,0.9,2.2,4641,1000,0,331326,29,4,253
gluten,nkgen,0,0.9,2.2,10000,1000,0,850686,2,8,538
gluten,nkgen,0,0.9,2.2,21544,1000,0,2088718,4,16,1419
gluten,nkgen,0,0.9,2.2,46415,1000,0,5179536,8,35,4243
gluten,nkgen,0,0.9,2.2,100000,1000,0,12925131,47,104,10995
gluten,nkgen,0,0.9,2.2,215443,1000,0,31050900,66,181,34111
gluten,nkgen,0,0.9,2.2,464158,1000,0,75115291,88,416,96257
gluten,nkgen,0,0.9,2.2,1000000,1000,0,178658297,183,911,299727
gluten,nkgen,0,0.9,2.2,2154434,1000,0,-1,-1,-1,-1
gluten,nkgen,0,0.9,2.2,4641588,1000,0,-1,-1,-1,-1
gluten,nkgen,0,0.9,2.2,10000000,1000,0,-1,-1,-1,-1
gluten,nkgen,0,0.9,2.2,21544346,1000,0,-1,-1,-1,-1
gluten,nkgen,0,0.9,2.2,46415888,1000,0,-1,-1,-1,-1
gluten,nkgen,0,0.9,2.2,100000000,1000,0,-1,-1,-1,-1
gluten,nkgen,0,0.9,3.0,2154,10,0,5541,0,2,49
gluten,nkgen,0,0.9,3.0,4641,10,0,13975,1,3,105
gluten,nkgen,0,0.9,3.0,10000,10,0,32092,2,8,317
gluten,nkgen,0,0.9,3.0,21544,10,0,71801,27,26,1016
gluten,nkgen,0,0.9,3.0,46415,10,0,154974,6,35,2763
gluten,nkgen,0,0.9,3.0,100000,10,0,353938,27,100,8280
gluten,nkgen,0,0.9,3.0,215443,10,0,791780,61,183,24361
gluten,nkgen,0,0.9,3.0,464158,10,0,1746205,90,366,76749
gluten,nkgen,0,0.9,3.0,1000000,10,0,3879576,161,909,246022
gluten,nkgen,0,0.9,3.0,2154434,10,0,8514528,378,1996,758533
gluten,nkgen,0,0.9,3.0,4641588,10,0,-1,-1,-1,-1
gluten,nkgen,0,0.9,3.0,10000000,10,0,-1,-1,-1,-1
gluten,nkgen,0,0.9,3.0,21544346,10,0,-1,-1,-1,-1
gluten,nkgen,0,0.9,3.0,46415888,10,0,-1,-1,-1,-1
gluten,nkgen,0,0.9,3.0,100000000,10,0,-1,-1,-1,-1
gluten,nkgen,0,0.9,3.0,2154,100,0,43335,30,4,98
gluten,nkgen,0,0.9,3.0,4641,100,0,106044,22,5,162
gluten,nkgen,0,0.9,3.0,10000,100,0,257647,17,9,387
gluten,nkgen,0,0.9,3.0,21544,100,0,624537,20,33,1059
gluten,nkgen,0,0.9,3.0,46415,100,0,1369202,35,34,3462
gluten,nkgen,0,0.9,3.0,100000,100,0,3124572,34,69,9281
gluten,nkgen,0,0.9,3.0,215443,100,0,7066702,56,183,28522
gluten,nkgen,0,0.9,3.0,464158,100,0,15843494,93,366,84531
gluten,nkgen,0,0.9,3.0,1000000,100,0,35505879,165,965,263551
gluten,nkgen,0,0.9,3.0,2154434,100,0,-1,-1,-1,-1
gluten,nkgen,0,0.9,3.0,4641588,100,0,-1,-1,-1,-1
gluten,nkgen,0,0.9,3.0,10000000,100,0,-1,-1,-1,-1
gluten,nkgen,0,0.9,3.0,21544346,100,0,-1,-1,-1,-1
gluten,nkgen,0,0.9,3.0,46415888,100,0,-1,-1,-1,-1
gluten,nkgen,0,0.9,3.0,100000000,100,0,-1,-1,-1,-1
gluten,nkgen,0,0.9,3.0,4641,1000,0,730071,6,4,269
gluten,nkgen,0,0.9,3.0,10000,1000,0,1924177,2,7,698
gluten,nkgen,0,0.9,3.0,21544,1000,0,4705153,4,14,1884
gluten,nkgen,0,0.9,3.0,46415,1000,0,11097642,8,35,5359
gluten,nkgen,0,0.9,3.0,100000,1000,0,26085070,17,68,14700
gluten,nkgen,0,0.9,3.0,215443,1000,0,59776309,53,221,41243
gluten,nkgen,0,0.9,3.0,464158,1000,0,137223160,86,358,114994
gluten,nkgen,0,0.9,3.0,1000000,1000,0,312667051,215,906,357888
gluten,nkgen,0,0.9,3.0,2154434,1000,0,-1,-1,-1,-1
gluten,nkgen,0,0.9,3.0,4641588,1000,0,-1,-1,-1,-1
gluten,nkgen,0,0.9,3.0,10000000,1000,0,-1,-1,-1,-1
gluten,nkgen,0,0.9,3.0,21544346,1000,0,-1,-1,-1,-1
gluten,nkgen,0,0.9,3.0,46415888,1000,0,-1,-1,-1,-1
gluten,nkgen,0,0.9,3.0,100000000,1000,0,-1,-1,-1,-1
gluten,nkgen,1,0.0,2.2,2154,10,0,13765,30,40,73
gluten,nkgen,1,0.0,2.2,4641,10,0,18712,1,0,2
gluten,nkgen,1,0.0,2.2,10000,10,0,45811,2,0,6
gluten,nkgen,1,0.0,2.2,21544,10,0,115930,4,1,11
gluten,nkgen,1,0.0,2.2,46415,10,0,243099,8,2,20
gluten,nkgen,1,0.0,2.2,100000,10,0,487414,17,4,42
gluten,nkgen,1,0.0,2.2,215443,10,0,1006154,53,30,128
gluten,nkgen,1,0.0,2.2,464158,10,0,2129752,95,26,230
gluten,nkgen,1,0.0,2.2,1000000,10,0,4597415,196,52,446
gluten,nkgen,1,0.0,2.2,2154434,10,0,11160017,428,103,958
gluten,nkgen,1,0.0,2.2,4641588,10,0,22127120,959,267,2137
gluten,nkgen,1,0.0,2.2,10000000,10,0,50117932,2003,611,4573
gluten,nkgen,1,0.0,2.2,21544346,10,0,111334222,4220,1273,9415
gluten,nkgen,1,0.0,2.2,46415888,10,0,223255025,9022,2632,19949
gluten,nkgen,1,0.0,2.2,100000000,10,0,490518095,19778,5547,43964
gluten,nkgen,1,0.0,2.2,2154,100,0,84462,27,14,44
gluten,nkgen,1,0.0,2.2,4641,100,0,224384,1,0,10
gluten,nkgen,1,0.0,2.2,10000,100,0,512748,4,0,19
gluten,nkgen,1,0.0,2.2,21544,100,0,1047634,7,1,34
gluten,nkgen,1,0.0,2.2,46415,100,0,2458943,12,1,66
gluten,nkgen,1,0.0,2.2,100000,100,0,4874204,18,4,111
gluten,nkgen,1,0.0,2.2,215443,100,0,10260938,37,13,263
gluten,nkgen,1,0.0,2.2,464158,100,0,22686659,80,26,560
gluten,nkgen,1,0.0,2.2,1000000,100,0,49977779,182,51,1072
gluten,nkgen,1,0.0,2.2,2154434,100,0,107861430,433,82,2163
gluten,nkgen,1,0.0,2.2,4641588,100,0,225079577,907,284,4659
gluten,nkgen,1,0.0,2.2,10000000,100,0,488600394,2014,535,9764
gluten,nkgen,1,0.0,2.2,21544346,100,0,1059874888,4473,1161,20947
gluten,nkgen,1,0.0,2.2,46415888,100,0,2309923533,9778,2479,45684
gluten,nkgen,1,0.0,2.2,100000000,100,0,4937969475,21397,5511,97967
gluten,nkgen,1,0.0,2.2,4641,1000,0,2027361,4,0,49
gluten,nkgen,1,0.0,2.2,10000,1000,0,4500336,2,0,77
gluten,nkgen,1,0.0,2.2,21544,1000,0,9665907,4,0,135
gluten,nkgen,1,0.0,2.2,46415,1000,0,22060584,8,1,301
gluten,nkgen,1,0.0,2.2,100000,1000,0,48281344,16,3,636
gluten,nkgen,1,0.0,2.2,215443,1000,0,103179121,38,12,1374
gluten,nkgen,1,0.0,2.2,464158,1000,0,221739865,80,24,3049
gluten,nkgen,1,0.0,2.2,1000000,1000,0,487641643,181,46,7107
gluten,nkgen,1,0.0,2.2,2154434,1000,0,1056918795,445,90,14203
gluten,nkgen,1,0.0,2.2,4641588,1000,0,2293796782,924,265,30852
gluten,nkgen,1,0.0,2.2,10000000,1000,0,5001304148,2042,628,65338
gluten,nkgen,1,0.0,2.2,21544346,1000,0,10691426315,4478,1210,137820
gluten,nkgen,1,0.0,2.2,46415888,1000,0,23103573632,9803,2417,286641
gluten,nkgen,1,0.0,2.2,100000000,1000,0,49574684763,21510,5350,609181
gluten,nkgen,1,0.0,3.0,2154,10,0,10698,0,0,1
gluten,nkgen,1,0.0,3.0,4641,10,0,23571,1,0,3
gluten,nkgen,1,0.0,3.0,10000,10,0,46864,2,0,6
gluten,nkgen,1,0.0,3.0,21544,10,0,105797,4,1,12
gluten,nkgen,1,0.0,3.0,46415,10,0,227287,8,3,23
gluten,nkgen,1,0.0,3.0,100000,10,0,500262,17,5,47
gluten,nkgen,1,0.0,3.0,215443,10,0,1074128,33,15,107
gluten,nkgen,1,0.0,3.0,464158,10,0,2329298,73,27,210
gluten,nkgen,1,0.0,3.0,1000000,10,0,4960361,161,54,408
gluten,nkgen,1,0.0,3.0,2154434,10,0,10810972,352,101,828
gluten,nkgen,1,0.0,3.0,4641588,10,0,23177667,820,300,1962
gluten,nkgen,1,0.0,3.0,10000000,10,0,50006236,1813,631,4262
gluten,nkgen,1,0.0,3.0,21544346,10,0,107517018,3983,1445,8826
gluten,nkgen,1,0.0,3.0,46415888,10,0,231627777,8695,2793,19037
gluten,nkgen,1,0.0,3.0,100000000,10,0,500392668,19807,6520,43400
gluten,nkgen,1,0.0,3.0,2154,100,0,106206,0,0,3
gluten,nkgen,1,0.0,3.0,4641,100,0,232746,1,0,8
gluten,nkgen,1,0.0,3.0,10000,100,0,508502,2,0,16
gluten,nkgen,1,0.0,3.0,21544,100,0,1095959,4,1,30
gluten,nkgen,1,0.0,3.0,46415,100,0,2330503,8,2,56
gluten,nkgen,1,0.0,3.0,100000,100,0,4960401,16,4,106
gluten,nkgen,1,0.0,3.0,215443,100,0,10730498,36,14,250
gluten,nkgen,1,0.0,3.0,464158,100,0,23488504,81,27,524
gluten,nkgen,1,0.0,3.0,1000000,100,0,49731166,176,53,1069
gluten,nkgen,1,0.0,3.0,2154434,100,0,107478086,357,99,2167
gluten,nkgen,1,0.0,3.0,4641588,100,0,232076440,827,292,4405
gluten,nkgen,1,0.0,3.0,10000000,100,0,500718751,1815,724,9441
gluten,nkgen,1,0.0,3.0,21544346,100,0,1076474776,3996,1343,19210
gluten,nkgen,1,0.0,3.0,46415888,100,0,2320157388,8707,2641,40911
gluten,nkgen,1,0.0,3.0,100000000,100,0,5005878074,19206,6455,90272
gluten,nkgen,1,0.0,3.0,4641,1000,0,2136074,0,0,35
gluten,nkgen,1,0.0,3.0,10000,1000,0,4767587,2,0,78
gluten,nkgen,1,0.0,3.0,21544,1000,0,10552949,4,0,143
gluten,nkgen,1,0.0,3.0,46415,1000,0,22931964,8,1,301
gluten,nkgen,1,0.0,3.0,100000,1000,0,49923712,16,3,637
gluten,nkgen,1,0.0,3.0,215443,1000,0,107287490,36,11,1382
gluten,nkgen,1,0.0,3.0,464158,1000,0,232349592,81,26,3021
gluten,nkgen,1,0.0,3.0,1000000,1000,0,499374477,179,52,6409
gluten,nkgen,1,0.0,3.0,2154434,1000,0,1077591455,391,94,13642
gluten,nkgen,1,0.0,3.0,4641588,1000,0,2322280936,907,285,29672
gluten,nkgen,1,0.0,3.0,10000000,1000,0,4989127695,1962,600,64529
gluten,nkgen,1,0.0,3.0,21544346,1000,0,10767871576,4046,1246,136889
gluten,nkgen,1,0.0,3.0,46415888,1000,0,23201590401,8731,2753,258633
gluten,nkgen,1,0.0,3.0,100000000,1000,0,49976014561,19277,5535,535198
gluten,nkgen,1,0.5,2.2,2154,10,0,6930,30,1,82
gluten,nkgen,1,0.5,2.2,4641,10,0,15177,1,5,110
gluten,nkgen,1,0.5,2.2,10000,10,0,29985,2,8,309
gluten,nkgen,1,0.5,2.2,21544,10,0,85090,3,14,942
gluten,nkgen,1,0.5,2.2,46415,10,0,155657,8,39,2997
gluten,nkgen,1,0.5,2.2,100000,10,0,339761,17,69,8212
gluten,nkgen,1,0.5,2.2,215443,10,0,792878,38,183,26221
gluten,nkgen,1,0.5,2.2,464158,10,0,1824408,100,366,78477
gluten,nkgen,1,0.5,2.2,1000000,10,0,4179450,187,922,249664
gluten,nkgen,1,0.5,2.2,2154434,10,0,9251418,400,1963,772370
gluten,nkgen,1,0.5,2.2,4641588,10,0,-1,-1,-1,-1
gluten,nkgen,1,0.5,2.2,10000000,10,0,-1,-1,-1,-1
gluten,nkgen,1,0.5,2.2,21544346,10,0,-1,-1,-1,-1
gluten,nkgen,1,0.5,2.2,46415888,10,0,-1,-1,-1,-1
gluten,nkgen,1,0.5,2.2,100000000,10,0,-1,-1,-1,-1
gluten,nkgen,1,0.5,2.2,2154,100,0,40934,0,2,52
gluten,nkgen,1,0.5,2.2,4641,100,0,118989,1,3,116
gluten,nkgen,1,0.5,2.2,10000,100,0,230526,3,14,317
gluten,nkgen,1,0.5,2.2,21544,100,0,646362,3,14,932
gluten,nkgen,1,0.5,2.2,46415,100,0,1508196,7,37,3205
gluten,nkgen,1,0.5,2.2,100000,100,0,3191547,17,68,9274
gluten,nkgen,1,0.5,2.2,215443,100,0,7213257,53,186,29207
gluten,nkgen,1,0.5,2.2,464158,100,0,17683414,100,357,82220
gluten,nkgen,1,0.5,2.2,1000000,100,0,34584633,220,888,256085
gluten,nkgen,1,0.5,2.2,2154434,100,0,-1,-1,-1,-1
gluten,nkgen,1,0.5,2.2,4641588,100,0,-1,-1,-1,-1
gluten,nkgen,1,0.5,2.2,10000000,100,0,-1,-1,-1,-1
gluten,nkgen,1,0.5,2.2,21544346,100,0,-1,-1,-1,-1
gluten,nkgen,1,0.5,2.2,46415888,100,0,-1,-1,-1,-1
gluten,nkgen,1,0.5,2.2,100000000,100,0,-1,-1,-1,-1
gluten,nkgen,1,0.5,2.2,4641,1000,0,673271,18,7,233
gluten,nkgen,1,0.5,2.2,10000,1000,0,1723503,2,8,550
gluten,nkgen,1,0.5,2.2,21544,1000,0,4340764,3,14,1367
gluten,nkgen,1,0.5,2.2,46415,1000,0,10750734,8,35,4148
gluten,nkgen,1,0.5,2.2,100000,1000,0,25191350,17,68,11273
gluten,nkgen,1,0.5,2.2,215443,1000,0,61705244,65,180,35463
gluten,nkgen,1,0.5,2.2,464158,1000,0,136335659,105,414,99531
gluten,nkgen,1,0.5,2.2,1000000,1000,0,318387606,198,917,308790
gluten,nkgen,1,0.5,2.2,2154434,1000,0,-1,-1,-1,-1
gluten,nkgen,1,0.5,2.2,4641588,1000,0,-1,-1,-1,-1
gluten,nkgen,1,0.5,2.2,10000000,1000,0,-1,-1,-1,-1
gluten,nkgen,1,0.5,2.2,21544346,1000,0,-1,-1,-1,-1
gluten,nkgen,1,0.5,2.2,46415888,1000,0,-1,-1,-1,-1
gluten,nkgen,1,0.5,2.2,100000000,1000,0,-1,-1,-1,-1
gluten,nkgen,1,0.5,3.0,2154,10,0,10772,30,4,86
gluten,nkgen,1,0.5,3.0,4641,10,0,22571,20,3,123
gluten,nkgen,1,0.5,3.0,10000,10,0,48616,2,7,319
gluten,nkgen,1,0.5,3.0,21544,10,0,102573,4,14,948
gluten,nkgen,1,0.5,3.0,46415,10,0,238017,8,35,3221
gluten,nkgen,1,0.5,3.0,100000,10,0,497305,16,68,8657
gluten,nkgen,1,0.5,3.0,215443,10,0,1073732,33,183,26405
gluten,nkgen,1,0.5,3.0,464158,10,0,2323200,73,363,80963
gluten,nkgen,1,0.5,3.0,1000000,10,0,5010053,185,946,252863
gluten,nkgen,1,0.5,3.0,2154434,10,0,10757020,380,1961,780760
gluten,nkgen,1,0.5,3.0,4641588,10,0,-1,-1,-1,-1
gluten,nkgen,1,0.5,3.0,10000000,10,0,-1,-1,-1,-1
gluten,nkgen,1,0.5,3.0,21544346,10,0,-1,-1,-1,-1
gluten,nkgen,1,0.5,3.0,46415888,10,0,-1,-1,-1,-1
gluten,nkgen,1,0.5,3.0,100000000,10,0,-1,-1,-1,-1
gluten,nkgen,1,0.5,3.0,2154,100,0,96428,29,2,97
gluten,nkgen,1,0.5,3.0,4641,100,0,213078,1,5,140
gluten,nkgen,1,0.5,3.0,10000,100,0,489621,17,7,405
gluten,nkgen,1,0.5,3.0,21544,100,0,1061327,4,14,1134
gluten,nkgen,1,0.5,3.0,46415,100,0,2312321,7,53,3498
gluten,nkgen,1,0.5,3.0,100000,100,0,4948940,17,68,10094
gluten,nkgen,1,0.5,3.0,215443,100,0,10766865,41,183,29109
gluten,nkgen,1,0.5,3.0,464158,100,0,23247385,116,364,85140
gluten,nkgen,1,0.5,3.0,1000000,100,0,50021899,172,924,278222
gluten,nkgen,1,0.5,3.0,2154434,100,0,-1,-1,-1,-1
gluten,nkgen,1,0.5,3.0,4641588,100,0,-1,-1,-1,-1
gluten,nkgen,1,0.5,3.0,10000000,100,0,-1,-1,-1,-1
gluten,nkgen,1,0.5,3.0,21544346,100,0,-1,-1,-1,-1
gluten,nkgen,1,0.5,3.0,46415888,100,0,-1,-1,-1,-1
gluten,nkgen,1,0.5,3.0,100000000,100,0,-1,-1,-1,-1
gluten,nkgen,1,0.5,3.0,4641,1000,0,1820261,6,4,337
gluten,nkgen,1,0.5,3.0,10000,1000,0,4353128,3,16,853
gluten,nkgen,1,0.5,3.0,21544,1000,0,10060146,3,14,2042
gluten,nkgen,1,0.5,3.0,46415,1000,0,22467795,30,35,6551
gluten,nkgen,1,0.5,3.0,100000,1000,0,48265731,17,69,14550
gluten,nkgen,1,0.5,3.0,215443,1000,0,107703469,37,181,44042
gluten,nkgen,1,0.5,3.0,464158,1000,0,230460775,105,362,114801
gluten,nkgen,1,0.5,3.0,1000000,1000,0,497588049,195,877,339203
gluten,nkgen,1,0.5,3.0,2154434,1000,0,-1,-1,-1,-1
gluten,nkgen,1,0.5,3.0,4641588,1000,0,-1,-1,-1,-1
gluten,nkgen,1,0.5,3.0,10000000,1000,0,-1,-1,-1,-1
gluten,nkgen,1,0.5,3.0,21544346,1000,0,-1,-1,-1,-1
gluten,nkgen,1,0.5,3.0,46415888,1000,0,-1,-1,-1,-1
gluten,nkgen,1,0.5,3.0,100000000,1000,0,-1,-1,-1,-1
gluten,nkgen,1,0.9,2.2,2154,10,0,2941,0,2,50
gluten,nkgen,1,0.9,2.2,4641,10,0,8027,1,3,106
gluten,nkgen,1,0.9,2.2,10000,10,0,16822,2,7,279
gluten,nkgen,1,0.9,2.2,21544,10,0,38459,4,14,790
gluten,nkgen,1,0.9,2.2,46415,10,0,107793,8,35,2609
gluten,nkgen,1,0.9,2.2,100000,10,0,219784,17,69,7731
gluten,nkgen,1,0.9,2.2,215443,10,0,484302,38,179,26608
gluten,nkgen,1,0.9,2.2,464158,10,0,1135051,92,363,77147
gluten,nkgen,1,0.9,2.2,1000000,10,0,2623567,218,872,247564
gluten,nkgen,1,0.9,2.2,2154434,10,0,6161562,400,2035,758074
gluten,nkgen,1,0.9,2.2,4641588,10,0,-1,-1,-1,-1
gluten,nkgen,1,0.9,2.2,10000000,10,0,-1,-1,-1,-1
gluten,nkgen,1,0.9,2.2,21544346,10,0,-1,-1,-1,-1
gluten,nkgen,1,0.9,2.2,46415888,10,0,-1,-1,-1,-1
gluten,nkgen,1,0.9,2.2,100000000,10,0,-1,-1,-1,-1
gluten,nkgen,1,0.9,2.2,2154,100,0,18708,4,2,58
gluten,nkgen,1,0.9,2.2,4641,100,0,53403,1,4,115
gluten,nkgen,1,0.9,2.2,10000,100,0,120424,2,26,329
gluten,nkgen,1,0.9,2.2,21544,100,0,326925,4,14,917
gluten,nkgen,1,0.9,2.2,46415,100,0,722863,16,55,2778
gluten,nkgen,1,0.9,2.2,100000,100,0,1777242,30,68,8002
gluten,nkgen,1,0.9,2.2,215443,100,0,4211772,52,281,27443
gluten,nkgen,1,0.9,2.2,464158,100,0,10332178,85,360,81367
gluten,nkgen,1,0.9,2.2,1000000,100,0,22783149,185,923,258943
gluten,nkgen,1,0.9,2.2,2154434,100,0,-1,-1,-1,-1
gluten,nkgen,1,0.9,2.2,4641588,100,0,-1,-1,-1,-1
gluten,nkgen,1,0.9,2.2,10000000,100,0,-1,-1,-1,-1
gluten,nkgen,1,0.9,2.2,21544346,100,0,-1,-1,-1,-1
gluten,nkgen,1,0.9,2.2,46415888,100,0,-1,-1,-1,-1
gluten,nkgen,1,0.9,2.2,100000000,100,0,-1,-1,-1,-1
gluten,nkgen,1,0.9,2.2,4641,1000,0,299074,15,3,186
gluten,nkgen,1,0.9,2.2,10000,1000,0,840013,13,8,432
gluten,nkgen,1,0.9,2.2,21544,1000,0,2043504,20,15,1294
gluten,nkgen,1,0.9,2.2,46415,1000,0,5237743,16,58,3770
gluten,nkgen,1,0.9,2.2,100000,1000,0,12662879,32,94,10346
gluten,nkgen,1,0.9,2.2,215443,1000,0,31409711,64,183,34297
gluten,nkgen,1,0.9,2.2,464158,1000,0,73556026,94,415,95082
gluten,nkgen,1,0.9,2.2,1000000,1000,0,174773850,218,936,297589
gluten,nkgen,1,0.9,2.2,2154434,1000,0,-1,-1,-1,-1
gluten,nkgen,1,0.9,2.2,4641588,1000,0,-1,-1,-1,-1
gluten,nkgen,1,0.9,2.2,10000000,1000,0,-1,-1,-1,-1
gluten,nkgen,1,0.9,2.2,21544346,1000,0,-1,-1,-1,-1
gluten,nkgen,1,0.9,2.2,46415888,1000,0,-1,-1,-1,-1
gluten,nkgen,1,0.9,2.2,100000000,1000,0,-1,-1,-1,-1
gluten,nkgen,1,0.9,3.0,2154,10,0,6406,29,1,80
gluten,nkgen,1,0.9,3.0,4641,10,0,13539,1,6,113
gluten,nkgen,1,0.9,3.0,10000,10,0,30455,18,7,320
gluten,nkgen,1,0.9,3.0,21544,10,0,68967,3,14,943
gluten,nkgen,1,0.9,3.0,46415,10,0,160661,7,35,2899
gluten,nkgen,1,0.9,3.0,100000,10,0,358370,14,73,8806
gluten,nkgen,1,0.9,3.0,215443,10,0,795929,37,180,28089
gluten,nkgen,1,0.9,3.0,464158,10,0,1741857,77,355,76868
gluten,nkgen,1,0.9,3.0,1000000,10,0,3885285,166,960,246528
gluten,nkgen,1,0.9,3.0,2154434,10,0,8517275,348,1951,762570
gluten,nkgen,1,0.9,3.0,4641588,10,0,-1,-1,-1,-1
gluten,nkgen,1,0.9,3.0,10000000,10,0,-1,-1,-1,-1
gluten,nkgen,1,0.9,3.0,21544346,10,0,-1,-1,-1,-1
gluten,nkgen,1,0.9,3.0,46415888,10,0,-1,-1,-1,-1
gluten,nkgen,1,0.9,3.0,100000000,10,0,-1,-1,-1,-1
gluten,nkgen,1,0.9,3.0,2154,100,0,46239,30,4,104
gluten,nkgen,1,0.9,3.0,4641,100,0,104504,1,5,143
gluten,nkgen,1,0.9,3.0,10000,100,0,254757,2,8,402
gluten,nkgen,1,0.9,3.0,21544,100,0,597860,4,15,1095
gluten,nkgen,1,0.9,3.0,46415,100,0,1397404,8,34,3460
gluten,nkgen,1,0.9,3.0,100000,100,0,3131683,42,100,9739
gluten,nkgen,1,0.9,3.0,215443,100,0,7067135,47,181,29752
gluten,nkgen,1,0.9,3.0,464158,100,0,15906969,75,356,84629
gluten,nkgen,1,0.9,3.0,1000000,100,0,35491601,197,928,261654
gluten,nkgen,1,0.9,3.0,2154434,100,0,-1,-1,-1,-1
gluten,nkgen,1,0.9,3.0,4641588,100,0,-1,-1,-1,-1
gluten,nkgen,1,0.9,3.0,10000000,100,0,-1,-1,-1,-1
gluten,nkgen,1,0.9,3.0,21544346,100,0,-1,-1,-1,-1
gluten,nkgen,1,0.9,3.0,46415888,100,0,-1,-1,-1,-1
gluten,nkgen,1,0.9,3.0,100000000,100,0,-1,-1,-1,-1
gluten,nkgen,1,0.9,3.0,4641,1000,0,747517,24,4,295
gluten,nkgen,1,0.9,3.0,10000,1000,0,1890677,4,7,776
gluten,nkgen,1,0.9,3.0,21544,1000,0,4625293,4,14,2084
gluten,nkgen,1,0.9,3.0,46415,1000,0,10853606,8,35,5312
gluten,nkgen,1,0.9,3.0,100000,1000,0,25656800,46,68,15082
gluten,nkgen,1,0.9,3.0,215443,1000,0,60022607,49,214,42637
gluten,nkgen,1,0.9,3.0,464158,1000,0,136849484,90,356,117862
gluten,nkgen,1,0.9,3.0,1000000,1000,0,313660914,184,914,355082
gluten,nkgen,1,0.9,3.0,2154434,1000,0,-1,-1,-1,-1
gluten,nkgen,1,0.9,3.0,4641588,1000,0,-1,-1,-1,-1
gluten,nkgen,1,0.9,3.0,10000000,1000,0,-1,-1,-1,-1
gluten,nkgen,1,0.9,3.0,21544346,1000,0,-1,-1,-1,-1
gluten,nkgen,1,0.9,3.0,46415888,1000,0,-1,-1,-1,-1
gluten,nkgen,1,0.9,3.0,100000000,1000,0,-1,-1,-1,-1
gluten,nkgen,2,0.0,2.2,2154,10,0,9939,30,42,75
gluten,nkgen,2,0.0,2.2,4641,10,0,24051,3,0,5
gluten,nkgen,2,0.0,2.2,10000,10,0,41455,2,0,5
gluten,nkgen,2,0.0,2.2,21544,10,0,102017,4,1,10
gluten,nkgen,2,0.0,2.2,46415,10,0,223580,8,1,20
gluten,nkgen,2,0.0,2.2,100000,10,0,480162,17,4,40
gluten,nkgen,2,0.0,2.2,215443,10,0,1047184,37,13,116
gluten,nkgen,2,0.0,2.2,464158,10,0,2461815,83,26,222
gluten,nkgen,2,0.0,2.2,1000000,10,0,4626830,194,48,432
gluten,nkgen,2,0.0,2.2,2154434,10,0,11003522,404,91,918
gluten,nkgen,2,0.0,2.2,4641588,10,0,22846818,922,275,2167
gluten,nkgen,2,0.0,2.2,10000000,10,0,50610788,2080,589,4725
gluten,nkgen,2,0.0,2.2,21544346,10,0,122674439,4221,1216,10167
gluten,nkgen,2,0.0,2.2,46415888,10,0,226355024,9053,2575,19895
gluten,nkgen,2,0.0,2.2,100000000,10,0,481970224,19734,5589,43991
gluten,nkgen,2,0.0,2.2,2154,100,0,92835,30,40,80
gluten,nkgen,2,0.0,2.2,4641,100,0,218369,0,0,6
gluten,nkgen,2,0.0,2.2,10000,100,0,490452,2,0,13
gluten,nkgen,2,0.0,2.2,21544,100,0,1129091,4,0,26
gluten,nkgen,2,0.0,2.2,46415,100,0,2113653,8,1,50
gluten,nkgen,2,0.0,2.2,100000,100,0,5119122,16,4,108
gluten,nkgen,2,0.0,2.2,215443,100,0,10888402,38,13,269
gluten,nkgen,2,0.0,2.2,464158,100,0,23474386,83,26,555
gluten,nkgen,2,0.0,2.2,1000000,100,0,48197704,226,50,1141
gluten,nkgen,2,0.0,2.2,2154434,100,0,105611942,450,94,2176
gluten,nkgen,2,0.0,2.2,4641588,100,0,225575889,904,283,4620
gluten,nkgen,2,0.0,2.2,10000000,100,0,503252091,2067,643,10095
gluten,nkgen,2,0.0,2.2,21544346,100,0,1080742197,4466,1289,21576
gluten,nkgen,2,0.0,2.2,46415888,100,0,2306146065,10183,2563,45347
gluten,nkgen,2,0.0,2.2,100000000,100,0,5039514506,21393,5395,98359
gluten,nkgen,2,0.0,2.2,4641,1000,0,1961398,4,0,47
gluten,nkgen,2,0.0,2.2,10000,1000,0,4412015,2,0,75
gluten,nkgen,2,0.0,2.2,21544,1000,0,9858915,4,0,137
gluten,nkgen,2,0.0,2.2,46415,1000,0,22044200,7,1,311
gluten,nkgen,2,0.0,2.2,100000,1000,0,48458438,16,3,654
gluten,nkgen,2,0.0,2.2,215443,1000,0,106976078,35,11,1440
gluten,nkgen,2,0.0,2.2,464158,1000,0,228526926,79,27,3115
gluten,nkgen,2,0.0,2.2,1000000,1000,0,490460763,231,41,6985
gluten,nkgen,2,0.0,2.2,2154434,1000,0,1073807773,472,108,14767
gluten,nkgen,2,0.0,2.2,4641588,1000,0,2307606379,919,276,31153
gluten,nkgen,2,0.0,2.2,10000000,1000,0,4965459675,2066,586,64441
gluten,nkgen,2,0.0,2.2,21544346,1000,0,10648811120,4493,1203,135552
gluten,nkgen,2,0.0,2.2,46415888,1000,0,23207848107,9766,2589,288786
gluten,nkgen,2,0.0,2.2,100000000,1000,0,49744506298,21530,5516,620507
gluten,nkgen,2,0.0,3.0,2154,10,0,11097,0,0,1
gluten,nkgen,2,0.0,3.0,4641,10,0,23981,1,0,2
gluten,nkgen,2,0.0,3.0,10000,10,0,49704,2,0,7
gluten,nkgen,2,0.0,3.0,21544,10,0,110312,4,1,11
gluten,nkgen,2,0.0,3.0,46415,10,0,229326,8,2,23
gluten,nkgen,2,0.0,3.0,100000,10,0,502275,17,5,47
gluten,nkgen,2,0.0,3.0,215443,10,0,1068989,34,13,110
gluten,nkgen,2,0.0,3.0,464158,10,0,2311703,73,27,206
gluten,nkgen,2,0.0,3.0,1000000,10,0,4995210,158,47,390
gluten,nkgen,2,0.0,3.0,2154434,10,0,10775856,349,101,828
gluten,nkgen,2,0.0,3.0,4641588,10,0,23160414,816,284,1946
gluten,nkgen,2,0.0,3.0,10000000,10,0,50095691,1834,713,4366
gluten,nkgen,2,0.0,3.0,21544346,10,0,107466531,3987,1464,8864
gluten,nkgen,2,0.0,3.0,46415888,10,0,231904683,8695,2723,18976
gluten,nkgen,2,0.0,3.0,100000000,10,0,500682560,19272,6464,42779
gluten,nkgen,2,0.0,3.0,2154,100,0,103506,0,0,2
gluten,nkgen,2,0.0,3.0,4641,100,0,224451,1,0,8
gluten,nkgen,2,0.0,3.0,10000,100,0,497908,2,0,17
gluten,nkgen,2,0.0,3.0,21544,100,0,1080128,4,1,31
gluten,nkgen,2,0.0,3.0,46415,100,0,2367070,8,2,59
gluten,nkgen,2,0.0,3.0,100000,100,0,5031188,16,4,104
gluten,nkgen,2,0.0,3.0,215443,100,0,10749850,37,13,257
gluten,nkgen,2,0.0,3.0,464158,100,0,23241147,80,28,529
gluten,nkgen,2,0.0,3.0,1000000,100,0,49789092,177,47,1053
gluten,nkgen,2,0.0,3.0,2154434,100,0,107951006,359,100,2168
gluten,nkgen,2,0.0,3.0,4641588,100,0,231653890,804,291,4382
gluten,nkgen,2,0.0,3.0,10000000,100,0,499656037,1844,722,9383
gluten,nkgen,2,0.0,3.0,21544346,100,0,1079601990,3984,1328,19209
gluten,nkgen,2,0.0,3.0,46415888,100,0,2320104025,8695,2610,40865
gluten,nkgen,2,0.0,3.0,100000000,100,0,4998899203,19210,6519,90268
gluten,nkgen,2,0.0,3.0,4641,1000,0,2193871,0,0,49
gluten,nkgen,2,0.0,3.0,10000,1000,0,4983048,2,0,81
gluten,nkgen,2,0.0,3.0,21544,1000,0,10696622,4,0,145
gluten,nkgen,2,0.0,3.0,46415,1000,0,23465654,8,1,314
gluten,nkgen,2,0.0,3.0,100000,1000,0,49934337,16,3,649
gluten,nkgen,2,0.0,3.0,215443,1000,0,109287654,51,31,1437
gluten,nkgen,2,0.0,3.0,464158,1000,0,233566743,79,28,3035
gluten,nkgen,2,0.0,3.0,1000000,1000,0,499631043,177,52,6416
gluten,nkgen,2,0.0,3.0,2154434,1000,0,1080175421,430,95,13730
gluten,nkgen,2,0.0,3.0,4641588,1000,0,2310999564,906,248,29426
gluten,nkgen,2,0.0,3.0,10000000,1000,0,5006963746,1994,567,64872
gluten,nkgen,2,0.0,3.0,21544346,1000,0,10766744394,4077,1286,136985
gluten,nkgen,2,0.0,3.0,46415888,1000,0,23205065540,8765,2573,257901
gluten,nkgen,2,0.0,3.0,100000000,1000,0,49998135381,19247,5603,534509
gluten,nkgen,2,0.5,2.2,2154,10,0,6451,0,2,52
gluten,nkgen,2,0.5,2.2,4641,10,0,11659,1,3,106
gluten,nkgen,2,0.5,2.2,10000,10,0,28219,2,7,313
gluten,nkgen,2,0.5,2.2,21544,10,0,88732,4,14,934
gluten,nkgen,2,0.5,2.2,46415,10,0,151870,8,37,2928
gluten,nkgen,2,0.5,2.2,100000,10,0,376913,17,68,8591
gluten,nkgen,2,0.5,2.2,215443,10,0,861955,38,179,25398
gluten,nkgen,2,0.5,2.2,464158,10,0,1752841,112,368,78113
gluten,nkgen,2,0.5,2.2,1000000,10,0,4091835,218,938,250700
gluten,nkgen,2,0.5,2.2,2154434,10,0,8912342,400,1947,789847
gluten,nkgen,2,0.5,2.2,4641588,10,0,-1,-1,-1,-1
gluten,nkgen,2,0.5,2.2,10000000,10,0,-1,-1,-1,-1
gluten,nkgen,2,0.5,2.2,21544346,10,0,-1,-1,-1,-1
gluten,nkgen,2,0.5,2.2,46415888,10,0,-1,-1,-1,-1
gluten,nkgen,2,0.5,2.2,100000000,10,0,-1,-1,-1,-1
gluten,nkgen,2,0.5,2.2,2154,100,0,34078,0,2,69
gluten,nkgen,2,0.5,2.2,4641,100,0,93104,0,4,109
gluten,nkgen,2,0.5,2.2,10000,100,0,232547,2,7,316
gluten,nkgen,2,0.5,2.2,21544,100,0,626991,3,14,991
gluten,nkgen,2,0.5,2.2,46415,100,0,1359598,8,35,2991
gluten,nkgen,2,0.5,2.2,100000,100,0,3306516,19,68,9172
gluten,nkgen,2,0.5,2.2,215443,100,0,7127275,38,184,27266
gluten,nkgen,2,0.5,2.2,464158,100,0,16344834,113,367,83505
gluten,nkgen,2,0.5,2.2,1000000,100,0,37371256,187,884,256976
gluten,nkgen,2,0.5,2.2,2154434,100,0,-1,-1,-1,-1
gluten,nkgen,2,0.5,2.2,4641588,100,0,-1,-1,-1,-1
gluten,nkgen,2,0.5,2.2,10000000,100,0,-1,-1,-1,-1
gluten,nkgen,2,0.5,2.2,21544346,100,0,-1,-1,-1,-1
gluten,nkgen,2,0.5,2.2,46415888,100,0,-1,-1,-1,-1
gluten,nkgen,2,0.5,2.2,100000000,100,0,-1,-1,-1,-1
gluten,nkgen,2,0.5,2.2,4641,1000,0,680176,30,4,236
gluten,nkgen,2,0.5,2.2,10000,1000,0,1635491,2,7,548
gluten,nkgen,2,0.5,2.2,21544,1000,0,4653282,4,14,1604
gluten,nkgen,2,0.5,2.2,46415,1000,0,10815416,7,35,4648
gluten,nkgen,2,0.5,2.2,100000,1000,0,24924653,17,69,12437
gluten,nkgen,2,0.5,2.2,215443,1000,0,59768220,66,184,35769
gluten,nkgen,2,0.5,2.2,464158,1000,0,135476577,119,367,97850
gluten,nkgen,2,0.5,2.2,1000000,1000,0,315586692,189,879,311352
gluten,nkgen,2,0.5,2.2,2154434,1000,0,-1,-1,-1,-1
gluten,nkgen,2,0.5,2.2,4641588,1000,0,-1,-1,-1,-1
gluten,nkgen,2,0.5,2.2,10000000,1000,0,-1,-1,-1,-1
gluten,nkgen,2,0.5,2.2,21544346,1000,0,-1,-1,-1,-1
gluten,nkgen,2,0.5,2.2,46415888,1000,0,-1,-1,-1,-1
gluten,nkgen,2,0.5,2.2,100000000,1000,0,-1,-1,-1,-1
gluten,nkgen,2,0.5,3.0,2154,10,0,9921,30,1,75
gluten,nkgen,2,0.5,3.0,4641,10,0,22360,1,6,107
gluten,nkgen,2,0.5,3.0,10000,10,0,47056,2,7,289
gluten,nkgen,2,0.5,3.0,21544,10,0,105970,4,14,841
gluten,nkgen,2,0.5,3.0,46415,10,0,232617,14,55,2728
gluten,nkgen,2,0.5,3.0,100000,10,0,501107,29,95,8387
gluten,nkgen,2,0.5,3.0,215443,10,0,1082425,67,184,26677
gluten,nkgen,2,0.5,3.0,464158,10,0,2321504,92,359,79506
gluten,nkgen,2,0.5,3.0,1000000,10,0,4986278,161,911,249708
gluten,nkgen,2,0.5,3.0,2154434,10,0,10781976,350,1947,794142
gluten,nkgen,2,0.5,3.0,4641588,10,0,-1,-1,-1,-1
gluten,nkgen,2,0.5,3.0,10000000,10,0,-1,-1,-1,-1
gluten,nkgen,2,0.5,3.0,21544346,10,0,-1,-1,-1,-1
gluten,nkgen,2,0.5,3.0,46415888,10,0,-1,-1,-1,-1
gluten,nkgen,2,0.5,3.0,100000000,10,0,-1,-1,-1,-1
gluten,nkgen,2,0.5,3.0,2154,100,0,97437,23,2,85
gluten,nkgen,2,0.5,3.0,4641,100,0,230584,1,3,130
gluten,nkgen,2,0.5,3.0,10000,100,0,485267,2,7,383
gluten,nkgen,2,0.5,3.0,21544,100,0,1049772,3,21,979
gluten,nkgen,2,0.5,3.0,46415,100,0,2310734,13,59,3001
gluten,nkgen,2,0.5,3.0,100000,100,0,4991531,31,96,8925
gluten,nkgen,2,0.5,3.0,215443,100,0,10647838,61,200,28566
gluten,nkgen,2,0.5,3.0,464158,100,0,23254372,84,367,87156
gluten,nkgen,2,0.5,3.0,1000000,100,0,49941540,168,899,275732
gluten,nkgen,2,0.5,3.0,2154434,100,0,-1,-1,-1,-1
gluten,nkgen,2,0.5,3.0,4641588,100,0,-1,-1,-1,-1
gluten,nkgen,2,0.5,3.0,10000000,100,0,-1,-1,-1,-1
gluten,nkgen,2,0.5,3.0,21544346,100,0,-1,-1,-1,-1
gluten,nkgen,2,0.5,3.0,46415888,100,0,-1,-1,-1,-1
gluten,nkgen,2,0.5,3.0,100000000,100,0,-1,-1,-1,-1
gluten,nkgen,2,0.5,3.0,4641,1000,0,1774075,30,3,402
gluten,nkgen,2,0.5,3.0,10000,1000,0,4486072,2,7,1034
gluten,nkgen,2,0.5,3.0,21544,1000,0,10044443,3,14,2443
gluten,nkgen,2,0.5,3.0,46415,1000,0,21885884,8,35,6159
gluten,nkgen,2,0.5,3.0,100000,1000,0,48972225,30,70,15086
gluten,nkgen,2,0.5,3.0,215443,1000,0,106802240,57,186,44594
gluten,nkgen,2,0.5,3.0,464158,1000,0,233081305,83,357,116460
gluten,nkgen,2,0.5,3.0,1000000,1000,0,497705874,192,882,341026
gluten,nkgen,2,0.5,3.0,2154434,1000,0,-1,-1,-1,-1
gluten,nkgen,2,0.5,3.0,4641588,1000,0,-1,-1,-1,-1
gluten,nkgen,2,0.5,3.0,10000000,1000,0,-1,-1,-1,-1
gluten,nkgen,2,0.5,3.0,21544346,1000,0,-1,-1,-1,-1
gluten,nkgen,2,0.5,3.0,46415888,1000,0,-1,-1,-1,-1
gluten,nkgen,2,0.5,3.0,100000000,1000,0,-1,-1,-1,-1
gluten,nkgen,2,0.9,2.2,2154,10,0,3063,30,2,83
gluten,nkgen,2,0.9,2.2,4641,10,0,7659,22,5,134
gluten,nkgen,2,0.9,2.2,10000,10,0,17746,2,8,339
gluten,nkgen,2,0.9,2.2,21544,10,0,42287,4,15,931
gluten,nkgen,2,0.9,2.2,46415,10,0,98851,8,35,2965
gluten,nkgen,2,0.9,2.2,100000,10,0,252178,17,68,7990
gluten,nkgen,2,0.9,2.2,215443,10,0,494724,42,182,24922
gluten,nkgen,2,0.9,2.2,464158,10,0,1140579,86,357,81152
gluten,nkgen,2,0.9,2.2,1000000,10,0,2686518,182,916,245766
gluten,nkgen,2,0.9,2.2,2154434,10,0,6404310,387,2003,768575
gluten,nkgen,2,0.9,2.2,4641588,10,0,-1,-1,-1,-1
gluten,nkgen,2,0.9,2.2,10000000,10,0,-1,-1,-1,-1
gluten,nkgen,2,0.9,2.2,21544346,10,0,-1,-1,-1,-1
gluten,nkgen,2,0.9,2.2,46415888,10,0,-1,-1,-1,-1
gluten,nkgen,2,0.9,2.2,100000000,10,0,-1,-1,-1,-1
gluten,nkgen,2,0.9,2.2,2154,100,0,22096,0,2,57
gluten,nkgen,2,0.9,2.2,4641,100,0,51797,1,27,142
gluten,nkgen,2,0.9,2.2,10000,100,0,130136,2,7,301
gluten,nkgen,2,0.9,2.2,21544,100,0,316223,9,14,943
gluten,nkgen,2,0.9,2.2,46415,100,0,786341,15,35,2840
gluten,nkgen,2,0.9,2.2,100000,100,0,1730474,41,109,8379
gluten,nkgen,2,0.9,2.2,215443,100,0,4254977,45,205,29273
gluten,nkgen,2,0.9,2.2,464158,100,0,9359650,84,357,81377
gluten,nkgen,2,0.9,2.2,1000000,100,0,22854549,198,929,256817
gluten,nkgen,2,0.9,2.2,2154434,100,0,-1,-1,-1,-1
gluten,nkgen,2,0.9,2.2,4641588,100,0,-1,-1,-1,-1
gluten,nkgen,2,0.9,2.2,10000000,100,0,-1,-1,-1,-1
gluten,nkgen,2,0.9,2.2,21544346,100,0,-1,-1,-1,-1
gluten,nkgen,2,0.9,2.2,46415888,100,0,-1,-1,-1,-1
gluten,nkgen,2,0.9,2.2,100000000,100,0,-1,-1,-1,-1
gluten,nkgen,2,0.9,2.2,4641,1000,0,315495,30,3,196
gluten,nkgen,2,0.9,2.2,10000,1000,0,859384,2,7,485
gluten,nkgen,2,0.9,2.2,21544,1000,0,2076635,4,14,1309
gluten,nkgen,2,0.9,2.2,46415,1000,0,5166135,23,35,3867
gluten,nkgen,2,0.9,2.2,100000,1000,0,12795553,19,68,11253
gluten,nkgen,2,0.9,2.2,215443,1000,0,31662258,42,180,34830
gluten,nkgen,2,0.9,2.2,464158,1000,0,75005414,118,362,97574
gluten,nkgen,2,0.9,2.2,1000000,1000,0,180137495,188,910,299727
gluten,nkgen,2,0.9,2.2,2154434,1000,0,-1,-1,-1,-1
gluten,nkgen,2,0.9,2.2,4641588,1000,0,-1,-1,-1,-1
gluten,nkgen,2,0.9,2.2,10000000,1000,0,-1,-1,-1,-1
gluten,nkgen,2,0.9,2.2,21544346,1000,0,-1,-1,-1,-1
gluten,nkgen,2,0.9,2.2,46415888,1000,0,-1,-1,-1,-1
gluten,nkgen,2,0.9,2.2,100000000,1000,0,-1,-1,-1,-1
gluten,nkgen,2,0.9,3.0,2154,10,0,6416,29,1,74
gluten,nkgen,2,0.9,3.0,4641,10,0,13436,1,3,102
gluten,nkgen,2,0.9,3.0,10000,10,0,31079,2,7,317
gluten,nkgen,2,0.9,3.0,21544,10,0,70380,3,14,962
gluten,nkgen,2,0.9,3.0,46415,10,0,158990,6,35,3049
gluten,nkgen,2,0.9,3.0,100000,10,0,355891,15,71,8985
gluten,nkgen,2,0.9,3.0,215443,10,0,790194,33,181,27455
gluten,nkgen,2,0.9,3.0,464158,10,0,1756013,109,356,78974
gluten,nkgen,2,0.9,3.0,1000000,10,0,3877250,161,893,248694
gluten,nkgen,2,0.9,3.0,2154434,10,0,8572439,351,2020,779305
gluten,nkgen,2,0.9,3.0,4641588,10,0,-1,-1,-1,-1
gluten,nkgen,2,0.9,3.0,10000000,10,0,-1,-1,-1,-1
gluten,nkgen,2,0.9,3.0,21544346,10,0,-1,-1,-1,-1
gluten,nkgen,2,0.9,3.0,46415888,10,0,-1,-1,-1,-1
gluten,nkgen,2,0.9,3.0,100000000,10,0,-1,-1,-1,-1
gluten,nkgen,2,0.9,3.0,2154,100,0,43157,30,2,80
gluten,nkgen,2,0.9,3.0,4641,100,0,112656,1,4,132
gluten,nkgen,2,0.9,3.0,10000,100,0,262097,1,7,395
gluten,nkgen,2,0.9,3.0,21544,100,0,587987,22,15,1116
gluten,nkgen,2,0.9,3.0,46415,100,0,1372474,7,35,3505
gluten,nkgen,2,0.9,3.0,100000,100,0,3123767,16,69,10262
gluten,nkgen,2,0.9,3.0,215443,100,0,7062465,67,181,30611
gluten,nkgen,2,0.9,3.0,464158,100,0,15939468,74,364,84828
gluten,nkgen,2,0.9,3.0,1000000,100,0,35614805,161,915,265971
gluten,nkgen,2,0.9,3.0,2154434,100,0,-1,-1,-1,-1
gluten,nkgen,2,0.9,3.0,4641588,100,0,-1,-1,-1,-1
gluten,nkgen,2,0.9,3.0,10000000,100,0,-1,-1,-1,-1
gluten,nkgen,2,0.9,3.0,21544346,100,0,-1,-1,-1,-1
gluten,nkgen,2,0.9,3.0,46415888,100,0,-1,-1,-1,-1
gluten,nkgen,2,0.9,3.0,100000000,100,0,-1,-1,-1,-1
gluten,nkgen,2,0.9,3.0,4641,1000,0,732667,29,4,285
gluten,nkgen,2,0.9,3.0,10000,1000,0,1875421,2,7,719
gluten,nkgen,2,0.9,3.0,21544,1000,0,4542259,3,14,1958
gluten,nkgen,2,0.9,3.0,46415,1000,0,11029383,34,35,5348
gluten,nkgen,2,0.9,3.0,100000,1000,0,25838047,28,69,13837
gluten,nkgen,2,0.9,3.0,215443,1000,0,59654375,37,184,41660
gluten,nkgen,2,0.9,3.0,464158,1000,0,137180306,92,361,115423
gluten,nkgen,2,0.9,3.0,1000000,1000,0,313520484,197,946,354705
gluten,nkgen,2,0.9,3.0,2154434,1000,0,-1,-1,-1,-1
gluten,nkgen,2,0.9,3.0,4641588,1000,0,-1,-1,-1,-1
gluten,nkgen,2,0.9,3.0,10000000,1000,0,-1,-1,-1,-1
gluten,nkgen,2,0.9,3.0,21544346,1000,0,-1,-1,-1,-1
gluten,nkgen,2,0.9,3.0,46415888,1000,0,-1,-1,-1,-1
gluten,nkgen,2,0.9,3.0,100000000,1000,0,-1,-1,-1,-1
gluten,nkgen,3,0.0,2.2,2154,10,0,12925,8,0,10
gluten,nkgen,3,0.0,2.2,4641,10,0,18814,1,0,3
gluten,nkgen,3,0.0,2.2,10000,10,0,52535,2,0,7
gluten,nkgen,3,0.0,2.2,21544,10,0,114512,4,1,12
gluten,nkgen,3,0.0,2.2,46415,10,0,253727,8,2,29
gluten,nkgen,3,0.0,2.2,100000,10,0,489149,17,4,47
gluten,nkgen,3,0.0,2.2,215443,10,0,1034703,38,10,108
gluten,nkgen,3,0.0,2.2,464158,10,0,2035434,83,27,217
gluten,nkgen,3,0.0,2.2,1000000,10,0,4679669,183,50,428
gluten,nkgen,3,0.0,2.2,2154434,10,0,10162120,398,95,895
gluten,nkgen,3,0.0,2.2,4641588,10,0,22741579,915,279,2090
gluten,nkgen,3,0.0,2.2,10000000,10,0,51559127,2048,588,4662
gluten,nkgen,3,0.0,2.2,21544346,10,0,103850490,4222,1228,9162
gluten,nkgen,3,0.0,2.2,46415888,10,0,226207755,9056,2664,19974
gluten,nkgen,3,0.0,2.2,100000000,10,0,506979326,19823,5676,44534
gluten,nkgen,3,0.0,2.2,2154,100,0,106152,0,0,3
gluten,nkgen,3,0.0,2.2,4641,100,0,210388,1,0,7
gluten,nkgen,3,0.0,2.2,10000,100,0,502584,2,0,14
gluten,nkgen,3,0.0,2.2,21544,100,0,1015389,4,0,26
gluten,nkgen,3,0.0,2.2,46415,100,0,2289140,8,1,52
gluten,nkgen,3,0.0,2.2,100000,100,0,4751195,17,3,106
gluten,nkgen,3,0.0,2.2,215443,100,0,10960436,36,13,269
gluten,nkgen,3,0.0,2.2,464158,100,0,22954443,80,27,523
gluten,nkgen,3,0.0,2.2,1000000,100,0,48285162,181,55,1033
gluten,nkgen,3,0.0,2.2,2154434,100,0,112020722,399,94,2184
gluten,nkgen,3,0.0,2.2,4641588,100,0,227192582,943,239,4679
gluten,nkgen,3,0.0,2.2,10000000,100,0,486331841,2070,600,10038
gluten,nkgen,3,0.0,2.2,21544346,100,0,1077532797,4472,1256,21023
gluten,nkgen,3,0.0,2.2,46415888,100,0,2320562157,9781,2631,45305
gluten,nkgen,3,0.0,2.2,100000000,100,0,5116146989,21384,5499,103227
gluten,nkgen,3,0.0,2.2,4641,1000,0,1964945,0,0,43
gluten,nkgen,3,0.0,2.2,10000,1000,0,4549821,2,0,81
gluten,nkgen,3,0.0,2.2,21544,1000,0,10018334,4,0,139
gluten,nkgen,3,0.0,2.2,46415,1000,0,22469973,8,1,307
gluten,nkgen,3,0.0,2.2,100000,1000,0,48437853,16,3,633
gluten,nkgen,3,0.0,2.2,215443,1000,0,103938352,36,11,1399
gluten,nkgen,3,0.0,2.2,464158,1000,0,226534857,83,24,3174
gluten,nkgen,3,0.0,2.2,1000000,1000,0,501548521,183,47,6909
gluten,nkgen,3,0.0,2.2,2154434,1000,0,1067267015,400,89,14368
gluten,nkgen,3,0.0,2.2,4641588,1000,0,2309396199,927,242,32161
gluten,nkgen,3,0.0,2.2,10000000,1000,0,4985265148,2071,611,65899
gluten,nkgen,3,0.0,2.2,21544346,1000,0,10620874421,4477,1167,134150
gluten,nkgen,3,0.0,2.2,46415888,1000,0,23113379668,9748,2576,286842
gluten,nkgen,3,0.0,2.2,100000000,1000,0,50376050890,21527,5398,620670
gluten,nkgen,3,0.0,3.0,2154,10,0,10925,0,0,1
gluten,nkgen,3,0.0,3.0,4641,10,0,22735,1,0,3
gluten,nkgen,3,0.0,3.0,10000,10,0,51877,2,0,6
gluten,nkgen,3,0.0,3.0,21544,10,0,105784,4,1,11
gluten,nkgen,3,0.0,3.0,46415,10,0,231640,8,2,23
gluten,nkgen,3,0.0,3.0,100000,10,0,495193,30,4,57
gluten,nkgen,3,0.0,3.0,215443,10,0,1085245,34,14,110
gluten,nkgen,3,0.0,3.0,464158,10,0,2319149,73,28,211
gluten,nkgen,3,0.0,3.0,1000000,10,0,4982909,159,48,391
gluten,nkgen,3,0.0,3.0,2154434,10,0,10768880,348,101,826
gluten,nkgen,3,0.0,3.0,4641588,10,0,23206635,809,283,1946
gluten,nkgen,3,0.0,3.0,10000000,10,0,49898259,1835,650,4289
gluten,nkgen,3,0.0,3.0,21544346,10,0,107468359,3969,1371,8748
gluten,nkgen,3,0.0,3.0,46415888,10,0,231708153,8699,2792,19047
gluten,nkgen,3,0.0,3.0,100000000,10,0,500568683,19257,6294,42693
gluten,nkgen,3,0.0,3.0,2154,100,0,113454,0,0,2
gluten,nkgen,3,0.0,3.0,4641,100,0,222098,1,0,6
gluten,nkgen,3,0.0,3.0,10000,100,0,506151,2,0,15
gluten,nkgen,3,0.0,3.0,21544,100,0,1053777,4,1,28
gluten,nkgen,3,0.0,3.0,46415,100,0,2354286,8,2,56
gluten,nkgen,3,0.0,3.0,100000,100,0,4945343,32,24,137
gluten,nkgen,3,0.0,3.0,215443,100,0,10752493,38,13,259
gluten,nkgen,3,0.0,3.0,464158,100,0,23235919,87,27,527
gluten,nkgen,3,0.0,3.0,1000000,100,0,49884982,174,50,1041
gluten,nkgen,3,0.0,3.0,2154434,100,0,108310428,357,90,2172
gluten,nkgen,3,0.0,3.0,4641588,100,0,231731051,832,235,4345
gluten,nkgen,3,0.0,3.0,10000000,100,0,499337456,1843,592,9248
gluten,nkgen,3,0.0,3.0,21544346,100,0,1075461560,3989,1432,19283
gluten,nkgen,3,0.0,3.0,46415888,100,0,2321705682,8777,2614,40989
gluten,nkgen,3,0.0,3.0,100000000,100,0,5000545432,19204,6248,89597
gluten,nkgen,3,0.0,3.0,4641,1000,0,2174110,5,0,50
gluten,nkgen,3,0.0,3.0,10000,1000,0,4847640,2,0,81
gluten,nkgen,3,0.0,3.0,21544,1000,0,10605026,4,0,144
gluten,nkgen,3,0.0,3.0,46415,1000,0,22793454,7,1,304
gluten,nkgen,3,0.0,3.0,100000,1000,0,50084401,16,3,652
gluten,nkgen,3,0.0,3.0,215443,1000,0,108378022,34,11,1394
gluten,nkgen,3,0.0,3.0,464158,1000,0,230689113,78,28,3018
gluten,nkgen,3,0.0,3.0,1000000,1000,0,501396988,177,53,6425
gluten,nkgen,3,0.0,3.0,2154434,1000,0,1072759572,390,99,14162
gluten,nkgen,3,0.0,3.0,4641588,1000,0,2315801618,933,284,29602
gluten,nkgen,3,0.0,3.0,10000000,1000,0,4994555639,2030,653,64178
gluten,nkgen,3,0.0,3.0,21544346,1000,0,10767785551,4072,1316,137140
gluten,nkgen,3,0.0,3.0,46415888,1000,0,23190578456,8754,2642,258218
gluten,nkgen,3,0.0,3.0,100000000,1000,0,49960906829,19257,5677,533630
gluten,nkgen,3,0.5,2.2,2154,10,0,6542,0,2,49
gluten,nkgen,3,0.5,2.2,4641,10,0,12243,1,4,102
gluten,nkgen,3,0.5,2.2,10000,10,0,39228,2,7,284
gluten,nkgen,3,0.5,2.2,21544,10,0,80561,4,14,848
gluten,nkgen,3,0.5,2.2,46415,10,0,172207,8,35,2682
gluten,nkgen,3,0.5,2.2,100000,10,0,354002,17,71,8181
gluten,nkgen,3,0.5,2.2,215443,10,0,773066,71,185,25663
gluten,nkgen,3,0.5,2.2,464158,10,0,1746673,84,367,79457
gluten,nkgen,3,0.5,2.2,1000000,10,0,4115154,216,890,256419
gluten,nkgen,3,0.5,2.2,2154434,10,0,8970226,417,2027,778324
gluten,nkgen,3,0.5,2.2,4641588,10,0,-1,-1,-1,-1
gluten,nkgen,3,0.5,2.2,10000000,10,0,-1,-1,-1,-1
gluten,nkgen,3,0.5,2.2,21544346,10,0,-1,-1,-1,-1
gluten,nkgen,3,0.5,2.2,46415888,10,0,-1,-1,-1,-1
gluten,nkgen,3,0.5,2.2,100000000,10,0,-1,-1,-1,-1
gluten,nkgen,3,0.5,2.2,2154,100,0,46376,0,2,57
gluten,nkgen,3,0.5,2.2,4641,100,0,103993,1,3,124
gluten,nkgen,3,0.5,2.2,10000,100,0,247709,1,7,331
gluten,nkgen,3,0.5,2.2,21544,100,0,614204,3,14,998
gluten,nkgen,3,0.5,2.2,46415,100,0,1338137,8,35,3241
gluten,nkgen,3,0.5,2.2,100000,100,0,2977936,17,68,9537
gluten,nkgen,3,0.5,2.2,215443,100,0,7424667,40,180,28734
gluten,nkgen,3,0.5,2.2,464158,100,0,16693343,103,363,81045
gluten,nkgen,3,0.5,2.2,1000000,100,0,37016467,188,986,260648
gluten,nkgen,3,0.5,2.2,2154434,100,0,-1,-1,-1,-1
gluten,nkgen,3,0.5,2.2,4641588,100,0,-1,-1,-1,-1
gluten,nkgen,3,0.5,2.2,10000000,100,0,-1,-1,-1,-1
gluten,nkgen,3,0.5,2.2,21544346,100,0,-1,-1,-1,-1
gluten,nkgen,3,0.5,2.2,46415888,100,0,-1,-1,-1,-1
gluten,nkgen,3,0.5,2.2,100000000,100,0,-1,-1,-1,-1
gluten,nkgen,3,0.5,2.2,4641,1000,0,717537,1,4,200
gluten,nkgen,3,0.5,2.2,10000,1000,0,1759067,3,16,514
gluten,nkgen,3,0.5,2.2,21544,1000,0,4506089,33,14,1317
gluten,nkgen,3,0.5,2.2,46415,1000,0,10475138,7,35,3772
gluten,nkgen,3,0.5,2.2,100000,1000,0,24893514,17,68,10844
gluten,nkgen,3,0.5,2.2,215443,1000,0,59324930,68,231,34685
gluten,nkgen,3,0.5,2.2,464158,1000,0,138399510,118,357,100285
gluten,nkgen,3,0.5,2.2,1000000,1000,0,317088725,218,911,308838
gluten,nkgen,3,0.5,2.2,2154434,1000,0,-1,-1,-1,-1
gluten,nkgen,3,0.5,2.2,4641588,1000,0,-1,-1,-1,-1
gluten,nkgen,3,0.5,2.2,10000000,1000,0,-1,-1,-1,-1
gluten,nkgen,3,0.5,2.2,21544346,1000,0,-1,-1,-1,-1
gluten,nkgen,3,0.5,2.2,46415888,1000,0,-1,-1,-1,-1
gluten,nkgen,3,0.5,2.2,100000000,1000,0,-1,-1,-1,-1
gluten,nkgen,3,0.5,3.0,2154,10,0,11493,7,2,57
gluten,nkgen,3,0.5,3.0,4641,10,0,23128,1,3,102
gluten,nkgen,3,0.5,3.0,10000,10,0,47358,2,7,270
gluten,nkgen,3,0.5,3.0,21544,10,0,107051,3,14,834
gluten,nkgen,3,0.5,3.0,46415,10,0,228520,8,35,2702
gluten,nkgen,3,0.5,3.0,100000,10,0,492414,16,69,8102
gluten,nkgen,3,0.5,3.0,215443,10,0,1069179,47,180,28061
gluten,nkgen,3,0.5,3.0,464158,10,0,2307734,77,356,80150
gluten,nkgen,3,0.5,3.0,1000000,10,0,5017822,174,875,251460
gluten,nkgen,3,0.5,3.0,2154434,10,0,10756934,349,1922,788939
gluten,nkgen,3,0.5,3.0,4641588,10,0,-1,-1,-1,-1
gluten,nkgen,3,0.5,3.0,10000000,10,0,-1,-1,-1,-1
gluten,nkgen,3,0.5,3.0,21544346,10,0,-1,-1,-1,-1
gluten,nkgen,3,0.5,3.0,46415888,10,0,-1,-1,-1,-1
gluten,nkgen,3,0.5,3.0,100000000,10,0,-1,-1,-1,-1
gluten,nkgen,3,0.5,3.0,2154,100,0,102945,30,2,96
gluten,nkgen,3,0.5,3.0,4641,100,0,228349,1,4,128
gluten,nkgen,3,0.5,3.0,10000,100,0,489260,2,7,367
gluten,nkgen,3,0.5,3.0,21544,100,0,1067429,3,24,1035
gluten,nkgen,3,0.5,3.0,46415,100,0,2290952,7,35,3196
gluten,nkgen,3,0.5,3.0,100000,100,0,4987625,17,69,9651
gluten,nkgen,3,0.5,3.0,215443,100,0,10866880,70,206,29929
gluten,nkgen,3,0.5,3.0,464158,100,0,23157450,86,364,86969
gluten,nkgen,3,0.5,3.0,1000000,100,0,49915794,168,909,274100
gluten,nkgen,3,0.5,3.0,2154434,100,0,-1,-1,-1,-1
gluten,nkgen,3,0.5,3.0,4641588,100,0,-1,-1,-1,-1
gluten,nkgen,3,0.5,3.0,10000000,100,0,-1,-1,-1,-1
gluten,nkgen,3,0.5,3.0,21544346,100,0,-1,-1,-1,-1
gluten,nkgen,3,0.5,3.0,46415888,100,0,-1,-1,-1,-1
gluten,nkgen,3,0.5,3.0,100000000,100,0,-1,-1,-1,-1
gluten,nkgen,3,0.5,3.0,4641,1000,0,1770906,1,4,359
gluten,nkgen,3,0.5,3.0,10000,1000,0,4390234,2,7,1007
gluten,nkgen,3,0.5,3.0,21544,1000,0,9898963,4,14,2436
gluten,nkgen,3,0.5,3.0,46415,1000,0,22251177,8,35,6242
gluten,nkgen,3,0.5,3.0,100000,1000,0,49399653,19,68,14981
gluten,nkgen,3,0.5,3.0,215443,1000,0,105856152,37,183,42906
gluten,nkgen,3,0.5,3.0,464158,1000,0,230689666,117,365,114955
gluten,nkgen,3,0.5,3.0,1000000,1000,0,498634240,215,916,342009
gluten,nkgen,3,0.5,3.0,2154434,1000,0,-1,-1,-1,-1
gluten,nkgen,3,0.5,3.0,4641588,1000,0,-1,-1,-1,-1
gluten,nkgen,3,0.5,3.0,10000000,1000,0,-1,-1,-1,-1
gluten,nkgen,3,0.5,3.0,21544346,1000,0,-1,-1,-1,-1
gluten,nkgen,3,0.5,3.0,46415888,1000,0,-1,-1,-1,-1
gluten,nkgen,3,0.5,3.0,100000000,1000,0,-1,-1,-1,-1
gluten,nkgen,3,0.9,2.2,2154,10,0,2818,30,2,84
gluten,nkgen,3,0.9,2.2,4641,10,0,6585,7,5,106
gluten,nkgen,3,0.9,2.2,10000,10,0,16267,2,7,285
gluten,nkgen,3,0.9,2.2,21544,10,0,38215,4,14,859
gluten,nkgen,3,0.9,2.2,46415,10,0,99716,8,35,2871
gluten,nkgen,3,0.9,2.2,100000,10,0,248925,17,69,8444
gluten,nkgen,3,0.9,2.2,215443,10,0,502610,59,185,26579
gluten,nkgen,3,0.9,2.2,464158,10,0,1272428,89,357,75120
gluten,nkgen,3,0.9,2.2,1000000,10,0,2875505,218,933,246829
gluten,nkgen,3,0.9,2.2,2154434,10,0,6024611,374,1924,773183
gluten,nkgen,3,0.9,2.2,4641588,10,0,-1,-1,-1,-1
gluten,nkgen,3,0.9,2.2,10000000,10,0,-1,-1,-1,-1
gluten,nkgen,3,0.9,2.2,21544346,10,0,-1,-1,-1,-1
gluten,nkgen,3,0.9,2.2,46415888,10,0,-1,-1,-1,-1
gluten,nkgen,3,0.9,2.2,100000000,10,0,-1,-1,-1,-1
gluten,nkgen,3,0.9,2.2,2154,100,0,21563,29,1,83
gluten,nkgen,3,0.9,2.2,4641,100,0,44784,6,5,113
gluten,nkgen,3,0.9,2.2,10000,100,0,137247,2,7,317
gluten,nkgen,3,0.9,2.2,21544,100,0,296045,18,15,1024
gluten,nkgen,3,0.9,2.2,46415,100,0,731544,7,35,3235
gluten,nkgen,3,0.9,2.2,100000,100,0,1720200,21,68,8614
gluten,nkgen,3,0.9,2.2,215443,100,0,4179332,67,182,27742
gluten,nkgen,3,0.9,2.2,464158,100,0,9319865,86,366,78983
gluten,nkgen,3,0.9,2.2,1000000,100,0,21837534,187,888,253415
gluten,nkgen,3,0.9,2.2,2154434,100,0,-1,-1,-1,-1
gluten,nkgen,3,0.9,2.2,4641588,100,0,-1,-1,-1,-1
gluten,nkgen,3,0.9,2.2,10000000,100,0,-1,-1,-1,-1
gluten,nkgen,3,0.9,2.2,21544346,100,0,-1,-1,-1,-1
gluten,nkgen,3,0.9,2.2,46415888,100,0,-1,-1,-1,-1
gluten,nkgen,3,0.9,2.2,100000000,100,0,-1,-1,-1,-1
gluten,nkgen,3,0.9,2.2,4641,1000,0,320137,14,7,201
gluten,nkgen,3,0.9,2.2,10000,1000,0,892584,2,8,487
gluten,nkgen,3,0.9,2.2,21544,1000,0,2134686,4,15,1304
gluten,nkgen,3,0.9,2.2,46415,1000,0,5322658,8,35,3980
gluten,nkgen,3,0.9,2.2,100000,1000,0,13212547,17,69,11486
gluten,nkgen,3,0.9,2.2,215443,1000,0,31198811,47,183,35316
gluten,nkgen,3,0.9,2.2,464158,1000,0,73627464,84,359,93040
gluten,nkgen,3,0.9,2.2,1000000,1000,0,175611459,188,918,301963
gluten,nkgen,3,0.9,2.2,2154434,1000,0,-1,-1,-1,-1
gluten,nkgen,3,0.9,2.2,4641588,1000,0,-1,-1,-1,-1
gluten,nkgen,3,0.9,2.2,10000000,1000,0,-1,-1,-1,-1
gluten,nkgen,3,0.9,2.2,21544346,1000,0,-1,-1,-1,-1
gluten,nkgen,3,0.9,2.2,46415888,1000,0,-1,-1,-1,-1
gluten,nkgen,3,0.9,2.2,100000000,1000,0,-1,-1,-1,-1
gluten,nkgen,3,0.9,3.0,2154,10,0,5647,30,1,78
gluten,nkgen,3,0.9,3.0,4641,10,0,13897,21,3,121
gluten,nkgen,3,0.9,3.0,10000,10,0,30785,2,8,298
gluten,nkgen,3,0.9,3.0,21544,10,0,68128,27,15,956
gluten,nkgen,3,0.9,3.0,46415,10,0,157562,14,55,2710
gluten,nkgen,3,0.9,3.0,100000,10,0,352306,27,96,7865
gluten,nkgen,3,0.9,3.0,215443,10,0,785186,78,190,26866
gluten,nkgen,3,0.9,3.0,464158,10,0,1753506,109,361,77456
gluten,nkgen,3,0.9,3.0,1000000,10,0,3890552,191,871,247223
gluten,nkgen,3,0.9,3.0,2154434,10,0,8521376,348,2023,763438
gluten,nkgen,3,0.9,3.0,4641588,10,0,-1,-1,-1,-1
gluten,nkgen,3,0.9,3.0,10000000,10,0,-1,-1,-1,-1
gluten,nkgen,3,0.9,3.0,21544346,10,0,-1,-1,-1,-1
gluten,nkgen,3,0.9,3.0,46415888,10,0,-1,-1,-1,-1
gluten,nkgen,3,0.9,3.0,100000000,10,0,-1,-1,-1,-1
gluten,nkgen,3,0.9,3.0,2154,100,0,46623,0,2,62
gluten,nkgen,3,0.9,3.0,4641,100,0,108342,1,3,128
gluten,nkgen,3,0.9,3.0,10000,100,0,257763,2,7,372
gluten,nkgen,3,0.9,3.0,21544,100,0,603263,4,14,1115
gluten,nkgen,3,0.9,3.0,46415,100,0,1362791,8,35,3449
gluten,nkgen,3,0.9,3.0,100000,100,0,3136162,17,69,10384
gluten,nkgen,3,0.9,3.0,215443,100,0,7084444,34,179,30725
gluten,nkgen,3,0.9,3.0,464158,100,0,15918886,98,403,86443
gluten,nkgen,3,0.9,3.0,1000000,100,0,35447507,201,980,264033
gluten,nkgen,3,0.9,3.0,2154434,100,0,-1,-1,-1,-1
gluten,nkgen,3,0.9,3.0,4641588,100,0,-1,-1,-1,-1
gluten,nkgen,3,0.9,3.0,10000000,100,0,-1,-1,-1,-1
gluten,nkgen,3,0.9,3.0,21544346,100,0,-1,-1,-1,-1
gluten,nkgen,3,0.9,3.0,46415888,100,0,-1,-1,-1,-1
gluten,nkgen,3,0.9,3.0,100000000,100,0,-1,-1,-1,-1
gluten,nkgen,3,0.9,3.0,4641,1000,0,748291,4,4,263
gluten,nkgen,3,0.9,3.0,10000,1000,0,1905086,24,7,748
gluten,nkgen,3,0.9,3.0,21544,1000,0,4535741,4,14,1927
gluten,nkgen,3,0.9,3.0,46415,1000,0,10993254,8,35,5502
gluten,nkgen,3,0.9,3.0,100000,1000,0,25846526,17,69,14585
gluten,nkgen,3,0.9,3.0,215443,1000,0,59605722,42,184,42330
gluten,nkgen,3,0.9,3.0,464158,1000,0,137145934,85,368,119733
gluten,nkgen,3,0.9,3.0,1000000,1000,0,312611324,192,915,352325
gluten,nkgen,3,0.9,3.0,2154434,1000,0,-1,-1,-1,-1
gluten,nkgen,3,0.9,3.0,4641588,1000,0,-1,-1,-1,-1
gluten,nkgen,3,0.9,3.0,10000000,1000,0,-1,-1,-1,-1
gluten,nkgen,3,0.9,3.0,21544346,1000,0,-1,-1,-1,-1
gluten,nkgen,3,0.9,3.0,46415888,1000,0,-1,-1,-1,-1
gluten,nkgen,3,0.9,3.0,100000000,1000,0,-1,-1,-1,-1
gluten,nkgen,4,0.0,2.2,2154,10,0,10995,29,23,54
gluten,nkgen,4,0.0,2.2,4641,10,0,21407,1,0,2
gluten,nkgen,4,0.0,2.2,10000,10,0,51860,2,0,5
gluten,nkgen,4,0.0,2.2,21544,10,0,106134,4,1,10
gluten,nkgen,4,0.0,2.2,46415,10,0,226502,8,2,21
gluten,nkgen,4,0.0,2.2,100000,10,0,483215,17,4,43
gluten,nkgen,4,0.0,2.2,215443,10,0,1040867,36,14,112
gluten,nkgen,4,0.0,2.2,464158,10,0,2147409,84,28,219
gluten,nkgen,4,0.0,2.2,1000000,10,0,5392179,181,51,429
gluten,nkgen,4,0.0,2.2,2154434,10,0,10447162,399,93,902
gluten,nkgen,4,0.0,2.2,4641588,10,0,23095038,886,248,2061
gluten,nkgen,4,0.0,2.2,10000000,10,0,48669032,1978,593,4519
gluten,nkgen,4,0.0,2.2,21544346,10,0,114304549,4176,1294,9677
gluten,nkgen,4,0.0,2.2,46415888,10,0,223789031,9055,2721,20066
gluten,nkgen,4,0.0,2.2,100000000,10,0,508580639,19767,5770,45275
gluten,nkgen,4,0.0,2.2,2154,100,0,93061,0,0,4
gluten,nkgen,4,0.0,2.2,4641,100,0,201343,1,0,8
gluten,nkgen,4,0.0,2.2,10000,100,0,490476,2,0,18
gluten,nkgen,4,0.0,2.2,21544,100,0,953463,4,1,30
gluten,nkgen,4,0.0,2.2,46415,100,0,2166123,8,2,55
gluten,nkgen,4,0.0,2.2,100000,100,0,4781349,17,4,104
gluten,nkgen,4,0.0,2.2,215443,100,0,10840568,36,13,276
gluten,nkgen,4,0.0,2.2,464158,100,0,22126623,83,27,529
gluten,nkgen,4,0.0,2.2,1000000,100,0,51147791,218,51,1138
gluten,nkgen,4,0.0,2.2,2154434,100,0,105699219,398,98,2168
gluten,nkgen,4,0.0,2.2,4641588,100,0,227270932,929,248,4648
gluten,nkgen,4,0.0,2.2,10000000,100,0,488332995,1990,601,10127
gluten,nkgen,4,0.0,2.2,21544346,100,0,1054564310,4420,1224,20914
gluten,nkgen,4,0.0,2.2,46415888,100,0,2366172521,9777,2679,47223
gluten,nkgen,4,0.0,2.2,100000000,100,0,5003551193,21399,5396,97925
gluten,nkgen,4,0.0,2.2,4641,1000,0,2032986,0,0,44
gluten,nkgen,4,0.0,2.2,10000,1000,0,4480430,2,0,78
gluten,nkgen,4,0.0,2.2,21544,1000,0,10053729,4,0,139
gluten,nkgen,4,0.0,2.2,46415,1000,0,21210375,8,1,295
gluten,nkgen,4,0.0,2.2,100000,1000,0,47862205,16,3,633
gluten,nkgen,4,0.0,2.2,215443,1000,0,104789580,35,11,1396
gluten,nkgen,4,0.0,2.2,464158,1000,0,228762764,84,27,3095
gluten,nkgen,4,0.0,2.2,1000000,1000,0,498041773,184,50,6632
gluten,nkgen,4,0.0,2.2,2154434,1000,0,1056622509,399,97,14387
gluten,nkgen,4,0.0,2.2,4641588,1000,0,2302682243,929,234,31889
gluten,nkgen,4,0.0,2.2,10000000,1000,0,5063704367,1968,598,65362
gluten,nkgen,4,0.0,2.2,21544346,1000,0,10672207531,4428,1185,136933
gluten,nkgen,4,0.0,2.2,46415888,1000,0,23317143785,9771,2485,289440
gluten,nkgen,4,0.0,2.2,100000000,1000,0,49800753662,21525,5179,613139
gluten,nkgen,4,0.0,3.0,2154,10,0,11319,25,21,46
gluten,nkgen,4,0.0,3.0,4641,10,0,22183,1,0,2
gluten,nkgen,4,0.0,3.0,10000,10,0,47370,2,0,5
gluten,nkgen,4,0.0,3.0,21544,10,0,111009,4,1,10
gluten,nkgen,4,0.0,3.0,46415,10,0,225052,8,1,20
gluten,nkgen,4,0.0,3.0,100000,10,0,502937,16,3,41
gluten,nkgen,4,0.0,3.0,215443,10,0,1080667,34,13,106
gluten,nkgen,4,0.0,3.0,464158,10,0,2299332,73,27,209
gluten,nkgen,4,0.0,3.0,1000000,10,0,4968713,160,46,377
gluten,nkgen,4,0.0,3.0,2154434,10,0,10718123,349,105,834
gluten,nkgen,4,0.0,3.0,4641588,10,0,23264847,774,254,1882
gluten,nkgen,4,0.0,3.0,10000000,10,0,49875820,1735,670,4217
gluten,nkgen,4,0.0,3.0,21544346,10,0,107599985,3909,1424,8722
gluten,nkgen,4,0.0,3.0,46415888,10,0,231633272,8698,2637,18890
gluten,nkgen,4,0.0,3.0,100000000,10,0,500692081,19256,6409,42711
gluten,nkgen,4,0.0,3.0,2154,100,0,106481,0,0,2
gluten,nkgen,4,0.0,3.0,4641,100,0,225574,1,0,8
gluten,nkgen,4,0.0,3.0,10000,100,0,497286,2,0,17
gluten,nkgen,4,0.0,3.0,21544,100,0,1079624,4,1,35
gluten,nkgen,4,0.0,3.0,46415,100,0,2312778,8,2,55
gluten,nkgen,4,0.0,3.0,100000,100,0,4932641,16,4,103
gluten,nkgen,4,0.0,3.0,215443,100,0,10777291,35,13,252
gluten,nkgen,4,0.0,3.0,464158,100,0,23221666,80,28,528
gluten,nkgen,4,0.0,3.0,1000000,100,0,49918649,176,39,1038
gluten,nkgen,4,0.0,3.0,2154434,100,0,108230297,357,95,2397
gluten,nkgen,4,0.0,3.0,4641588,100,0,232464932,795,283,4543
gluten,nkgen,4,0.0,3.0,10000000,100,0,500537763,1766,678,9273
gluten,nkgen,4,0.0,3.0,21544346,100,0,1076024307,3931,1392,19309
gluten,nkgen,4,0.0,3.0,46415888,100,0,2321294804,8704,2686,40994
gluten,nkgen,4,0.0,3.0,100000000,100,0,4995694681,19210,6360,90134
gluten,nkgen,4,0.0,3.0,4641,1000,0,2189395,0,0,46
gluten,nkgen,4,0.0,3.0,10000,1000,0,4836142,2,0,85
gluten,nkgen,4,0.0,3.0,21544,1000,0,10501616,4,0,143
gluten,nkgen,4,0.0,3.0,46415,1000,0,23299656,8,1,317
gluten,nkgen,4,0.0,3.0,100000,1000,0,49997724,16,3,633
gluten,nkgen,4,0.0,3.0,215443,1000,0,107582899,35,13,1401
gluten,nkgen,4,0.0,3.0,464158,1000,0,233632765,78,27,3030
gluten,nkgen,4,0.0,3.0,1000000,1000,0,500742040,178,52,6435
gluten,nkgen,4,0.0,3.0,2154434,1000,0,1076569633,391,92,13628
gluten,nkgen,4,0.0,3.0,4641588,1000,0,2322788277,868,248,29685
gluten,nkgen,4,0.0,3.0,10000000,1000,0,4998532483,1925,601,64277
gluten,nkgen,4,0.0,3.0,21544346,1000,0,10782941508,4018,1226,137081
gluten,nkgen,4,0.0,3.0,46415888,1000,0,23193734537,8722,2602,258276
gluten,nkgen,4,0.0,3.0,100000000,1000,0,50015135057,19257,5633,534863
gluten,nkgen,4,0.5,2.2,2154,10,0,6461,26,2,72
gluten,nkgen,4,0.5,2.2,4641,10,0,11400,7,4,99
gluten,nkgen,4,0.5,2.2,10000,10,0,29790,2,7,302
gluten,nkgen,4,0.5,2.2,21544,10,0,61929,4,14,871
gluten,nkgen,4,0.5,2.2,46415,10,0,163877,7,35,2830
gluten,nkgen,4,0.5,2.2,100000,10,0,424017,19,68,8187
gluten,nkgen,4,0.5,2.2,215443,10,0,771821,50,183,25518
gluten,nkgen,4,0.5,2.2,464158,10,0,1910168,89,362,79866
gluten,nkgen,4,0.5,2.2,1000000,10,0,3776682,219,917,250635
gluten,nkgen,4,0.5,2.2,2154434,10,0,8413360,428,1959,778651
gluten,nkgen,4,0.5,2.2,4641588,10,0,-1,-1,-1,-1
gluten,nkgen,4,0.5,2.2,10000000,10,0,-1,-1,-1,-1
gluten,nkgen,4,0.5,2.2,21544346,10,0,-1,-1,-1,-1
gluten,nkgen,4,0.5,2.2,46415888,10,0,-1,-1,-1,-1
gluten,nkgen,4,0.5,2.2,100000000,10,0,-1,-1,-1,-1
gluten,nkgen,4,0.5,2.2,2154,100,0,42682,8,2,65
gluten,nkgen,4,0.5,2.2,4641,100,0,108593,1,5,118
gluten,nkgen,4,0.5,2.2,10000,100,0,268064,2,7,326
gluten,nkgen,4,0.5,2.2,21544,100,0,566200,7,26,927
gluten,nkgen,4,0.5,2.2,46415,100,0,1340899,7,35,2872
gluten,nkgen,4,0.5,2.2,100000,100,0,3327537,17,69,8535
gluten,nkgen,4,0.5,2.2,215443,100,0,7181795,62,197,29846
gluten,nkgen,4,0.5,2.2,464158,100,0,15750181,86,359,81178
gluten,nkgen,4,0.5,2.2,1000000,100,0,37481511,188,947,263666
gluten,nkgen,4,0.5,2.2,2154434,100,0,-1,-1,-1,-1
gluten,nkgen,4,0.5,2.2,4641588,100,0,-1,-1,-1,-1
gluten,nkgen,4,0.5,2.2,10000000,100,0,-1,-1,-1,-1
gluten,nkgen,4,0.5,2.2,21544346,100,0,-1,-1,-1,-1
gluten,nkgen,4,0.5,2.2,46415888,100,0,-1,-1,-1,-1
gluten,nkgen,4,0.5,2.2,100000000,100,0,-1,-1,-1,-1
gluten,nkgen,4,0.5,2.2,4641,1000,0,698043,30,3,220
gluten,nkgen,4,0.5,2.2,10000,1000,0,1660835,3,14,522
gluten,nkgen,4,0.5,2.2,21544,1000,0,4453522,3,14,1442
gluten,nkgen,4,0.5,2.2,46415,1000,0,10506628,12,35,4174
gluten,nkgen,4,0.5,2.2,100000,1000,0,25355472,17,69,11398
gluten,nkgen,4,0.5,2.2,215443,1000,0,59938834,42,181,36825
gluten,nkgen,4,0.5,2.2,464158,1000,0,133593266,84,362,98617
gluten,nkgen,4,0.5,2.2,1000000,1000,0,319796027,188,895,307124
gluten,nkgen,4,0.5,2.2,2154434,1000,0,-1,-1,-1,-1
gluten,nkgen,4,0.5,2.2,4641588,1000,0,-1,-1,-1,-1
gluten,nkgen,4,0.5,2.2,10000000,1000,0,-1,-1,-1,-1
gluten,nkgen,4,0.5,2.2,21544346,1000,0,-1,-1,-1,-1
gluten,nkgen,4,0.5,2.2,46415888,1000,0,-1,-1,-1,-1
gluten,nkgen,4,0.5,2.2,100000000,1000,0,-1,-1,-1,-1
gluten,nkgen,4,0.5,3.0,2154,10,0,11460,30,1,85
gluten,nkgen,4,0.5,3.0,4641,10,0,24847,1,3,103
gluten,nkgen,4,0.5,3.0,10000,10,0,49478,2,7,312
gluten,nkgen,4,0.5,3.0,21544,10,0,105499,7,26,995
gluten,nkgen,4,0.5,3.0,46415,10,0,229416,15,55,2873
gluten,nkgen,4,0.5,3.0,100000,10,0,509179,29,97,8287
gluten,nkgen,4,0.5,3.0,215443,10,0,1080317,53,183,26774
gluten,nkgen,4,0.5,3.0,464158,10,0,2327727,118,410,79370
gluten,nkgen,4,0.5,3.0,1000000,10,0,4986482,175,874,252932
gluten,nkgen,4,0.5,3.0,2154434,10,0,10774917,353,1900,790003
gluten,nkgen,4,0.5,3.0,4641588,10,0,-1,-1,-1,-1
gluten,nkgen,4,0.5,3.0,10000000,10,0,-1,-1,-1,-1
gluten,nkgen,4,0.5,3.0,21544346,10,0,-1,-1,-1,-1
gluten,nkgen,4,0.5,3.0,46415888,10,0,-1,-1,-1,-1
gluten,nkgen,4,0.5,3.0,100000000,10,0,-1,-1,-1,-1
gluten,nkgen,4,0.5,3.0,2154,100,0,101385,30,2,94
gluten,nkgen,4,0.5,3.0,4641,100,0,227002,1,4,116
gluten,nkgen,4,0.5,3.0,10000,100,0,470632,2,7,322
gluten,nkgen,4,0.5,3.0,21544,100,0,1043474,3,14,917
gluten,nkgen,4,0.5,3.0,46415,100,0,2333199,8,34,2924
gluten,nkgen,4,0.5,3.0,100000,100,0,4985008,17,69,9339
gluten,nkgen,4,0.5,3.0,215443,100,0,10826832,65,183,29436
gluten,nkgen,4,0.5,3.0,464158,100,0,23634844,117,360,88651
gluten,nkgen,4,0.5,3.0,1000000,100,0,49885853,206,896,282251
gluten,nkgen,4,0.5,3.0,2154434,100,0,-1,-1,-1,-1
gluten,nkgen,4,0.5,3.0,4641588,100,0,-1,-1,-1,-1
gluten,nkgen,4,0.5,3.0,10000000,100,0,-1,-1,-1,-1
gluten,nkgen,4,0.5,3.0,21544346,100,0,-1,-1,-1,-1
gluten,nkgen,4,0.5,3.0,46415888,100,0,-1,-1,-1,-1
gluten,nkgen,4,0.5,3.0,100000000,100,0,-1,-1,-1,-1
gluten,nkgen,4,0.5,3.0,4641,1000,0,1766618,30,4,363
gluten,nkgen,4,0.5,3.0,10000,1000,0,4347777,2,7,857
gluten,nkgen,4,0.5,3.0,21544,1000,0,10006856,19,14,2207
gluten,nkgen,4,0.5,3.0,46415,1000,0,22166671,8,35,6409
gluten,nkgen,4,0.5,3.0,100000,1000,0,49523536,17,69,15392
gluten,nkgen,4,0.5,3.0,215443,1000,0,107667801,39,185,44632
gluten,nkgen,4,0.5,3.0,464158,1000,0,230915842,94,358,114468
gluten,nkgen,4,0.5,3.0,1000000,1000,0,499869145,181,916,348006
gluten,nkgen,4,0.5,3.0,2154434,1000,0,-1,-1,-1,-1
gluten,nkgen,4,0.5,3.0,4641588,1000,0,-1,-1,-1,-1
gluten,nkgen,4,0.5,3.0,10000000,1000,0,-1,-1,-1,-1
gluten,nkgen,4,0.5,3.0,21544346,1000,0,-1,-1,-1,-1
gluten,nkgen,4,0.5,3.0,46415888,1000,0,-1,-1,-1,-1
gluten,nkgen,4,0.5,3.0,100000000,1000,0,-1,-1,-1,-1
gluten,nkgen,4,0.9,2.2,2154,10,0,4082,0,2,52
gluten,nkgen,4,0.9,2.2,4641,10,0,8316,1,4,103
gluten,nkgen,4,0.9,2.2,10000,10,0,14782,2,7,268
gluten,nkgen,4,0.9,2.2,21544,10,0,37416,3,14,775
gluten,nkgen,4,0.9,2.2,46415,10,0,108211,8,35,2676
gluten,nkgen,4,0.9,2.2,100000,10,0,217965,30,68,7960
gluten,nkgen,4,0.9,2.2,215443,10,0,540069,71,181,26892
gluten,nkgen,4,0.9,2.2,464158,10,0,1280680,117,366,79108
gluten,nkgen,4,0.9,2.2,1000000,10,0,2732358,182,913,250150
gluten,nkgen,4,0.9,2.2,2154434,10,0,5975925,375,1935,772038
gluten,nkgen,4,0.9,2.2,4641588,10,0,-1,-1,-1,-1
gluten,nkgen,4,0.9,2.2,10000000,10,0,-1,-1,-1,-1
gluten,nkgen,4,0.9,2.2,21544346,10,0,-1,-1,-1,-1
gluten,nkgen,4,0.9,2.2,46415888,10,0,-1,-1,-1,-1
gluten,nkgen,4,0.9,2.2,100000000,10,0,-1,-1,-1,-1
gluten,nkgen,4,0.9,2.2,2154,100,0,22057,10,2,62
gluten,nkgen,4,0.9,2.2,4641,100,0,53514,1,4,109
gluten,nkgen,4,0.9,2.2,10000,100,0,122943,2,7,316
gluten,nkgen,4,0.9,2.2,21544,100,0,304615,4,14,867
gluten,nkgen,4,0.9,2.2,46415,100,0,754430,8,35,2736
gluten,nkgen,4,0.9,2.2,100000,100,0,1807991,16,68,8047
gluten,nkgen,4,0.9,2.2,215443,100,0,3983904,38,179,26330
gluten,nkgen,4,0.9,2.2,464158,100,0,10125045,84,367,79691
gluten,nkgen,4,0.9,2.2,1000000,100,0,22553045,204,920,259077
gluten,nkgen,4,0.9,2.2,2154434,100,0,-1,-1,-1,-1
gluten,nkgen,4,0.9,2.2,4641588,100,0,-1,-1,-1,-1
gluten,nkgen,4,0.9,2.2,10000000,100,0,-1,-1,-1,-1
gluten,nkgen,4,0.9,2.2,21544346,100,0,-1,-1,-1,-1
gluten,nkgen,4,0.9,2.2,46415888,100,0,-1,-1,-1,-1
gluten,nkgen,4,0.9,2.2,100000000,100,0,-1,-1,-1,-1
gluten,nkgen,4,0.9,2.2,4641,1000,0,306644,4,4,175
gluten,nkgen,4,0.9,2.2,10000,1000,0,828156,2,14,464
gluten,nkgen,4,0.9,2.2,21544,1000,0,2137396,4,14,1217
gluten,nkgen,4,0.9,2.2,46415,1000,0,5308162,8,35,3734
gluten,nkgen,4,0.9,2.2,100000,1000,0,13052458,17,68,10614
gluten,nkgen,4,0.9,2.2,215443,1000,0,31415958,38,182,34643
gluten,nkgen,4,0.9,2.2,464158,1000,0,74504338,86,356,97195
gluten,nkgen,4,0.9,2.2,1000000,1000,0,180898383,184,893,301686
gluten,nkgen,4,0.9,2.2,2154434,1000,0,-1,-1,-1,-1
gluten,nkgen,4,0.9,2.2,4641588,1000,0,-1,-1,-1,-1
gluten,nkgen,4,0.9,2.2,10000000,1000,0,-1,-1,-1,-1
gluten,nkgen,4,0.9,2.2,21544346,1000,0,-1,-1,-1,-1
gluten,nkgen,4,0.9,2.2,46415888,1000,0,-1,-1,-1,-1
gluten,nkgen,4,0.9,2.2,100000000,1000,0,-1,-1,-1,-1
gluten,nkgen,4,0.9,3.0,2154,10,0,6629,27,1,80
gluten,nkgen,4,0.9,3.0,4641,10,0,13427,4,4,106
gluten,nkgen,4,0.9,3.0,10000,10,0,32031,2,7,320
gluten,nkgen,4,0.9,3.0,21544,10,0,70116,3,14,940
gluten,nkgen,4,0.9,3.0,46415,10,0,164735,7,35,2992
gluten,nkgen,4,0.9,3.0,100000,10,0,355573,15,69,7709
gluten,nkgen,4,0.9,3.0,215443,10,0,787244,54,198,25437
gluten,nkgen,4,0.9,3.0,464158,10,0,1762439,116,396,78091
gluten,nkgen,4,0.9,3.0,1000000,10,0,3889462,160,877,248994
gluten,nkgen,4,0.9,3.0,2154434,10,0,8575586,387,2197,764683
gluten,nkgen,4,0.9,3.0,4641588,10,0,-1,-1,-1,-1
gluten,nkgen,4,0.9,3.0,10000000,10,0,-1,-1,-1,-1
gluten,nkgen,4,0.9,3.0,21544346,10,0,-1,-1,-1,-1
gluten,nkgen,4,0.9,3.0,46415888,10,0,-1,-1,-1,-1
gluten,nkgen,4,0.9,3.0,100000000,10,0,-1,-1,-1,-1
gluten,nkgen,4,0.9,3.0,2154,100,0,45082,6,2,72
gluten,nkgen,4,0.9,3.0,4641,100,0,108978,23,5,154
gluten,nkgen,4,0.9,3.0,10000,100,0,264931,2,7,348
gluten,nkgen,4,0.9,3.0,21544,100,0,593012,4,14,975
gluten,nkgen,4,0.9,3.0,46415,100,0,1359604,24,34,2934
gluten,nkgen,4,0.9,3.0,100000,100,0,3121538,34,70,9459
gluten,nkgen,4,0.9,3.0,215443,100,0,7047191,57,223,29164
gluten,nkgen,4,0.9,3.0,464158,100,0,15862066,83,427,84426
gluten,nkgen,4,0.9,3.0,1000000,100,0,35533453,164,898,258276
gluten,nkgen,4,0.9,3.0,2154434,100,0,-1,-1,-1,-1
gluten,nkgen,4,0.9,3.0,4641588,100,0,-1,-1,-1,-1
gluten,nkgen,4,0.9,3.0,10000000,100,0,-1,-1,-1,-1
gluten,nkgen,4,0.9,3.0,21544346,100,0,-1,-1,-1,-1
gluten,nkgen,4,0.9,3.0,46415888,100,0,-1,-1,-1,-1
gluten,nkgen,4,0.9,3.0,100000000,100,0,-1,-1,-1,-1
gluten,nkgen,4,0.9,3.0,4641,1000,0,745517,1,4,257
gluten,nkgen,4,0.9,3.0,10000,1000,0,1881036,3,14,714
gluten,nkgen,4,0.9,3.0,21544,1000,0,4547194,4,14,1803
gluten,nkgen,4,0.9,3.0,46415,1000,0,10902607,7,35,4948
gluten,nkgen,4,0.9,3.0,100000,1000,0,25781284,18,69,14920
gluten,nkgen,4,0.9,3.0,215443,1000,0,59882698,50,185,42410
gluten,nkgen,4,0.9,3.0,464158,1000,0,136463012,118,359,112808
gluten,nkgen,4,0.9,3.0,1000000,1000,0,312033152,197,918,357274
gluten,nkgen,4,0.9,3.0,2154434,1000,0,-1,-1,-1,-1
gluten,nkgen,4,0.9,3.0,4641588,1000,0,-1,-1,-1,-1
gluten,nkgen,4,0.9,3.0,10000000,1000,0,-1,-1,-1,-1
gluten,nkgen,4,0.9,3.0,21544346,1000,0,-1,-1,-1,-1
gluten,nkgen,4,0.9,3.0,46415888,1000,0,-1,-1,-1,-1
gluten,nkgen,4,0.9,3.0,100000000,1000,0,-1,-1,-1,-1
